Morphology,Phase,Ni ,Co ,Fe ,Al ,Mo ,Zn ,Mn ,Cr ,Cu,Mg,Nb,Sn,Ga,Al,Fe,Zn,La,WE,Overpotential(mV)
0.5,0.5,0.0,0.32,0.0,0.0,0.0,0.0,0.0,0.0,0.23,0.3,0.0,0.15,0.0,0.0,0.0,0.0,0.0,0.1,416.51233504702344
0.3,0.1,0.0,0.0,0.23,0.0,0.0,0.22,0.18,0.2,0.17,0.0,0.0,0.0,0.0,0.6,0.76,0.4,0.24,0.6,502.5111088366953
0.4,0.3,0.25,0.0,0.2,0.0,0.0,0.27,0.0,0.0,0.0,0.15,0.13,0.0,0.0,0.28,0.14,0.29,0.29,0.8,334.59661562345616
0.7,0.3,0.0,0.22,0.0,0.0,0.0,0.0,0.0,0.0,0.26,0.0,0.16,0.36,0.0,0.14,0.34,0.32,0.2,0.3,425.702084010745
0.1,0.4,0.0,0.15,0.0,0.2,0.18,0.0,0.0,0.0,0.0,0.27,0.0,0.0,0.2,0.0,0.0,0.0,0.0,0.4,380.5868282761058
0.7,0.4,0.15,0.17,0.22,0.0,0.0,0.0,0.25,0.0,0.21,0.0,0.0,0.0,0.0,0.0,0.0,0.0,0.0,0.5,443.079610991277
0.6,0.1,0.19,0.0,0.0,0.0,0.0,0.19,0.0,0.0,0.26,0.24,0.12,0.0,0.0,0.25,0.81,0.36,0.58,0.7,411.96632866064533
0.3,0.5,0.0,0.16,0.22,0.0,0.0,0.0,0.37,0.0,0.0,0.0,0.0,0.0,0.25,0.0,0.0,0.0,0.0,0.7,545.0290669979565
0.4,0.0,0.0,0.0,0.0,0.0,0.0,0.16,0.0,0.0,0.0,0.27,0.33,0.0,0.24,0.0,0.0,0.0,0.0,0.5,433.6812451138963
0.5,0.4,0.0,0.0,0.0,0.0,0.0,0.34,0.0,0.18,0.19,0.0,0.0,0.29,0.0,0.0,0.0,0.0,0.0,0.6,492.4490959848047
0.5,0.5,0.0,0.0,0.33,0.0,0.18,0.0,0.0,0.0,0.18,0.31,0.0,0.0,0.0,0.0,0.0,0.0,0.0,0.7,595.038080267869
0.3,0.3,0.0,0.0,0.0,0.19,0.0,0.0,0.12,0.18,0.0,0.0,0.29,0.22,0.0,0.29,0.26,0.32,0.13,0.8,476.0174351954198
0.4,0.2,0.0,0.36,0.0,0.32,0.0,0.0,0.0,0.0,0.0,0.0,0.15,0.17,0.0,0.0,0.0,0.0,0.0,0.5,424.258051977005
0.1,0.1,0.0,0.29,0.0,0.0,0.0,0.0,0.27,0.0,0.0,0.26,0.0,0.0,0.18,0.34,0.42,0.6799999999999999,0.56,0.8,348.67986505843675
0.2,0.5,0.0,0.16,0.0,0.0,0.0,0.0,0.0,0.0,0.0,0.34,0.18,0.0,0.32,0.0,0.0,0.0,0.0,0.5,500.89508849275535
0.2,0.4,0.22,0.0,0.0,0.0,0.0,0.0,0.0,0.0,0.12,0.17,0.19,0.3,0.0,0.0,0.0,0.0,0.0,0.2,314.0387014691886
0.4,0.2,0.27,0.0,0.11,0.0,0.0,0.24,0.0,0.0,0.13,0.0,0.0,0.25,0.0,0.0,0.0,0.0,0.0,0.5,391.7599480372728
0.3,0.4,0.0,0.0,0.0,0.15,0.23,0.0,0.0,0.18,0.0,0.0,0.17,0.0,0.27,0.0,0.0,0.0,0.0,0.1,325.5680668609345
0.3,0.0,0.0,0.0,0.0,0.25,0.22,0.26,0.27,0.0,0.0,0.0,0.0,0.0,0.0,0.0,0.0,0.0,0.0,0.8,375.4780570755679
0.4,0.4,0.19,0.0,0.19,0.0,0.0,0.0,0.27,0.0,0.0,0.0,0.35,0.0,0.0,0.0,0.0,0.0,0.0,0.5,399.49301950863406
0.4,0.4,0.0,0.0,0.0,0.28,0.0,0.25,0.13,0.0,0.0,0.0,0.14,0.0,0.2,0.0,0.0,0.0,0.0,0.4,514.6803503084213
0.5,0.0,0.23,0.0,0.0,0.0,0.18,0.0,0.15,0.0,0.0,0.25,0.0,0.0,0.19,0.0,0.0,0.0,0.0,0.6,272.28057914898875
0.3,0.2,0.0,0.0,0.22,0.11,0.27,0.0,0.0,0.0,0.22,0.0,0.18,0.0,0.0,0.0,0.0,0.0,0.0,0.7,453.251396120864
0.3,0.4,0.22,0.0,0.0,0.0,0.0,0.0,0.22,0.24,0.21,0.11,0.0,0.0,0.0,0.0,0.0,0.0,0.0,0.8,310.3943449462836
0.6,0.5,0.19,0.0,0.0,0.3,0.0,0.0,0.0,0.0,0.0,0.0,0.0,0.15,0.36,0.0,0.0,0.0,0.0,0.8,443.4416110279437
0.1,0.4,0.0,0.0,0.32,0.0,0.0,0.26,0.0,0.0,0.13,0.29,0.0,0.0,0.0,0.0,0.0,0.0,0.0,0.7,513.3909297580914
0.6,0.4,0.2,0.0,0.0,0.18,0.0,0.0,0.0,0.0,0.28,0.0,0.16,0.0,0.18,0.0,0.0,0.0,0.0,0.7,347.1140614242528
0.7,0.0,0.0,0.19,0.0,0.0,0.25,0.0,0.0,0.16,0.0,0.0,0.24,0.0,0.16,0.0,0.0,0.0,0.0,0.8,383.50232941164745
0.3,0.3,0.21,0.0,0.1,0.0,0.0,0.0,0.0,0.24,0.23,0.22,0.0,0.0,0.0,0.21,0.25,0.26,0.28,0.6,319.4953179452904
0.6,0.5,0.0,0.0,0.0,0.0,0.0,0.14,0.0,0.0,0.36,0.0,0.25,0.25,0.0,0.0,0.0,0.0,0.0,0.5,523.4568148966972
0.6,0.3,0.0,0.0,0.0,0.0,0.18,0.0,0.0,0.25,0.0,0.28,0.29,0.0,0.0,0.23,0.41,0.23,0.13,0.1,308.9288053923261
0.6,0.1,0.2,0.0,0.14,0.0,0.18,0.0,0.0,0.0,0.0,0.0,0.14,0.0,0.34,0.42,0.65,0.51,0.42,0.8,283.6355877870802
0.1,0.1,0.0,0.0,0.0,0.28,0.0,0.0,0.27,0.29,0.0,0.16,0.0,0.0,0.0,0.61,0.7,0.26,0.43,0.8,385.1592074808441
0.7,0.4,0.0,0.16,0.0,0.0,0.0,0.0,0.28,0.17,0.0,0.23,0.0,0.16,0.0,0.0,0.0,0.0,0.0,0.4,442.1301709787735
0.1,0.0,0.0,0.15,0.17,0.0,0.0,0.0,0.0,0.21,0.0,0.23,0.24,0.0,0.0,0.0,0.0,0.0,0.0,0.4,407.86091439495874
0.4,0.3,0.28,0.0,0.0,0.0,0.0,0.0,0.0,0.0,0.3,0.0,0.0,0.2,0.22,0.43,0.22,0.11,0.24,0.2,367.50663552821806
0.4,0.0,0.16,0.0,0.0,0.18,0.0,0.15,0.0,0.0,0.0,0.25,0.0,0.26,0.0,0.0,0.0,0.0,0.0,0.2,385.1666945668288
0.4,0.4,0.0,0.0,0.0,0.25,0.0,0.0,0.25,0.0,0.0,0.22,0.28,0.0,0.0,0.0,0.0,0.0,0.0,0.7,439.565099101691
0.1,0.1,0.21,0.0,0.15,0.0,0.0,0.0,0.0,0.23,0.0,0.12,0.29,0.0,0.0,0.51,0.38,0.67,0.44,0.7,262.30839477469664
0.3,0.0,0.0,0.22,0.18,0.0,0.25,0.13,0.0,0.0,0.0,0.0,0.22,0.0,0.0,0.0,0.0,0.0,0.0,0.3,327.4947755169663
0.6,0.3,0.0,0.28,0.16,0.0,0.16,0.24,0.0,0.0,0.0,0.0,0.16,0.0,0.0,0.16,0.28,0.3,0.26,0.5,361.80484618449054
0.3,0.5,0.0,0.24,0.37,0.0,0.2,0.0,0.0,0.0,0.0,0.0,0.0,0.19,0.0,0.0,0.0,0.0,0.0,0.6,570.9447144758104
0.3,0.3,0.14,0.23,0.0,0.25,0.38,0.0,0.0,0.0,0.0,0.0,0.0,0.0,0.0,0.28,0.1,0.27,0.35,0.7,300.92052413426234
0.4,0.0,0.0,0.22,0.0,0.19,0.0,0.0,0.0,0.0,0.14,0.18,0.0,0.27,0.0,0.0,0.0,0.0,0.0,0.6,410.47318505886625
0.1,0.4,0.0,0.25,0.09,0.0,0.0,0.0,0.0,0.0,0.0,0.24,0.17,0.25,0.0,0.0,0.0,0.0,0.0,0.1,291.62845742867023
0.1,0.2,0.0,0.24,0.0,0.0,0.0,0.0,0.0,0.27,0.0,0.26,0.0,0.0,0.23,0.0,0.0,0.0,0.0,0.3,412.12717707701046
0.7,0.4,0.0,0.0,0.0,0.0,0.0,0.0,0.22,0.0,0.31,0.0,0.0,0.24,0.23,0.0,0.0,0.0,0.0,0.2,453.905116533314
0.2,0.4,0.0,0.19,0.0,0.0,0.34,0.0,0.0,0.0,0.0,0.18,0.29,0.0,0.0,0.0,0.0,0.0,0.0,0.7,374.81017470155217
0.6,0.4,0.0,0.25,0.0,0.0,0.0,0.0,0.0,0.21,0.0,0.0,0.19,0.15,0.2,0.0,0.0,0.0,0.0,0.4,426.95596532439646
0.6,0.4,0.15,0.15,0.0,0.0,0.34,0.0,0.0,0.0,0.0,0.17,0.0,0.0,0.19,0.0,0.0,0.0,0.0,0.3,307.6871876339182
0.3,0.2,0.12,0.16,0.0,0.0,0.0,0.0,0.0,0.17,0.0,0.0,0.32,0.0,0.23,0.0,0.0,0.0,0.0,0.2,416.3490897825902
0.5,0.2,0.0,0.25,0.0,0.16,0.0,0.0,0.0,0.23,0.0,0.0,0.0,0.17,0.19,0.0,0.0,0.0,0.0,0.7,427.6974558900413
0.3,0.5,0.0,0.0,0.0,0.36,0.0,0.0,0.0,0.15,0.0,0.0,0.16,0.0,0.33,0.0,0.0,0.0,0.0,0.3,528.8237816277782
0.1,0.4,0.0,0.36,0.0,0.15,0.13,0.2,0.0,0.0,0.0,0.0,0.0,0.0,0.16,0.0,0.0,0.0,0.0,0.2,303.8517579430667
0.2,0.0,0.26,0.0,0.0,0.0,0.16,0.12,0.0,0.0,0.0,0.28,0.0,0.18,0.0,0.0,0.0,0.0,0.0,0.7,273.16116887497503
0.1,0.0,0.0,0.0,0.21,0.0,0.0,0.0,0.17,0.0,0.0,0.0,0.0,0.22,0.3999999999999999,0.0,0.0,0.0,0.0,0.8,446.4061429850277
0.2,0.2,0.18,0.0,0.3,0.24,0.0,0.0,0.0,0.0,0.0,0.0,0.0,0.28,0.0,0.0,0.0,0.0,0.0,0.8,441.0385647309141
0.2,0.4,0.35,0.0,0.0,0.0,0.0,0.14,0.0,0.32,0.0,0.0,0.19,0.0,0.0,0.0,0.0,0.0,0.0,0.4,342.2981195116012
0.4,0.2,0.0,0.24,0.24,0.0,0.25,0.0,0.0,0.0,0.0,0.27,0.0,0.0,0.0,0.0,0.0,0.0,0.0,0.6,448.65941681069154
0.1,0.1,0.0,0.0,0.29,0.0,0.0,0.17,0.0,0.0,0.0,0.14,0.15,0.25,0.0,0.51,0.52,0.46,0.51,0.5,469.12233177590963
0.3,0.2,0.17,0.24,0.24,0.0,0.0,0.0,0.0,0.0,0.35,0.0,0.0,0.0,0.0,0.0,0.0,0.0,0.0,0.2,417.90988207839445
0.3,0.5,0.0,0.0,0.0,0.0,0.0,0.22,0.0,0.18,0.36,0.0,0.0,0.24,0.0,0.0,0.0,0.0,0.0,0.5,515.4685265537728
0.3,0.2,0.11,0.0,0.0,0.0,0.0,0.0,0.0,0.29,0.0,0.32,0.14,0.0,0.14,0.0,0.0,0.0,0.0,0.6,366.3883097788403
0.2,0.0,0.24,0.0,0.0,0.17,0.0,0.0,0.1,0.0,0.23,0.0,0.0,0.0,0.26,0.0,0.0,0.0,0.0,0.6,341.7091127948836
0.5,0.3,0.0,0.0,0.0,0.0,0.0,0.19,0.27,0.0,0.0,0.18,0.17,0.0,0.19,0.35,0.21,0.29,0.15,0.1,349.0164127370354
0.6,0.4,0.0,0.22,0.0,0.21,0.0,0.0,0.0,0.22,0.0,0.16,0.0,0.0,0.19,0.0,0.0,0.0,0.0,0.2,381.76527387378366
0.3,0.0,0.0,0.0,0.0,0.29,0.0,0.28,0.0,0.0,0.0,0.0,0.0,0.23,0.2,0.0,0.0,0.0,0.0,0.7,452.5829085153689
0.4,0.4,0.0,0.0,0.18,0.0,0.0,0.0,0.14,0.34,0.0,0.0,0.0,0.3399999999999999,0.0,0.0,0.0,0.0,0.0,0.5,483.82713529699566
0.4,0.5,0.0,0.16,0.0,0.0,0.0,0.26,0.23,0.0,0.18,0.0,0.0,0.0,0.17,0.0,0.0,0.0,0.0,0.6,517.5901866028728
0.5,0.3,0.14,0.0,0.0,0.12,0.0,0.0,0.2,0.0,0.25,0.0,0.0,0.0,0.29,0.2799999999999999,0.27,0.23,0.22,0.2,440.4195456185473
0.1,0.2,0.0,0.0,0.18,0.25,0.27,0.0,0.0,0.3,0.0,0.0,0.0,0.0,0.0,0.0,0.0,0.0,0.0,0.5,388.4963320825773
0.1,0.3,0.0,0.0,0.18,0.0,0.27,0.18,0.17,0.0,0.0,0.2,0.0,0.0,0.0,0.19,0.33,0.3,0.18,0.5,367.013695365385
0.7,0.1,0.0,0.29,0.0,0.13,0.14,0.0,0.0,0.0,0.0,0.0,0.0,0.16,0.28,0.25,0.44,0.31,1.0,0.4,325.2444649370112
0.6,0.2,0.0,0.0,0.31,0.25,0.0,0.0,0.28,0.0,0.0,0.0,0.16,0.0,0.0,0.0,0.0,0.0,0.0,0.3,514.7672139692273
0.4,0.2,0.0,0.16,0.0,0.0,0.0,0.0,0.17,0.0,0.0,0.0,0.36,0.31,0.0,0.0,0.0,0.0,0.0,0.6,485.56790635855515
0.4,0.4,0.24,0.0,0.0,0.0,0.0,0.33,0.0,0.19,0.0,0.0,0.24,0.0,0.0,0.0,0.0,0.0,0.0,0.2,409.07018642212347
0.6,0.5,0.0,0.0,0.0,0.13,0.14,0.15,0.0,0.0,0.0,0.33,0.0,0.0,0.25,0.0,0.0,0.0,0.0,0.6,501.20476791150526
0.4,0.3,0.34,0.17,0.32,0.0,0.0,0.17,0.0,0.0,0.0,0.0,0.0,0.0,0.0,0.21,0.45,0.21,0.13,0.3,452.03046433015356
0.7,0.0,0.31,0.0,0.0,0.0,0.12,0.0,0.0,0.0,0.0,0.21,0.0,0.19,0.17,0.0,0.0,0.0,0.0,0.3,266.96270224215397
0.7,0.2,0.0,0.0,0.0,0.0,0.0,0.0,0.0,0.16,0.0,0.0,0.25,0.22,0.37,0.0,0.0,0.0,0.0,0.7,480.9562976040741
0.5,0.4,0.19,0.23,0.0,0.0,0.0,0.0,0.16,0.0,0.0,0.0,0.18,0.24,0.0,0.0,0.0,0.0,0.0,0.7,359.5165384699629
0.3,0.0,0.2,0.0,0.0,0.0,0.24,0.0,0.0,0.0,0.0,0.0,0.17,0.2299999999999999,0.16,0.0,0.0,0.0,0.0,0.5,281.460302856432
0.1,0.2,0.0,0.0,0.23,0.17,0.0,0.0,0.0,0.23,0.0,0.18,0.19,0.0,0.0,0.0,0.0,0.0,0.0,0.8,498.3506613389907
0.4,0.5,0.25,0.0,0.0,0.0,0.0,0.0,0.14,0.21,0.0,0.0,0.0,0.15,0.25,0.0,0.0,0.0,0.0,0.5,398.1270245292598
0.7,0.3,0.15,0.0,0.0,0.14,0.24,0.27,0.0,0.0,0.0,0.0,0.0,0.0,0.2,0.29,0.26,0.23,0.22,0.3,373.0547981863824
0.7,0.5,0.0,0.14,0.0,0.0,0.0,0.29,0.24,0.0,0.0,0.0,0.0,0.33,0.0,0.0,0.0,0.0,0.0,0.3,533.1468820661892
0.2,0.1,0.0,0.25,0.13,0.0,0.16,0.0,0.26,0.0,0.2,0.0,0.0,0.0,0.0,0.41,0.37,0.7,0.52,0.6,316.98339869446517
0.1,0.2,0.0,0.0,0.0,0.12,0.0,0.19,0.0,0.34,0.35,0.0,0.0,0.0,0.0,0.0,0.0,0.0,0.0,0.6,444.66020134292273
0.5,0.1,0.13,0.24,0.0,0.0,0.0,0.14,0.27,0.0,0.0,0.0,0.22,0.0,0.0,0.46,0.33,0.6799999999999999,0.53,0.8,367.23640655890534
0.6,0.5,0.0,0.0,0.17,0.17,0.0,0.0,0.0,0.25,0.0,0.0,0.25,0.16,0.0,0.0,0.0,0.0,0.0,0.6,528.7469459529345
0.1,0.1,0.0,0.0,0.19,0.0,0.0,0.29,0.3,0.22,0.0,0.0,0.0,0.0,0.0,0.45,0.43,0.62,0.5,0.8,388.8758568467177
0.6,0.0,0.27,0.0,0.0,0.0,0.0,0.27,0.19,0.27,0.0,0.0,0.0,0.0,0.0,0.0,0.0,0.0,0.0,0.7,401.4796625663717
0.7,0.1,0.39,0.0,0.0,0.0,0.0,0.0,0.0,0.21,0.0,0.0,0.18,0.22,0.0,0.72,0.66,0.24,0.38,0.7,342.42625492848737
0.1,0.0,0.0,0.0,0.23,0.0,0.2,0.13,0.0,0.0,0.0,0.0,0.0,0.21,0.23,0.0,0.0,0.0,0.0,0.8,398.06135578274126
0.7,0.4,0.23,0.0,0.0,0.0,0.0,0.0,0.0,0.2,0.0,0.0,0.16,0.29,0.12,0.0,0.0,0.0,0.0,0.4,348.22337182061904
0.3,0.4,0.0,0.0,0.0,0.25,0.12,0.0,0.0,0.0,0.16,0.17,0.3,0.0,0.0,0.0,0.0,0.0,0.0,0.8,422.15945956144765
0.7,0.5,0.35,0.0,0.0,0.0,0.0,0.0,0.18,0.0,0.0,0.0,0.0,0.22,0.25,0.0,0.0,0.0,0.0,0.1,398.521078398915
0.1,0.0,0.0,0.0,0.0,0.2,0.0,0.0,0.0,0.21,0.26,0.0,0.14,0.0,0.19,0.0,0.0,0.0,0.0,0.8,436.17466799049765
0.7,0.1,0.12,0.0,0.0,0.0,0.0,0.0,0.12,0.0,0.25,0.0,0.28,0.23,0.0,0.26,0.53,0.6,0.61,0.4,432.60399283007894
0.2,0.1,0.0,0.0,0.0,0.0,0.0,0.0,0.18,0.0,0.31,0.0,0.26,0.25,0.0,0.25,0.96,0.57,0.22,0.5,440.21314931889185
0.1,0.3,0.15,0.0,0.0,0.0,0.0,0.0,0.0,0.0,0.19,0.24,0.24,0.18,0.0,0.22,0.25,0.35,0.18,0.5,393.189032707322
0.3,0.0,0.0,0.3,0.0,0.0,0.0,0.0,0.0,0.0,0.0,0.24,0.29,0.17,0.0,0.0,0.0,0.0,0.0,0.2,347.51330823573875
0.6,0.1,0.0,0.0,0.0,0.26,0.0,0.0,0.0,0.36,0.0,0.0,0.22,0.0,0.16,0.55,0.65,0.28,0.52,0.7,449.2058971731799
0.4,0.4,0.0,0.13,0.0,0.0,0.25,0.0,0.17,0.0,0.0,0.0,0.26,0.19,0.0,0.0,0.0,0.0,0.0,0.1,333.2834176174151
0.7,0.5,0.0,0.22,0.0,0.0,0.0,0.0,0.0,0.24,0.24,0.3,0.0,0.0,0.0,0.0,0.0,0.0,0.0,0.2,461.9644517136901
0.6,0.0,0.0,0.0,0.0,0.23,0.25,0.0,0.16,0.0,0.24,0.0,0.0,0.0,0.12,0.0,0.0,0.0,0.0,0.2,380.8070981830526
0.3,0.3,0.0,0.0,0.0,0.21,0.0,0.0,0.21,0.17,0.0,0.0,0.0,0.2,0.21,0.2,0.22,0.32,0.26,0.7,462.6674151728325
0.6,0.3,0.0,0.0,0.0,0.26,0.13,0.0,0.0,0.0,0.22,0.0,0.14,0.25,0.0,0.3,0.18,0.1,0.42,0.2,403.18624059586574
0.7,0.5,0.25,0.21,0.0,0.0,0.0,0.26,0.15,0.0,0.0,0.0,0.13,0.0,0.0,0.0,0.0,0.0,0.0,0.8,413.19246155453294
0.4,0.4,0.0,0.23,0.0,0.0,0.14,0.21,0.0,0.0,0.0,0.27,0.0,0.0,0.15,0.0,0.0,0.0,0.0,0.2,316.6802500329927
0.6,0.0,0.0,0.0,0.31,0.0,0.19,0.0,0.0,0.17,0.0,0.0,0.0,0.33,0.0,0.0,0.0,0.0,0.0,0.1,246.23394326593555
0.6,0.4,0.16,0.0,0.0,0.0,0.23,0.0,0.0,0.23,0.0,0.0,0.24,0.0,0.14,0.0,0.0,0.0,0.0,0.5,336.16092727852265
0.7,0.3,0.0,0.0,0.0,0.0,0.0,0.0,0.17,0.21,0.0,0.15,0.19,0.28,0.0,0.21,0.35,0.13,0.31,0.1,347.07344350842516
0.6,0.4,0.25,0.0,0.19,0.0,0.0,0.0,0.3,0.0,0.0,0.0,0.26,0.0,0.0,0.0,0.0,0.0,0.0,0.3,355.76032969553467
0.2,0.4,0.14,0.0,0.0,0.0,0.26,0.0,0.0,0.0,0.13,0.18,0.0,0.29,0.0,0.0,0.0,0.0,0.0,0.8,329.9950859219143
0.6,0.4,0.0,0.0,0.26,0.12,0.25,0.0,0.0,0.11,0.0,0.0,0.0,0.0,0.26,0.0,0.0,0.0,0.0,0.4,475.4482768266983
0.4,0.0,0.0,0.23,0.0,0.0,0.25,0.22,0.0,0.15,0.0,0.0,0.0,0.0,0.15,0.0,0.0,0.0,0.0,0.3,327.4947755169663
0.7,0.1,0.0,0.0,0.24,0.17,0.0,0.0,0.0,0.0,0.0,0.11,0.0,0.26,0.22,0.47,0.4,0.64,0.49,0.5,480.3690008618171
0.3,0.5,0.25,0.15,0.26,0.0,0.0,0.0,0.12,0.22,0.0,0.0,0.0,0.0,0.0,0.0,0.0,0.0,0.0,0.8,459.9570853279966
0.1,0.5,0.26,0.0,0.0,0.0,0.0,0.19,0.0,0.0,0.27,0.0,0.28,0.0,0.0,0.0,0.0,0.0,0.0,0.5,400.9987071313441
0.3,0.3,0.0,0.18,0.22,0.24,0.0,0.0,0.0,0.0,0.16,0.0,0.2,0.0,0.0,0.28,0.26,0.26,0.2,0.5,513.0102708308094
0.6,0.0,0.0,0.22,0.0,0.0,0.0,0.0,0.3,0.0,0.0,0.0,0.24,0.24,0.0,0.0,0.0,0.0,0.0,0.4,378.6546865268934
0.6,0.2,0.0,0.0,0.28,0.13,0.0,0.0,0.0,0.31,0.28,0.0,0.0,0.0,0.0,0.0,0.0,0.0,0.0,0.2,470.9372014238955
0.7,0.1,0.0,0.0,0.17,0.0,0.0,0.19,0.0,0.0,0.23,0.12,0.0,0.0,0.29,0.5,0.17,0.75,0.58,0.8,460.36905242297956
0.4,0.0,0.25,0.0,0.17,0.0,0.0,0.0,0.19,0.0,0.28,0.0,0.0,0.11,0.0,0.0,0.0,0.0,0.0,0.5,357.53806985607906
0.6,0.2,0.28,0.0,0.0,0.0,0.0,0.0,0.0,0.3,0.0,0.11,0.19,0.0,0.12,0.0,0.0,0.0,0.0,0.1,286.76267156638704
0.6,0.4,0.18,0.0,0.16,0.0,0.21,0.0,0.0,0.0,0.0,0.3,0.15,0.0,0.0,0.0,0.0,0.0,0.0,0.4,307.48685196461213
0.7,0.1,0.25,0.0,0.0,0.23,0.0,0.18,0.0,0.21,0.0,0.0,0.13,0.0,0.0,0.37,0.7,0.5,0.43,0.2,409.3497362229624
0.4,0.0,0.0,0.0,0.0,0.24,0.0,0.19,0.22,0.14,0.0,0.0,0.0,0.21,0.0,0.0,0.0,0.0,0.0,0.8,458.79111669362845
0.5,0.5,0.0,0.0,0.0,0.0,0.27,0.0,0.25,0.23,0.0,0.0,0.0,0.0,0.25,0.0,0.0,0.0,0.0,0.6,511.94722252402477
0.4,0.1,0.0,0.21,0.2299999999999999,0.24,0.23,0.0,0.09,0.0,0.0,0.0,0.0,0.0,0.0,0.56,0.37,0.81,0.26,0.6,432.7604830133288
0.5,0.2,0.0,0.0,0.0,0.0,0.4,0.17,0.0,0.0,0.0,0.15,0.0,0.0,0.28,0.0,0.0,0.0,0.0,0.2,376.25610492896243
0.1,0.2,0.0,0.0,0.26,0.13,0.0,0.17,0.0,0.0,0.0,0.22,0.0,0.0,0.22,0.0,0.0,0.0,0.0,0.8,507.63417413176705
0.4,0.2,0.0,0.0,0.16,0.0,0.0,0.0,0.18,0.0,0.0,0.26,0.13,0.0,0.27,0.0,0.0,0.0,0.0,0.2,424.71312390504715
0.5,0.5,0.0,0.0,0.0,0.19,0.0,0.0,0.22,0.0,0.33,0.0,0.0,0.26,0.0,0.0,0.0,0.0,0.0,0.8,525.7341796642551
0.2,0.0,0.0,0.0,0.0,0.31,0.0,0.0,0.0,0.0,0.26,0.29,0.0,0.14,0.0,0.0,0.0,0.0,0.0,0.3,441.55092686728227
0.3,0.0,0.24,0.0,0.0,0.0,0.23,0.0,0.0,0.14,0.0,0.0,0.17,0.0,0.22,0.0,0.0,0.0,0.0,0.7,280.40707135256355
0.6,0.3,0.0,0.0,0.2,0.0,0.37,0.0,0.0,0.0,0.15,0.0,0.0,0.0,0.28,0.28,0.27,0.29,0.16,0.5,424.35864487200286
0.6,0.2,0.0,0.0,0.2,0.0,0.0,0.0,0.2,0.0,0.0,0.26,0.24,0.1,0.0,0.0,0.0,0.0,0.0,0.4,439.8944986856304
0.4,0.4,0.0,0.0,0.0,0.22,0.29,0.0,0.0,0.0,0.11,0.11,0.0,0.0,0.27,0.0,0.0,0.0,0.0,0.1,347.5168557506193
0.2,0.4,0.0,0.27,0.0,0.0,0.0,0.0,0.0,0.23,0.31,0.19,0.0,0.0,0.0,0.0,0.0,0.0,0.0,0.7,424.1123634796112
0.6,0.5,0.0,0.0,0.0,0.29,0.0,0.25,0.0,0.0,0.0,0.28,0.0,0.18,0.0,0.0,0.0,0.0,0.0,0.3,506.8128315405157
0.2,0.0,0.25,0.0,0.0,0.23,0.19,0.33,0.0,0.0,0.0,0.0,0.0,0.0,0.0,0.0,0.0,0.0,0.0,0.3,289.19983090885876
0.6,0.0,0.0,0.0,0.24,0.11,0.0,0.0,0.0,0.24,0.18,0.0,0.23,0.0,0.0,0.0,0.0,0.0,0.0,0.5,503.5007820018486
0.4,0.1,0.0,0.38,0.0,0.17,0.0,0.0,0.25,0.0,0.0,0.0,0.2,0.0,0.0,0.22,0.78,0.46,0.54,0.5,379.2656311817993
0.5,0.2,0.0,0.0,0.0,0.14,0.0,0.0,0.0,0.23,0.0,0.14,0.0,0.16,0.33,0.0,0.0,0.0,0.0,0.1,334.54775582882394
0.3,0.0,0.0,0.0,0.0,0.0,0.21,0.0,0.0,0.0,0.32,0.0,0.0,0.24,0.23,0.0,0.0,0.0,0.0,0.8,396.2129480611741
0.3,0.3,0.0,0.24,0.0,0.0,0.0,0.0,0.29,0.26,0.21,0.0,0.0,0.0,0.0,0.27,0.17,0.34,0.22,0.8,419.40564039482405
0.4,0.0,0.0,0.23,0.0,0.26,0.13,0.0,0.21,0.0,0.0,0.0,0.17,0.0,0.0,0.0,0.0,0.0,0.0,0.7,312.85899501327515
0.5,0.1,0.0,0.0,0.32,0.0,0.0,0.12,0.0,0.0,0.0,0.35,0.0,0.21,0.0,0.57,0.43,0.6,0.4,0.5,480.5013103275786
0.5,0.2,0.0,0.23,0.2,0.0,0.0,0.25,0.21,0.0,0.0,0.0,0.0,0.11,0.0,0.0,0.0,0.0,0.0,0.2,396.52637077319895
0.7,0.1,0.17,0.2,0.0,0.0,0.0,0.21,0.14,0.0,0.0,0.28,0.0,0.0,0.0,0.5,0.45,0.41,0.64,0.8,389.17809444552427
0.6,0.5,0.23,0.21,0.0,0.22,0.0,0.0,0.0,0.0,0.0,0.0,0.0,0.0,0.34,0.0,0.0,0.0,0.0,0.1,381.13488731614143
0.6,0.0,0.0,0.0,0.0,0.0,0.19,0.31,0.0,0.24,0.0,0.26,0.0,0.0,0.0,0.0,0.0,0.0,0.0,0.5,373.8148525569833
0.3,0.4,0.11,0.0,0.0,0.27,0.0,0.31,0.18,0.0,0.13,0.0,0.0,0.0,0.0,0.0,0.0,0.0,0.0,0.8,412.13841743306403
0.5,0.2,0.25,0.0,0.19,0.0,0.0,0.0,0.24,0.0,0.0,0.11,0.0,0.0,0.21,0.0,0.0,0.0,0.0,0.3,307.7550757702528
0.6,0.2,0.0,0.0,0.16,0.22,0.0,0.0,0.0,0.0,0.0,0.28,0.0,0.0,0.3399999999999999,0.0,0.0,0.0,0.0,0.7,452.4686533558184
0.2,0.1,0.0,0.0,0.0,0.0,0.0,0.0,0.35,0.23,0.0,0.17,0.0,0.0,0.25,0.22,0.31,0.62,0.85,0.7,386.09609583730617
0.6,0.2,0.0,0.0,0.0,0.28,0.0,0.27,0.0,0.24,0.0,0.21,0.0,0.0,0.0,0.0,0.0,0.0,0.0,0.8,462.2567866319251
0.3,0.0,0.0,0.0,0.25,0.0,0.0,0.0,0.11,0.33,0.0,0.0,0.31,0.0,0.0,0.0,0.0,0.0,0.0,0.3,506.0947047195153
0.1,0.5,0.29,0.24,0.0,0.0,0.0,0.0,0.0,0.23,0.13,0.11,0.0,0.0,0.0,0.0,0.0,0.0,0.0,0.4,365.75144039073746
0.2,0.5,0.21,0.0,0.31,0.0,0.0,0.0,0.0,0.0,0.3,0.0,0.18,0.0,0.0,0.0,0.0,0.0,0.0,0.8,454.2221005597246
0.4,0.2,0.0,0.2799999999999999,0.0,0.21,0.0,0.26,0.0,0.0,0.0,0.0,0.25,0.0,0.0,0.0,0.0,0.0,0.0,0.2,408.3083116319396
0.5,0.3,0.0,0.14,0.0,0.0,0.0,0.0,0.17,0.0,0.0,0.25,0.0,0.23,0.21,0.24,0.42,0.21,0.13,0.7,456.26754425910195
0.2,0.1,0.0,0.17,0.11,0.24,0.0,0.0,0.0,0.2,0.0,0.0,0.0,0.2799999999999999,0.0,0.26,0.36,0.76,0.62,0.6,418.06355587072386
0.5,0.3,0.0,0.19,0.0,0.14,0.0,0.0,0.26,0.22,0.19,0.0,0.0,0.0,0.0,0.17,0.1,0.36,0.37,0.6,484.09559157379726
0.1,0.5,0.24,0.19,0.23,0.0,0.12,0.0,0.22,0.0,0.0,0.0,0.0,0.0,0.0,0.0,0.0,0.0,0.0,0.7,452.31116942250287
0.6,0.1,0.22,0.16,0.17,0.0,0.0,0.0,0.0,0.0,0.0,0.22,0.23,0.0,0.0,0.53,0.65,0.34,0.48,0.3,294.2894964581629
0.4,0.3,0.0,0.0,0.28,0.12,0.23,0.0,0.24,0.0,0.0,0.0,0.0,0.13,0.0,0.33,0.15,0.21,0.31,0.2,390.39289106368517
0.5,0.1,0.27,0.0,0.13,0.0,0.0,0.0,0.0,0.3,0.15,0.0,0.15,0.0,0.0,0.51,0.41,0.39,0.69,0.6,357.38221503339605
0.6,0.3,0.24,0.18,0.0,0.0,0.17,0.0,0.0,0.0,0.24,0.0,0.0,0.17,0.0,0.29,0.3,0.23,0.18,0.1,306.8800637944782
0.5,0.1,0.0,0.28,0.0,0.0,0.0,0.25,0.0,0.0,0.19,0.0,0.0,0.28,0.0,0.5,0.29,0.72,0.49,0.2,367.22764082921515
0.4,0.2,0.0,0.0,0.0,0.0,0.0,0.0,0.0,0.0,0.28,0.2,0.22,0.0,0.3,0.0,0.0,0.0,0.0,0.1,320.46837379174326
0.5,0.1,0.0,0.0,0.0,0.18,0.12,0.0,0.0,0.15,0.26,0.29,0.0,0.0,0.0,0.45,0.61,0.35,0.59,0.6,405.5923065695133
0.4,0.2,0.0,0.0,0.0,0.0,0.26,0.22,0.0,0.0,0.23,0.29,0.0,0.0,0.0,0.0,0.0,0.0,0.0,0.5,431.3452643564121
0.4,0.2,0.24,0.1,0.0,0.24,0.18,0.0,0.24,0.0,0.0,0.0,0.0,0.0,0.0,0.0,0.0,0.0,0.0,0.1,251.7581774466199
0.1,0.1,0.33,0.0,0.0,0.0,0.16,0.0,0.0,0.0,0.0,0.0,0.0,0.25,0.26,0.76,0.32,0.26,0.66,0.5,279.2281334307331
0.7,0.2,0.0,0.0,0.0,0.29,0.0,0.13,0.0,0.0,0.0,0.19,0.25,0.0,0.14,0.0,0.0,0.0,0.0,0.4,465.19736403023614
0.5,0.0,0.24,0.2,0.24,0.0,0.0,0.0,0.32,0.0,0.0,0.0,0.0,0.0,0.0,0.0,0.0,0.0,0.0,0.7,402.8604388855489
0.1,0.1,0.17,0.0,0.0,0.34,0.0,0.0,0.0,0.24,0.25,0.0,0.0,0.0,0.0,0.36,0.37,0.35,0.92,0.6,406.05313177050056
0.1,0.1,0.2,0.0,0.26,0.15,0.0,0.21,0.0,0.0,0.0,0.0,0.18,0.0,0.0,0.53,0.38,0.58,0.51,0.2,345.80108370836336
0.7,0.0,0.0,0.23,0.0,0.0,0.0,0.24,0.0,0.3,0.0,0.0,0.0,0.0,0.23,0.0,0.0,0.0,0.0,0.1,273.1257738522405
0.6,0.5,0.0,0.37,0.17,0.0,0.0,0.0,0.0,0.0,0.0,0.21,0.0,0.25,0.0,0.0,0.0,0.0,0.0,0.5,459.8466433112126
0.6,0.1,0.0,0.25,0.0,0.22,0.0,0.23,0.0,0.0,0.0,0.12,0.0,0.0,0.18,0.56,0.63,0.45,0.36,0.5,375.6963404835528
0.6,0.4,0.0,0.13,0.0,0.0,0.0,0.0,0.0,0.36,0.0,0.15,0.0,0.36,0.0,0.0,0.0,0.0,0.0,0.3,457.13011668200426
0.3,0.4,0.0,0.0,0.18,0.0,0.0,0.19,0.17,0.0,0.0,0.0,0.2,0.26,0.0,0.0,0.0,0.0,0.0,0.5,487.1542473646854
0.4,0.1,0.0,0.0,0.0,0.0,0.24,0.0,0.18,0.27,0.0,0.13,0.0,0.0,0.18,0.49,0.56,0.53,0.42,0.1,258.68649003180235
0.1,0.3,0.25,0.13,0.0,0.0,0.21,0.0,0.0,0.24,0.17,0.0,0.0,0.0,0.0,0.38,0.34,0.18,0.1,0.2,283.9638341903254
0.5,0.0,0.0,0.0,0.0,0.0,0.23,0.0,0.28,0.0,0.24,0.0,0.0,0.15,0.1,0.0,0.0,0.0,0.0,0.2,372.45270806460104
0.5,0.1,0.0,0.0,0.33,0.0,0.0,0.33,0.0,0.0,0.16,0.0,0.0,0.18,0.0,0.74,0.24,0.23,0.79,0.2,428.18828577000284
0.6,0.1,0.29,0.0,0.0,0.12,0.0,0.0,0.18,0.0,0.0,0.0,0.0,0.18,0.23,0.42,0.77,0.26,0.55,0.6,351.2487773012581
0.6,0.0,0.12,0.21,0.0,0.0,0.0,0.0,0.0,0.0,0.0,0.0,0.27,0.24,0.16,0.0,0.0,0.0,0.0,0.5,375.0638458826633
0.2,0.4,0.0,0.0,0.34,0.0,0.0,0.0,0.0,0.26,0.0,0.15,0.25,0.0,0.0,0.0,0.0,0.0,0.0,0.4,497.57951508750364
0.1,0.3,0.0,0.0,0.33,0.19,0.34,0.0,0.0,0.0,0.0,0.14,0.0,0.0,0.0,0.29,0.21,0.32,0.18,0.1,310.3584356173557
0.3,0.3,0.0,0.15,0.0,0.0,0.0,0.28,0.0,0.0,0.16,0.0,0.0,0.22,0.19,0.27,0.22,0.3,0.21,0.4,492.08107556742715
0.2,0.5,0.0,0.0,0.21,0.0,0.15,0.0,0.26,0.0,0.16,0.0,0.0,0.22,0.0,0.0,0.0,0.0,0.0,0.8,548.0751965627093
0.6,0.0,0.0,0.0,0.0,0.0,0.0,0.0,0.23,0.0,0.28,0.14,0.21,0.0,0.14,0.0,0.0,0.0,0.0,0.7,442.95131896813933
0.3,0.3,0.25,0.0,0.0,0.18,0.0,0.0,0.0,0.29,0.0,0.0,0.0,0.28,0.0,0.13,0.2,0.3,0.37,0.4,344.23816043984385
0.5,0.2,0.0,0.0,0.0,0.0,0.0,0.0,0.13,0.0,0.0,0.2,0.16,0.27,0.24,0.0,0.0,0.0,0.0,0.1,289.63453400005625
0.3,0.3,0.0,0.0,0.23,0.33,0.0,0.14,0.0,0.0,0.0,0.16,0.14,0.0,0.0,0.31,0.42,0.11,0.16,0.2,437.3971527718527
0.5,0.2,0.0,0.0,0.32,0.2,0.0,0.28,0.0,0.0,0.0,0.0,0.0,0.0,0.2,0.0,0.0,0.0,0.0,0.3,542.3818005125332
0.1,0.0,0.0,0.23,0.0,0.26,0.0,0.0,0.18,0.0,0.33,0.0,0.0,0.0,0.0,0.0,0.0,0.0,0.0,0.1,221.33132053612783
0.6,0.4,0.0,0.37,0.17,0.0,0.19,0.0,0.27,0.0,0.0,0.0,0.0,0.0,0.0,0.0,0.0,0.0,0.0,0.3,343.3731356960793
0.2,0.4,0.0,0.0,0.0,0.0,0.0,0.21,0.15,0.24,0.0,0.16,0.0,0.0,0.24,0.0,0.0,0.0,0.0,0.3,428.68406039064723
0.4,0.3,0.0,0.0,0.22,0.0,0.14,0.0,0.0,0.22,0.27,0.0,0.0,0.15,0.0,0.3,0.19,0.35,0.16,0.1,334.6019278616832
0.2,0.5,0.0,0.14,0.23,0.0,0.0,0.0,0.17,0.0,0.0,0.0,0.0,0.28,0.18,0.0,0.0,0.0,0.0,0.4,576.5578310466576
0.1,0.3,0.0,0.0,0.17,0.0,0.24,0.0,0.23,0.0,0.17,0.0,0.0,0.19,0.0,0.23,0.1,0.36,0.31,0.3,408.51230489184144
0.6,0.4,0.0,0.28,0.0,0.0,0.0,0.26,0.0,0.16,0.3,0.0,0.0,0.0,0.0,0.0,0.0,0.0,0.0,0.1,312.7889387944488
0.7,0.5,0.0,0.14,0.0,0.14,0.0,0.0,0.16,0.0,0.0,0.32,0.0,0.0,0.24,0.0,0.0,0.0,0.0,0.4,506.5444240216956
0.6,0.0,0.21,0.0,0.0,0.0,0.0,0.32,0.18,0.0,0.0,0.0,0.29,0.0,0.0,0.0,0.0,0.0,0.0,0.6,403.48635680009517
0.6,0.2,0.0,0.0,0.0,0.11,0.0,0.18,0.2,0.0,0.26,0.0,0.25,0.0,0.0,0.0,0.0,0.0,0.0,0.5,483.40837904119434
0.6,0.0,0.0,0.0,0.18,0.36,0.21,0.0,0.0,0.25,0.0,0.0,0.0,0.0,0.0,0.0,0.0,0.0,0.0,0.2,362.0582154862716
0.7,0.2,0.0,0.22,0.0,0.0,0.14,0.24,0.15,0.0,0.0,0.25,0.0,0.0,0.0,0.0,0.0,0.0,0.0,0.6,345.3473121307303
0.5,0.4,0.25,0.0,0.2,0.0,0.0,0.0,0.0,0.0,0.0,0.18,0.11,0.0,0.26,0.0,0.0,0.0,0.0,0.1,294.7200901121526
0.1,0.1,0.0,0.0,0.22,0.0,0.0,0.0,0.0,0.0,0.0,0.21,0.0,0.2,0.37,0.49,0.64,0.47,0.4,0.1,226.19623256258103
0.7,0.5,0.0,0.0,0.19,0.0,0.21,0.23,0.0,0.0,0.0,0.0,0.0,0.2,0.17,0.0,0.0,0.0,0.0,0.8,525.6818500360233
0.5,0.5,0.0,0.0,0.0,0.0,0.29,0.1,0.22,0.21,0.18,0.0,0.0,0.0,0.0,0.0,0.0,0.0,0.0,0.4,533.2288374858557
0.6,0.3,0.0,0.0,0.25,0.0,0.31,0.0,0.0,0.0,0.0,0.0,0.0,0.26,0.18,0.4,0.12,0.29,0.19,0.6,475.85386947474655
0.2,0.4,0.24,0.0,0.0,0.16,0.0,0.0,0.21,0.0,0.22,0.0,0.0,0.17,0.0,0.0,0.0,0.0,0.0,0.7,345.03318718314046
0.2,0.1,0.0,0.0,0.19,0.21,0.0,0.0,0.0,0.12,0.0,0.27,0.0,0.0,0.21,0.55,0.27,0.7,0.48,0.7,399.16954839307965
0.6,0.0,0.0,0.0,0.0,0.22,0.19,0.0,0.35,0.0,0.0,0.0,0.24,0.0,0.0,0.0,0.0,0.0,0.0,0.1,243.23951127828857
0.6,0.1,0.0,0.0,0.0,0.0,0.25,0.17,0.0,0.0,0.0,0.0,0.35,0.0,0.23,0.26,0.78,0.27,0.69,0.8,396.7192438770332
0.4,0.3,0.17,0.0,0.0,0.0,0.0,0.16,0.0,0.0,0.0,0.32,0.0,0.35,0.0,0.4,0.16,0.24,0.2,0.3,387.5660071257207
0.5,0.5,0.0,0.0,0.0,0.0,0.0,0.16,0.0,0.17,0.26,0.0,0.27,0.0,0.14,0.0,0.0,0.0,0.0,0.8,523.720554270214
0.4,0.4,0.0,0.0,0.0,0.0,0.0,0.0,0.14,0.12,0.0,0.26,0.0,0.28,0.2,0.0,0.0,0.0,0.0,0.1,341.3468716986782
0.2,0.5,0.0,0.0,0.0,0.0,0.0,0.23,0.0,0.24,0.0,0.24,0.16,0.0,0.13,0.0,0.0,0.0,0.0,0.1,424.63005883932055
0.6,0.5,0.0,0.0,0.0,0.3,0.0,0.0,0.0,0.0,0.22,0.19,0.29,0.0,0.0,0.0,0.0,0.0,0.0,0.1,463.21011575750646
0.7,0.4,0.18,0.0,0.0,0.0,0.0,0.0,0.0,0.29,0.0,0.0,0.18,0.0,0.35,0.0,0.0,0.0,0.0,0.8,397.8867059426586
0.2,0.4,0.0,0.0,0.0,0.19,0.0,0.0,0.2,0.0,0.31,0.0,0.0,0.3,0.0,0.0,0.0,0.0,0.0,0.1,351.5612902177263
0.5,0.1,0.0,0.0,0.24,0.09,0.22,0.0,0.21,0.24,0.0,0.0,0.0,0.0,0.0,0.59,0.42,0.42,0.57,0.8,421.99234357896063
0.5,0.3,0.0,0.0,0.0,0.0,0.0,0.39,0.0,0.0,0.17,0.23,0.21,0.0,0.0,0.1,0.3,0.25,0.35,0.7,487.3212372882864
0.4,0.3,0.0,0.0,0.0,0.14,0.0,0.0,0.3,0.14,0.0,0.0,0.16,0.0,0.26,0.21,0.27,0.28,0.24,0.6,470.7488249236471
0.2,0.1,0.0,0.0,0.0,0.0,0.17,0.0,0.0,0.0,0.32,0.13,0.0,0.24,0.14,0.69,0.33,0.42,0.56,0.3,387.60623340754813
0.6,0.1,0.0,0.0,0.0,0.0,0.19,0.0,0.0,0.0,0.24,0.36,0.0,0.0,0.21,0.41,0.49,0.68,0.42,0.2,373.15780478674577
0.7,0.1,0.0,0.25,0.27,0.16,0.0,0.0,0.0,0.17,0.0,0.0,0.0,0.15,0.0,0.72,0.3,0.61,0.37,0.7,524.0799939317882
0.2,0.4,0.0,0.17,0.0,0.0,0.0,0.23,0.0,0.0,0.0,0.17,0.29,0.14,0.0,0.0,0.0,0.0,0.0,0.4,430.5745978395149
0.4,0.5,0.0,0.0,0.0,0.22,0.0,0.25,0.25,0.0,0.0,0.0,0.28,0.0,0.0,0.0,0.0,0.0,0.0,0.7,525.6765686754758
0.3,0.0,0.0,0.13,0.0,0.28,0.0,0.13,0.23,0.0,0.0,0.0,0.0,0.0,0.23,0.0,0.0,0.0,0.0,0.8,440.7019499051023
0.1,0.5,0.15,0.24,0.0,0.0,0.3399999999999999,0.0,0.0,0.0,0.0,0.0,0.0,0.0,0.27,0.0,0.0,0.0,0.0,0.2,394.7288346624396
0.6,0.1,0.0,0.0,0.26,0.19,0.23,0.0,0.0,0.18,0.0,0.0,0.0,0.0,0.14,0.65,0.32,0.61,0.42,0.7,443.96958604504283
0.7,0.0,0.11,0.24,0.0,0.2,0.0,0.0,0.0,0.0,0.0,0.0,0.23,0.22,0.0,0.0,0.0,0.0,0.0,0.4,356.8205224095538
0.5,0.5,0.14,0.0,0.0,0.0,0.0,0.3,0.2,0.0,0.0,0.12,0.24,0.0,0.0,0.0,0.0,0.0,0.0,0.2,423.8899573251562
0.5,0.4,0.25,0.16,0.0,0.0,0.1,0.26,0.0,0.23,0.0,0.0,0.0,0.0,0.0,0.0,0.0,0.0,0.0,0.2,334.4616898351022
0.3,0.0,0.0,0.0,0.22,0.0,0.17,0.22,0.0,0.0,0.22,0.17,0.0,0.0,0.0,0.0,0.0,0.0,0.0,0.7,426.88375552338425
0.2,0.0,0.0,0.0,0.0,0.0,0.22,0.0,0.31,0.19,0.0,0.0,0.28,0.0,0.0,0.0,0.0,0.0,0.0,0.4,355.71606536409234
0.2,0.3,0.0,0.0,0.0,0.22,0.14,0.0,0.0,0.0,0.0,0.0,0.27,0.17,0.2,0.26,0.3,0.13,0.31,0.2,371.81821928782097
0.7,0.5,0.0,0.0,0.22,0.0,0.16,0.0,0.0,0.0,0.0,0.0,0.17,0.23,0.22,0.0,0.0,0.0,0.0,0.6,551.540912656976
0.6,0.4,0.32,0.32,0.16,0.0,0.0,0.0,0.0,0.0,0.2,0.0,0.0,0.0,0.0,0.0,0.0,0.0,0.0,0.6,286.43507841830655
0.5,0.0,0.12,0.0,0.16,0.0,0.0,0.28,0.0,0.0,0.15,0.0,0.0,0.0,0.29,0.0,0.0,0.0,0.0,0.7,423.8218774460372
0.7,0.2,0.0,0.21,0.0,0.0,0.24,0.26,0.0,0.15,0.0,0.0,0.0,0.0,0.14,0.0,0.0,0.0,0.0,0.5,395.79482135604263
0.7,0.5,0.27,0.0,0.0,0.16,0.0,0.0,0.0,0.0,0.0,0.22,0.18,0.0,0.17,0.0,0.0,0.0,0.0,0.7,376.4036754815085
0.2,0.3,0.0,0.28,0.0,0.0,0.0,0.0,0.0,0.0,0.33,0.19,0.0,0.2,0.0,0.29,0.14,0.34,0.23,0.2,402.96759712029956
0.5,0.4,0.21,0.0,0.0,0.0,0.0,0.3,0.33,0.0,0.0,0.16,0.0,0.0,0.0,0.0,0.0,0.0,0.0,0.3,333.19718631238544
0.1,0.5,0.0,0.0,0.0,0.3,0.0,0.0,0.16,0.25,0.13,0.0,0.16,0.0,0.0,0.0,0.0,0.0,0.0,0.7,529.4373139477163
0.7,0.2,0.0,0.0,0.0,0.0,0.0,0.22,0.26,0.19,0.0,0.0,0.0,0.0,0.33,0.0,0.0,0.0,0.0,0.1,338.1744714166014
0.1,0.3,0.17,0.18,0.0,0.0,0.0,0.0,0.0,0.0,0.14,0.0,0.22,0.29,0.0,0.32,0.32,0.19,0.17,0.5,402.48041907388534
0.2,0.3,0.0,0.0,0.0,0.0,0.32,0.0,0.0,0.23,0.0,0.0,0.0,0.15,0.3,0.28,0.25,0.23,0.24,0.7,388.1183412869543
0.6,0.2,0.0,0.36,0.0,0.14,0.0,0.0,0.0,0.0,0.28,0.0,0.0,0.0,0.22,0.0,0.0,0.0,0.0,0.2,396.6010674998354
0.2,0.5,0.0,0.0,0.0,0.0,0.34,0.0,0.26,0.16,0.0,0.0,0.24,0.0,0.0,0.0,0.0,0.0,0.0,0.2,476.22245785272503
0.1,0.2,0.0,0.18,0.0,0.0,0.25,0.0,0.22,0.0,0.35,0.0,0.0,0.0,0.0,0.0,0.0,0.0,0.0,0.1,283.58128038314754
0.4,0.5,0.0,0.0,0.0,0.13,0.0,0.0,0.0,0.18,0.0,0.27,0.27,0.15,0.0,0.0,0.0,0.0,0.0,0.6,506.1212630115329
0.1,0.2,0.25,0.0,0.0,0.0,0.0,0.0,0.0,0.0,0.0,0.38,0.2,0.0,0.17,0.0,0.0,0.0,0.0,0.3,295.2523455329885
0.2,0.0,0.0,0.0,0.15,0.21,0.0,0.0,0.0,0.0,0.41,0.0,0.0,0.0,0.23,0.0,0.0,0.0,0.0,0.3,448.20058369636894
0.3,0.0,0.0,0.0,0.37,0.16,0.23,0.24,0.0,0.0,0.0,0.0,0.0,0.0,0.0,0.0,0.0,0.0,0.0,0.1,248.15200553049775
0.5,0.2,0.0,0.0,0.0,0.0,0.0,0.34,0.0,0.25,0.25,0.0,0.0,0.0,0.16,0.0,0.0,0.0,0.0,0.1,381.05454696316804
0.4,0.0,0.0,0.0,0.25,0.0,0.0,0.0,0.21,0.16,0.23,0.15,0.0,0.0,0.0,0.0,0.0,0.0,0.0,0.6,515.5155658342373
0.7,0.3,0.33,0.21,0.0,0.0,0.0,0.0,0.25,0.0,0.0,0.0,0.21,0.0,0.0,0.1,0.36,0.24,0.3,0.8,328.69483257487923
0.3,0.0,0.0,0.0,0.0,0.22,0.18,0.0,0.27,0.0,0.0,0.13,0.2,0.0,0.0,0.0,0.0,0.0,0.0,0.7,345.65572945962424
0.4,0.0,0.0,0.23,0.25,0.0,0.34,0.18,0.0,0.0,0.0,0.0,0.0,0.0,0.0,0.0,0.0,0.0,0.0,0.5,454.46982040981396
0.1,0.5,0.0,0.0,0.0,0.3,0.0,0.2,0.0,0.0,0.0,0.0,0.26,0.0,0.24,0.0,0.0,0.0,0.0,0.1,443.5057537900565
0.6,0.3,0.0,0.29,0.0,0.26,0.0,0.0,0.0,0.21,0.12,0.0,0.0,0.0,0.12,0.19,0.08,0.36,0.37,0.1,319.5865460730913
0.4,0.3,0.0,0.0,0.0,0.0,0.0,0.0,0.0,0.31,0.0,0.0,0.29,0.17,0.23,0.33,0.18,0.39,0.1,0.4,491.4160031028532
0.1,0.0,0.2,0.0,0.0,0.0,0.0,0.0,0.0,0.0,0.3,0.0,0.18,0.12,0.2,0.0,0.0,0.0,0.0,0.6,342.24980323183013
0.4,0.1,0.13,0.0,0.28,0.0,0.12,0.17,0.0,0.0,0.0,0.0,0.0,0.0,0.3,0.26,0.72,0.78,0.24,0.2,362.8857832896596
0.7,0.2,0.3,0.0,0.16,0.0,0.0,0.23,0.0,0.0,0.0,0.0,0.0,0.0,0.31,0.0,0.0,0.0,0.0,0.3,418.9990025123966
0.3,0.4,0.0,0.0,0.29,0.0,0.0,0.0,0.0,0.17,0.0,0.14,0.0,0.18,0.22,0.0,0.0,0.0,0.0,0.5,524.6896327026956
0.4,0.1,0.0,0.0,0.0,0.0,0.0,0.17,0.0,0.23,0.11,0.25,0.0,0.24,0.0,0.37,0.65,0.52,0.46,0.2,433.7883499511826
0.7,0.3,0.28,0.0,0.0,0.0,0.0,0.0,0.0,0.0,0.19,0.3,0.23,0.0,0.0,0.33,0.13,0.35,0.19,0.3,329.96015271819937
0.6,0.0,0.23,0.0,0.0,0.35,0.0,0.0,0.0,0.0,0.0,0.19,0.0,0.0,0.23,0.0,0.0,0.0,0.0,0.3,294.98955947795275
0.5,0.0,0.26,0.0,0.0,0.0,0.0,0.0,0.0,0.23,0.0,0.18,0.0,0.14,0.19,0.0,0.0,0.0,0.0,0.8,295.31072826979386
0.6,0.5,0.0,0.0,0.0,0.25,0.35,0.0,0.0,0.16,0.0,0.0,0.0,0.24,0.0,0.0,0.0,0.0,0.0,0.1,446.7586017452641
0.2,0.3,0.23,0.0,0.0,0.0,0.0,0.0,0.0,0.39,0.0,0.0,0.19,0.19,0.0,0.31,0.27,0.23,0.19,0.4,331.1729433539995
0.1,0.0,0.0,0.0,0.0,0.24,0.13,0.0,0.0,0.0,0.0,0.25,0.2,0.18,0.0,0.0,0.0,0.0,0.0,0.1,219.13946092986882
0.4,0.3,0.3,0.0,0.18,0.0,0.0,0.0,0.0,0.0,0.26,0.0,0.0,0.0,0.26,0.25,0.32,0.32,0.11,0.1,333.9671539576176
0.7,0.2,0.22,0.0,0.0,0.0,0.0,0.0,0.0,0.0,0.0,0.25,0.0,0.33,0.2,0.0,0.0,0.0,0.0,0.3,297.2138209756895
0.5,0.2,0.0,0.2,0.0,0.0,0.25,0.09,0.0,0.0,0.0,0.2,0.0,0.0,0.26,0.0,0.0,0.0,0.0,0.5,398.1409109588051
0.3,0.0,0.0,0.0,0.26,0.13,0.22,0.0,0.0,0.29,0.0,0.0,0.0,0.1,0.0,0.0,0.0,0.0,0.0,0.6,444.5360519561731
0.2,0.4,0.0,0.0,0.26,0.0,0.26,0.26,0.0,0.22,0.0,0.0,0.0,0.0,0.0,0.0,0.0,0.0,0.0,0.4,445.8698023520565
0.2,0.1,0.0,0.29,0.0,0.0,0.22,0.0,0.0,0.0,0.31,0.0,0.18,0.0,0.0,0.47,0.56,0.54,0.43,0.2,304.20600621903617
0.1,0.3,0.0,0.0,0.0,0.0,0.0,0.34,0.0,0.22,0.25,0.0,0.19,0.0,0.0,0.41,0.23,0.12,0.24,0.8,444.73084459305835
0.4,0.1,0.0,0.22,0.0,0.0,0.0,0.0,0.0,0.0,0.28,0.23,0.0,0.0,0.27,0.46,0.36,0.33,0.85,0.7,410.47318505886625
0.2,0.2,0.0,0.18,0.29,0.0,0.0,0.0,0.0,0.32,0.0,0.0,0.21,0.0,0.0,0.0,0.0,0.0,0.0,0.6,516.8175687037074
0.1,0.3,0.0,0.0,0.14,0.14,0.0,0.0,0.0,0.0,0.0,0.0,0.35,0.17,0.2,0.35,0.27,0.1,0.28,0.6,454.1131139804844
0.2,0.3,0.0,0.0,0.0,0.0,0.17,0.0,0.0,0.0,0.0,0.28,0.0,0.22,0.33,0.18,0.34,0.21,0.27,0.8,374.81017470155217
0.3,0.5,0.0,0.0,0.0,0.0,0.23,0.13,0.0,0.22,0.0,0.27,0.15,0.0,0.0,0.0,0.0,0.0,0.0,0.1,426.55870700977937
0.1,0.2,0.18,0.24,0.0,0.0,0.0,0.0,0.0,0.0,0.0,0.12,0.22,0.24,0.0,0.0,0.0,0.0,0.0,0.3,351.4060152814302
0.3,0.5,0.0,0.0,0.0,0.0,0.27,0.11,0.0,0.27,0.21,0.0,0.0,0.0,0.14,0.0,0.0,0.0,0.0,0.1,462.28257019485517
0.2,0.4,0.0,0.3,0.0,0.2,0.0,0.0,0.0,0.17,0.0,0.0,0.2,0.13,0.0,0.0,0.0,0.0,0.0,0.5,404.77089288304063
0.5,0.1,0.0,0.25,0.0,0.0,0.0,0.0,0.0,0.0,0.29,0.0,0.27,0.0,0.19,0.55,0.57,0.32,0.56,0.4,400.8786984867441
0.4,0.5,0.0,0.25,0.0,0.18,0.35,0.0,0.22,0.0,0.0,0.0,0.0,0.0,0.0,0.0,0.0,0.0,0.0,0.4,451.4477564764969
0.6,0.4,0.0,0.0,0.0,0.35,0.14,0.0,0.0,0.0,0.0,0.0,0.27,0.0,0.24,0.0,0.0,0.0,0.0,0.4,422.4756780149034
0.7,0.2,0.18,0.0,0.21,0.0,0.0,0.0,0.0,0.22,0.0,0.39,0.0,0.0,0.0,0.0,0.0,0.0,0.0,0.6,419.1464536927893
0.1,0.5,0.0,0.17,0.0,0.25,0.0,0.2,0.0,0.0,0.0,0.16,0.0,0.0,0.22,0.0,0.0,0.0,0.0,0.3,492.3971262561418
0.2,0.5,0.22,0.0,0.0,0.37,0.0,0.0,0.0,0.29,0.0,0.0,0.12,0.0,0.0,0.0,0.0,0.0,0.0,0.3,378.2293666010418
0.4,0.1,0.0,0.41,0.0,0.0,0.23,0.0,0.0,0.0,0.0,0.17,0.0,0.0,0.19,0.35,0.39,0.57,0.69,0.4,319.2682115688093
0.1,0.2,0.0,0.0,0.0,0.21,0.28,0.28,0.23,0.0,0.0,0.0,0.0,0.0,0.0,0.0,0.0,0.0,0.0,0.7,366.6636216826564
0.5,0.4,0.14,0.0,0.0,0.2,0.12,0.0,0.0,0.0,0.0,0.0,0.0,0.2799999999999999,0.26,0.0,0.0,0.0,0.0,0.4,351.72426870081154
0.2,0.3,0.0,0.27,0.14,0.0,0.0,0.35,0.24,0.0,0.0,0.0,0.0,0.0,0.0,0.34,0.24,0.21,0.21,0.1,276.05515429046955
0.4,0.2,0.0,0.24,0.0,0.14,0.0,0.0,0.0,0.0,0.23,0.0,0.39,0.0,0.0,0.0,0.0,0.0,0.0,0.8,426.2870892805743
0.7,0.0,0.0,0.0,0.32,0.0,0.16,0.0,0.0,0.0,0.24,0.0,0.0,0.0,0.28,0.0,0.0,0.0,0.0,0.7,443.8878822985747
0.5,0.2,0.0,0.0,0.32,0.0,0.14,0.0,0.0,0.0,0.27,0.0,0.27,0.0,0.0,0.0,0.0,0.0,0.0,0.5,473.4677209566434
0.1,0.1,0.0,0.24,0.0,0.0,0.18,0.0,0.0,0.19,0.0,0.24,0.15,0.0,0.0,0.96,0.33,0.41,0.3,0.5,307.071427838195
0.6,0.0,0.19,0.0,0.0,0.0,0.0,0.0,0.2,0.0,0.0,0.23,0.25,0.13,0.0,0.0,0.0,0.0,0.0,0.5,372.94150394884764
0.6,0.3,0.0,0.25,0.0,0.0,0.0,0.37,0.0,0.0,0.2,0.0,0.0,0.18,0.0,0.35,0.34,0.19,0.12,0.7,421.76599957563775
0.4,0.5,0.17,0.0,0.0,0.28,0.0,0.0,0.0,0.24,0.31,0.0,0.0,0.0,0.0,0.0,0.0,0.0,0.0,0.4,461.14253392089523
0.5,0.0,0.25,0.11,0.0,0.0,0.0,0.19,0.23,0.22,0.0,0.0,0.0,0.0,0.0,0.0,0.0,0.0,0.0,0.2,415.8040506560024
0.6,0.4,0.18,0.0,0.0,0.19,0.19,0.17,0.0,0.0,0.0,0.0,0.0,0.0,0.27,0.0,0.0,0.0,0.0,0.4,357.2004302958975
0.5,0.5,0.0,0.0,0.0,0.0,0.0,0.0,0.0,0.29,0.25,0.0,0.0,0.24,0.22,0.0,0.0,0.0,0.0,0.8,533.3336087439172
0.3,0.2,0.14,0.0,0.27,0.0,0.0,0.0,0.0,0.23,0.19,0.0,0.17,0.0,0.0,0.0,0.0,0.0,0.0,0.1,333.9917279525231
0.2,0.1,0.23,0.0,0.19,0.0,0.0,0.0,0.0,0.0,0.0,0.23,0.23,0.0,0.12,0.36,0.41,0.8,0.43,0.5,278.0231363746178
0.4,0.0,0.0,0.0,0.0,0.0,0.0,0.18,0.0,0.26,0.0,0.0,0.23,0.0,0.33,0.0,0.0,0.0,0.0,0.8,471.86942706697704
0.7,0.5,0.19,0.23,0.0,0.0,0.12,0.0,0.0,0.0,0.0,0.27,0.0,0.0,0.19,0.0,0.0,0.0,0.0,0.2,380.6307817057372
0.4,0.0,0.0,0.0,0.0,0.0,0.0,0.0,0.23,0.2299999999999999,0.0,0.0,0.19,0.13,0.22,0.0,0.0,0.0,0.0,0.5,440.0122629922216
0.3,0.3,0.0,0.23,0.0,0.0,0.0,0.3,0.0,0.0,0.0,0.21,0.0,0.26,0.0,0.32,0.35,0.2,0.13,0.4,410.9043436144105
0.4,0.1,0.0,0.18,0.0,0.0,0.0,0.26,0.24,0.0,0.0,0.0,0.0,0.0,0.32,0.51,0.56,0.5,0.43,0.7,460.2601781059492
0.2,0.2,0.0,0.0,0.0,0.0,0.2,0.15,0.4,0.0,0.0,0.0,0.25,0.0,0.0,0.0,0.0,0.0,0.0,0.5,366.6636216826564
0.6,0.5,0.0,0.0,0.27,0.0,0.32,0.0,0.0,0.17,0.0,0.0,0.0,0.0,0.24,0.0,0.0,0.0,0.0,0.8,582.0552645872389
0.2,0.4,0.21,0.2,0.0,0.0,0.0,0.0,0.15,0.0,0.16,0.28,0.0,0.0,0.0,0.0,0.0,0.0,0.0,0.3,320.0559136569298
0.5,0.5,0.0,0.0,0.0,0.0,0.2,0.0,0.25,0.0,0.0,0.0,0.16,0.22,0.17,0.0,0.0,0.0,0.0,0.6,511.94722252402477
0.3,0.1,0.0,0.34,0.11,0.26,0.0,0.0,0.0,0.0,0.29,0.0,0.0,0.0,0.0,0.63,0.61,0.54,0.22,0.3,398.1572747676195
0.7,0.3,0.0,0.0,0.0,0.23,0.0,0.19,0.0,0.0,0.0,0.16,0.0,0.42,0.0,0.26,0.26,0.22,0.26,0.6,462.5284962811638
0.4,0.2,0.0,0.0,0.32,0.0,0.13,0.33,0.0,0.0,0.0,0.0,0.22,0.0,0.0,0.0,0.0,0.0,0.0,0.3,466.5441329510055
0.2,0.1,0.27,0.0,0.0,0.32,0.0,0.0,0.0,0.0,0.0,0.0,0.2,0.0,0.21,0.26,0.56,0.55,0.63,0.8,333.6949248155556
0.3,0.1,0.26,0.0,0.26,0.0,0.0,0.0,0.0,0.21,0.0,0.0,0.27,0.0,0.0,0.35,0.67,0.3,0.68,0.5,403.32304590064984
0.4,0.1,0.23,0.13,0.0,0.0,0.0,0.19,0.0,0.0,0.0,0.27,0.0,0.0,0.18,0.56,0.32,0.72,0.4,0.8,332.6051229390357
0.4,0.4,0.0,0.27,0.22,0.0,0.0,0.0,0.0,0.24,0.0,0.27,0.0,0.0,0.0,0.0,0.0,0.0,0.0,0.1,324.03268874431365
0.7,0.2,0.0,0.0,0.0,0.0,0.0,0.0,0.0,0.0,0.14,0.13,0.22,0.29,0.22,0.0,0.0,0.0,0.0,0.7,483.2535238560335
0.1,0.1,0.0,0.2,0.0,0.29,0.25,0.0,0.0,0.0,0.0,0.26,0.0,0.0,0.0,0.25,0.52,0.31,0.92,0.7,343.30415197753393
0.5,0.2,0.0,0.0,0.13,0.0,0.0,0.0,0.28,0.0,0.33,0.0,0.26,0.0,0.0,0.0,0.0,0.0,0.0,0.4,487.97322790786376
0.4,0.5,0.26,0.11,0.2,0.0,0.0,0.16,0.0,0.27,0.0,0.0,0.0,0.0,0.0,0.0,0.0,0.0,0.0,0.3,436.9298703261022
0.6,0.1,0.0,0.3,0.0,0.0,0.24,0.0,0.0,0.0,0.0,0.22,0.0,0.0,0.24,0.5,0.41,0.53,0.56,0.4,318.4300360084403
0.1,0.5,0.0,0.0,0.0,0.0,0.26,0.2,0.0,0.0,0.0,0.38,0.0,0.0,0.16,0.0,0.0,0.0,0.0,0.7,483.7628530427692
0.3,0.3,0.0,0.14,0.0,0.13,0.0,0.25,0.0,0.15,0.0,0.0,0.33,0.0,0.0,0.31,0.2,0.35,0.14,0.8,484.58072429748717
0.3,0.4,0.0,0.21,0.0,0.14,0.21,0.0,0.0,0.24,0.0,0.0,0.0,0.0,0.2,0.0,0.0,0.0,0.0,0.3,391.5608939062275
0.7,0.2,0.3,0.0,0.0,0.0,0.31,0.0,0.0,0.21,0.0,0.0,0.18,0.0,0.0,0.0,0.0,0.0,0.0,0.8,286.92863680446163
0.6,0.2,0.0,0.21,0.0,0.25,0.24,0.0,0.0,0.11,0.0,0.0,0.0,0.19,0.0,0.0,0.0,0.0,0.0,0.2,359.6647420149338
0.7,0.4,0.32,0.0,0.0,0.0,0.0,0.0,0.0,0.0,0.0,0.28,0.18,0.22,0.0,0.0,0.0,0.0,0.0,0.2,289.01004747456915
0.6,0.2,0.0,0.27,0.27,0.0,0.13,0.0,0.0,0.0,0.0,0.0,0.13,0.0,0.2,0.0,0.0,0.0,0.0,0.8,490.2965798254104
0.5,0.4,0.0,0.24,0.0,0.0,0.0,0.0,0.0,0.0,0.0,0.34,0.15,0.27,0.0,0.0,0.0,0.0,0.0,0.3,409.0885673195669
0.3,0.2,0.23,0.0,0.0,0.11,0.25,0.0,0.0,0.0,0.0,0.2,0.0,0.21,0.0,0.0,0.0,0.0,0.0,0.1,217.60858268871493
0.6,0.1,0.29,0.24,0.0,0.0,0.24,0.0,0.0,0.0,0.0,0.23,0.0,0.0,0.0,0.48,0.58,0.59,0.35,0.1,194.10060217281475
0.5,0.5,0.0,0.11,0.0,0.14,0.0,0.0,0.0,0.21,0.29,0.0,0.0,0.0,0.25,0.0,0.0,0.0,0.0,0.3,542.2973279778384
0.7,0.4,0.0,0.0,0.31,0.0,0.0,0.0,0.0,0.24,0.0,0.13,0.32,0.0,0.0,0.0,0.0,0.0,0.0,0.8,509.59648806102746
0.4,0.1,0.18,0.13,0.0,0.0,0.0,0.24,0.0,0.25,0.0,0.0,0.2,0.0,0.0,0.51,0.64,0.63,0.22,0.6,424.63915529529015
0.6,0.3,0.0,0.0,0.17,0.0,0.16,0.0,0.0,0.0,0.0,0.14,0.18,0.35,0.0,0.33,0.27,0.07,0.33,0.4,394.3734712737751
0.2,0.4,0.0,0.0,0.0,0.0,0.0,0.0,0.14,0.0,0.0,0.18,0.36,0.14,0.18,0.0,0.0,0.0,0.0,0.6,437.7219086531363
0.5,0.0,0.0,0.0,0.0,0.2,0.0,0.32,0.0,0.0,0.0,0.23,0.25,0.0,0.0,0.0,0.0,0.0,0.0,0.8,433.6812451138963
0.2,0.5,0.0,0.25,0.0,0.0,0.32,0.0,0.0,0.17,0.0,0.0,0.26,0.0,0.0,0.0,0.0,0.0,0.0,0.4,459.5486324425339
0.6,0.5,0.0,0.0,0.0,0.38,0.0,0.0,0.0,0.19,0.29,0.0,0.0,0.14,0.0,0.0,0.0,0.0,0.0,0.1,464.3411116897398
0.4,0.1,0.28,0.0,0.0,0.0,0.0,0.0,0.0,0.3,0.0,0.0,0.15,0.0,0.27,0.63,0.52,0.22,0.63,0.1,323.0655182165102
0.6,0.4,0.0,0.0,0.0,0.0,0.3399999999999999,0.25,0.22,0.19,0.0,0.0,0.0,0.0,0.0,0.0,0.0,0.0,0.0,0.6,417.80566906045243
0.6,0.4,0.0,0.0,0.0,0.0,0.0,0.0,0.23,0.22,0.0,0.24,0.0,0.19,0.12,0.0,0.0,0.0,0.0,0.8,440.024472174424
0.4,0.3,0.25,0.0,0.0,0.24,0.0,0.0,0.0,0.23,0.0,0.28,0.0,0.0,0.0,0.29,0.2,0.29,0.22,0.1,306.78912939525867
0.6,0.5,0.27,0.0,0.0,0.0,0.0,0.0,0.22,0.0,0.26,0.0,0.25,0.0,0.0,0.0,0.0,0.0,0.0,0.7,410.9320430994312
0.6,0.5,0.19,0.0,0.0,0.24,0.16,0.2,0.0,0.0,0.0,0.21,0.0,0.0,0.0,0.0,0.0,0.0,0.0,0.6,413.8612872945223
0.7,0.0,0.13,0.0,0.0,0.28,0.0,0.0,0.14,0.22,0.0,0.0,0.0,0.0,0.23,0.0,0.0,0.0,0.0,0.8,406.9140033651546
0.1,0.4,0.0,0.0,0.0,0.0,0.15,0.15,0.0,0.0,0.0,0.27,0.25,0.0,0.18,0.0,0.0,0.0,0.0,0.3,370.01683971920664
0.4,0.5,0.27,0.2,0.18,0.0,0.0,0.0,0.0,0.0,0.0,0.19,0.16,0.0,0.0,0.0,0.0,0.0,0.0,0.6,376.5337504830445
0.6,0.2,0.2,0.0,0.0,0.16,0.0,0.0,0.0,0.0,0.0,0.0,0.22,0.24,0.18,0.0,0.0,0.0,0.0,0.3,360.31030133214693
0.2,0.0,0.0,0.0,0.22,0.16,0.16,0.26,0.0,0.0,0.0,0.2,0.0,0.0,0.0,0.0,0.0,0.0,0.0,0.4,373.3773170381027
0.2,0.0,0.0,0.16,0.0,0.2,0.0,0.19,0.0,0.0,0.21,0.0,0.24,0.0,0.0,0.0,0.0,0.0,0.0,0.6,417.26121788093377
0.2,0.0,0.24,0.0,0.2799999999999999,0.0,0.0,0.21,0.0,0.0,0.27,0.0,0.0,0.0,0.0,0.0,0.0,0.0,0.0,0.6,390.6808990282316
0.3,0.2,0.0,0.15,0.0,0.3399999999999999,0.0,0.0,0.17,0.0,0.0,0.0,0.34,0.0,0.0,0.0,0.0,0.0,0.0,0.8,479.6081247566954
0.7,0.2,0.24,0.0,0.0,0.0,0.23,0.0,0.0,0.35,0.0,0.0,0.0,0.18,0.0,0.0,0.0,0.0,0.0,0.5,283.56971688275945
0.1,0.5,0.0,0.18,0.0,0.0,0.0,0.0,0.12,0.0,0.0,0.2,0.23,0.0,0.27,0.0,0.0,0.0,0.0,0.8,503.58592504641217
0.7,0.1,0.0,0.28,0.0,0.25,0.0,0.0,0.24,0.0,0.0,0.0,0.0,0.0,0.23,0.35,0.72,0.6,0.33,0.7,377.5621424505053
0.5,0.0,0.32,0.28,0.0,0.0,0.18,0.0,0.22,0.0,0.0,0.0,0.0,0.0,0.0,0.0,0.0,0.0,0.0,0.1,186.36756497234785
0.2,0.0,0.17,0.2,0.21,0.0,0.0,0.21,0.0,0.21,0.0,0.0,0.0,0.0,0.0,0.0,0.0,0.0,0.0,0.5,399.58039062575506
0.1,0.0,0.11,0.0,0.0,0.0,0.13,0.0,0.26,0.0,0.24,0.0,0.0,0.26,0.0,0.0,0.0,0.0,0.0,0.4,367.63379504534015
0.5,0.2,0.0,0.0,0.0,0.17,0.0,0.0,0.31,0.0,0.0,0.25,0.0,0.0,0.27,0.0,0.0,0.0,0.0,0.3,443.693389588914
0.3,0.1,0.0,0.13,0.3,0.0,0.0,0.0,0.0,0.0,0.0,0.0,0.26,0.0,0.31,0.34,0.31,0.81,0.54,0.3,492.67045406848445
0.3,0.4,0.0,0.19,0.22,0.0,0.0,0.21,0.0,0.0,0.0,0.0,0.18,0.2,0.0,0.0,0.0,0.0,0.0,0.7,517.7712766017239
0.2,0.5,0.0,0.32,0.31,0.0,0.0,0.0,0.0,0.0,0.0,0.0,0.17,0.0,0.2,0.0,0.0,0.0,0.0,0.2,516.2831148029567
0.3,0.2,0.0,0.32,0.0,0.0,0.25,0.24,0.0,0.19,0.0,0.0,0.0,0.0,0.0,0.0,0.0,0.0,0.0,0.4,359.4240037732879
0.4,0.3,0.0,0.27,0.0,0.2,0.0,0.0,0.0,0.23,0.0,0.0,0.0,0.3,0.0,0.27,0.27,0.16,0.3,0.7,425.9079776576484
0.4,0.1,0.2,0.25,0.0,0.0,0.2,0.0,0.0,0.18,0.17,0.0,0.0,0.0,0.0,0.35,0.86,0.22,0.57,0.6,247.49776559092385
0.1,0.1,0.0,0.0,0.0,0.0,0.0,0.27,0.0,0.0,0.0,0.0,0.22,0.25,0.26,0.71,0.27,0.37,0.65,0.6,402.89380423642615
0.2,0.4,0.2,0.32,0.0,0.12,0.0,0.0,0.0,0.0,0.0,0.0,0.0,0.18,0.18,0.0,0.0,0.0,0.0,0.3,284.2127159903595
0.7,0.4,0.0,0.16,0.0,0.0,0.0,0.23,0.0,0.0,0.0,0.26,0.35,0.0,0.0,0.0,0.0,0.0,0.0,0.1,362.36643275962274
0.7,0.5,0.24,0.0,0.14,0.0,0.0,0.0,0.0,0.34,0.0,0.0,0.0,0.0,0.28,0.0,0.0,0.0,0.0,0.8,397.297633816947
0.7,0.4,0.0,0.31,0.15,0.25,0.0,0.0,0.0,0.0,0.0,0.0,0.0,0.29,0.0,0.0,0.0,0.0,0.0,0.5,422.3908532547481
0.2,0.1,0.26,0.17,0.0,0.0,0.0,0.0,0.18,0.15,0.24,0.0,0.0,0.0,0.0,0.62,0.56,0.63,0.19,0.4,359.9864737037381
0.7,0.0,0.0,0.2,0.24,0.21,0.17,0.0,0.0,0.0,0.0,0.0,0.0,0.18,0.0,0.0,0.0,0.0,0.0,0.6,431.45761429240696
0.5,0.5,0.0,0.28,0.0,0.0,0.0,0.0,0.0,0.13,0.0,0.0,0.0,0.31,0.28,0.0,0.0,0.0,0.0,0.5,471.7093792169526
0.7,0.2,0.34,0.0,0.0,0.25,0.0,0.12,0.0,0.0,0.0,0.29,0.0,0.0,0.0,0.0,0.0,0.0,0.0,0.4,337.77680737354547
0.2,0.4,0.0,0.33,0.23,0.0,0.0,0.0,0.0,0.0,0.3,0.0,0.14,0.0,0.0,0.0,0.0,0.0,0.0,0.2,448.7614656076361
0.6,0.4,0.12,0.26,0.0,0.15,0.0,0.0,0.0,0.27,0.0,0.0,0.0,0.2,0.0,0.0,0.0,0.0,0.0,0.7,340.1139873534678
0.3,0.3,0.0,0.0,0.27,0.0,0.0,0.3,0.0,0.0,0.18,0.0,0.0,0.25,0.0,0.29,0.28,0.17,0.26,0.6,539.5652323747096
0.2,0.5,0.12,0.21,0.0,0.0,0.19,0.0,0.0,0.0,0.0,0.31,0.0,0.0,0.17,0.0,0.0,0.0,0.0,0.4,392.8262883114021
0.7,0.0,0.0,0.0,0.23,0.0,0.0,0.0,0.22,0.28,0.0,0.0,0.0,0.0,0.27,0.0,0.0,0.0,0.0,0.6,484.5831178737355
0.6,0.4,0.0,0.0,0.22,0.35,0.0,0.0,0.0,0.0,0.0,0.14,0.29,0.0,0.0,0.0,0.0,0.0,0.0,0.3,488.53950781475163
0.7,0.3,0.0,0.25,0.0,0.0,0.21,0.21,0.33,0.0,0.0,0.0,0.0,0.0,0.0,0.29,0.15,0.37,0.19,0.1,261.32196226288244
0.3,0.4,0.0,0.26,0.26,0.0,0.24,0.0,0.0,0.0,0.0,0.24,0.0,0.0,0.0,0.0,0.0,0.0,0.0,0.7,484.6908926987659
0.1,0.2,0.0,0.0,0.0,0.23,0.0,0.0,0.0,0.29,0.0,0.17,0.0,0.0,0.31,0.0,0.0,0.0,0.0,0.1,304.44044942501847
0.6,0.2,0.0,0.0,0.23,0.0,0.21,0.0,0.0,0.15,0.24,0.17,0.0,0.0,0.0,0.0,0.0,0.0,0.0,0.4,485.1190577750082
0.6,0.1,0.0,0.0,0.0,0.0,0.0,0.26,0.14,0.27,0.18,0.0,0.15,0.0,0.0,0.23,0.64,0.59,0.54,0.3,477.9480714093281
0.6,0.2,0.0,0.31,0.0,0.0,0.0,0.16,0.16,0.0,0.0,0.0,0.37,0.0,0.0,0.0,0.0,0.0,0.0,0.2,408.68150212020294
0.3,0.1,0.0,0.0,0.15,0.23,0.16,0.0,0.0,0.0,0.23,0.23,0.0,0.0,0.0,0.59,0.65,0.52,0.24,0.4,395.3036259526783
0.4,0.5,0.0,0.0,0.23,0.0,0.0,0.18,0.0,0.22,0.0,0.0,0.0,0.0,0.37,0.0,0.0,0.0,0.0,0.4,583.2442535959958
0.3,0.1,0.0,0.0,0.0,0.0,0.0,0.11,0.26,0.0,0.0,0.19,0.16,0.0,0.28,0.46,0.47,0.42,0.65,0.6,405.8535929957863
0.4,0.3,0.0,0.0,0.0,0.0,0.19,0.28,0.0,0.0,0.0,0.31,0.0,0.22,0.0,0.29,0.18,0.31,0.22,0.8,402.93381337348956
0.4,0.4,0.0,0.0,0.19,0.22,0.18,0.22,0.0,0.0,0.0,0.0,0.19,0.0,0.0,0.0,0.0,0.0,0.0,0.5,431.4194284565565
0.2,0.5,0.24,0.0,0.0,0.17,0.0,0.0,0.0,0.19,0.11,0.0,0.29,0.0,0.0,0.0,0.0,0.0,0.0,0.5,381.5686538950706
0.7,0.2,0.0,0.26,0.0,0.0,0.0,0.23,0.0,0.0,0.25,0.0,0.0,0.26,0.0,0.0,0.0,0.0,0.0,0.4,422.84688779225957
0.2,0.0,0.0,0.0,0.24,0.0,0.0,0.0,0.0,0.19,0.13,0.25,0.0,0.0,0.19,0.0,0.0,0.0,0.0,0.7,498.7320441925313
0.1,0.1,0.21,0.0,0.0,0.0,0.21,0.0,0.27,0.0,0.0,0.0,0.17,0.0,0.14,0.54,0.49,0.6799999999999999,0.29,0.1,225.82969517372177
0.4,0.5,0.0,0.0,0.26,0.0,0.0,0.28,0.0,0.26,0.0,0.0,0.0,0.2,0.0,0.0,0.0,0.0,0.0,0.5,586.9595790435973
0.5,0.4,0.0,0.0,0.3,0.0,0.0,0.3,0.13,0.0,0.0,0.0,0.0,0.27,0.0,0.0,0.0,0.0,0.0,0.3,542.3818005125332
0.6,0.2,0.19,0.29,0.0,0.0,0.2,0.0,0.0,0.0,0.0,0.0,0.0,0.0,0.32,0.0,0.0,0.0,0.0,0.3,282.3652746558831
0.2,0.1,0.0,0.0,0.0,0.0,0.18,0.0,0.0,0.18,0.17,0.17,0.0,0.3,0.0,0.45,0.39,0.67,0.49,0.8,380.15240471030944
0.4,0.5,0.0,0.16,0.0,0.0,0.0,0.0,0.0,0.0,0.25,0.2,0.19,0.0,0.2,0.0,0.0,0.0,0.0,0.2,508.3354226705479
0.5,0.3,0.0,0.19,0.0,0.3,0.0,0.0,0.0,0.0,0.0,0.28,0.0,0.23,0.0,0.23,0.14,0.22,0.41,0.6,456.26754425910195
0.1,0.5,0.0,0.0,0.0,0.0,0.0,0.0,0.27,0.13,0.0,0.0,0.25,0.26,0.09,0.0,0.0,0.0,0.0,0.8,503.95781358755096
0.5,0.3,0.0,0.0,0.38,0.0,0.16,0.24,0.0,0.0,0.0,0.0,0.22,0.0,0.0,0.21,0.27,0.29,0.23,0.2,387.75895555288935
0.1,0.3,0.0,0.0,0.0,0.18,0.0,0.0,0.0,0.0,0.39,0.18,0.0,0.25,0.0,0.15,0.24,0.44,0.17,0.6,464.7833038589401
0.7,0.1,0.0,0.21,0.0,0.23,0.0,0.0,0.0,0.16,0.23,0.17,0.0,0.0,0.0,0.25,0.49,0.56,0.7,0.4,430.1003229401248
0.1,0.4,0.0,0.28,0.2,0.0,0.22,0.15,0.0,0.0,0.0,0.0,0.0,0.15,0.0,0.0,0.0,0.0,0.0,0.3,333.1018974398108
0.1,0.2,0.21,0.0,0.0,0.0,0.21,0.0,0.0,0.22,0.18,0.0,0.0,0.0,0.18,0.0,0.0,0.0,0.0,0.6,277.7918608149173
0.6,0.0,0.0,0.28,0.29,0.0,0.0,0.0,0.0,0.19,0.0,0.24,0.0,0.0,0.0,0.0,0.0,0.0,0.0,0.5,509.5830550341255
0.3,0.4,0.19,0.25,0.0,0.0,0.0,0.14,0.0,0.42,0.0,0.0,0.0,0.0,0.0,0.0,0.0,0.0,0.0,0.1,273.69563519002753
0.7,0.1,0.0,0.0,0.25,0.0,0.15,0.0,0.0,0.18,0.25,0.17,0.0,0.0,0.0,0.47,0.67,0.62,0.24,0.7,473.5194869719586
0.2,0.0,0.31,0.0,0.0,0.19,0.0,0.0,0.0,0.31,0.0,0.0,0.0,0.0,0.19,0.0,0.0,0.0,0.0,0.6,309.0410825427557
0.3,0.2,0.0,0.0,0.14,0.0,0.33,0.0,0.0,0.0,0.34,0.0,0.0,0.19,0.0,0.0,0.0,0.0,0.0,0.3,430.3852851103695
0.4,0.0,0.0,0.0,0.0,0.21,0.0,0.39,0.0,0.21,0.19,0.0,0.0,0.0,0.0,0.0,0.0,0.0,0.0,0.3,473.32796985645825
0.7,0.5,0.26,0.0,0.0,0.29,0.1,0.17,0.0,0.0,0.0,0.18,0.0,0.0,0.0,0.0,0.0,0.0,0.0,0.1,383.55851767700705
0.2,0.5,0.22,0.0,0.0,0.0,0.31,0.0,0.0,0.12,0.0,0.14,0.0,0.0,0.21,0.0,0.0,0.0,0.0,0.6,349.58023674449885
0.2,0.4,0.0,0.0,0.23,0.16,0.0,0.0,0.0,0.4,0.21,0.0,0.0,0.0,0.0,0.0,0.0,0.0,0.0,0.7,513.3715409712084
0.4,0.0,0.0,0.0,0.18,0.26,0.0,0.0,0.0,0.0,0.0,0.0,0.18,0.0,0.38,0.0,0.0,0.0,0.0,0.5,452.45644417361603
0.7,0.5,0.0,0.0,0.0,0.27,0.0,0.0,0.21,0.35,0.0,0.0,0.17,0.0,0.0,0.0,0.0,0.0,0.0,0.4,524.0691322423794
0.7,0.1,0.0,0.0,0.0,0.0,0.18,0.0,0.0,0.34,0.0,0.19,0.0,0.0,0.29,0.48,0.66,0.18,0.68,0.5,365.15815920073135
0.2,0.2,0.0,0.0,0.12,0.0,0.18,0.0,0.27,0.0,0.15,0.0,0.28,0.0,0.0,0.0,0.0,0.0,0.0,0.5,395.8870354552641
0.6,0.3,0.0,0.18,0.0,0.25,0.0,0.11,0.0,0.0,0.0,0.18,0.0,0.0,0.28,0.22,0.18,0.34,0.26,0.7,462.5284962811638
0.3,0.5,0.0,0.0,0.24,0.14,0.0,0.0,0.28,0.24,0.0,0.0,0.1,0.0,0.0,0.0,0.0,0.0,0.0,0.5,558.8543253298176
0.5,0.4,0.0,0.13,0.28,0.0,0.0,0.0,0.15,0.26,0.18,0.0,0.0,0.0,0.0,0.0,0.0,0.0,0.0,0.5,552.8982822156539
0.3,0.2,0.22,0.0,0.0,0.0,0.0,0.0,0.31,0.0,0.0,0.14,0.0,0.11,0.22,0.0,0.0,0.0,0.0,0.7,301.06796730604566
0.1,0.1,0.0,0.31,0.0,0.0,0.0,0.24,0.0,0.0,0.0,0.29,0.0,0.0,0.16,0.5,0.35,0.54,0.61,0.1,226.64217774719594
0.4,0.3,0.0,0.24,0.0,0.22,0.15,0.14,0.25,0.0,0.0,0.0,0.0,0.0,0.0,0.29,0.27,0.25,0.19,0.2,319.91413860264794
0.3,0.2,0.22,0.0,0.0,0.0,0.29,0.0,0.29,0.0,0.0,0.0,0.0,0.0,0.2,0.0,0.0,0.0,0.0,0.8,294.20964019138086
0.3,0.5,0.0,0.0,0.23,0.0,0.0,0.22,0.0,0.32,0.0,0.0,0.23,0.0,0.0,0.0,0.0,0.0,0.0,0.6,560.0227307486439
0.6,0.2,0.0,0.21,0.12,0.17,0.0,0.0,0.0,0.0,0.0,0.0,0.21,0.0,0.29,0.0,0.0,0.0,0.0,0.7,446.4016595045287
0.7,0.5,0.18,0.0,0.16,0.0,0.0,0.0,0.0,0.0,0.0,0.0,0.0,0.32,0.34,0.0,0.0,0.0,0.0,0.7,446.28403005805166
0.4,0.1,0.0,0.0,0.14,0.0,0.0,0.0,0.0,0.0,0.0,0.32,0.0,0.25,0.29,0.32,0.74,0.27,0.67,0.8,424.0678679570108
0.4,0.3,0.0,0.0,0.0,0.0,0.0,0.0,0.2,0.0,0.27,0.36,0.0,0.0,0.17,0.2,0.37,0.34,0.09,0.2,442.14797438267493
0.7,0.5,0.0,0.0,0.18,0.31,0.18,0.0,0.0,0.0,0.0,0.33,0.0,0.0,0.0,0.0,0.0,0.0,0.0,0.1,425.40514085519584
0.3,0.0,0.0,0.0,0.0,0.16,0.23,0.0,0.0,0.22,0.0,0.0,0.12,0.0,0.27,0.0,0.0,0.0,0.0,0.5,381.52352411496526
0.4,0.4,0.0,0.0,0.0,0.32,0.19,0.0,0.0,0.0,0.28,0.0,0.21,0.0,0.0,0.0,0.0,0.0,0.0,0.2,404.55493972746604
0.2,0.2,0.0,0.0,0.23,0.0,0.0,0.0,0.0,0.0,0.0,0.0,0.36,0.2,0.21,0.0,0.0,0.0,0.0,0.8,505.8651000575068
0.2,0.1,0.26,0.0,0.0,0.0,0.0,0.3,0.0,0.18,0.0,0.0,0.0,0.0,0.26,0.43,0.45,0.5,0.62,0.4,354.70492099417334
0.1,0.0,0.26,0.12,0.24,0.0,0.15,0.0,0.23,0.0,0.0,0.0,0.0,0.0,0.0,0.0,0.0,0.0,0.0,0.7,339.51577110832073
0.5,0.1,0.12,0.0,0.0,0.0,0.18,0.0,0.15,0.0,0.24,0.0,0.31,0.0,0.0,0.51,0.57,0.42,0.5,0.1,278.09379403608426
0.5,0.0,0.3,0.0,0.0,0.31,0.0,0.0,0.0,0.0,0.18,0.0,0.0,0.0,0.21,0.0,0.0,0.0,0.0,0.4,369.666064312348
0.5,0.2,0.0,0.16,0.0,0.24,0.0,0.0,0.0,0.17,0.22,0.0,0.21,0.0,0.0,0.0,0.0,0.0,0.0,0.2,471.78787708568365
0.3,0.3,0.0,0.37,0.0,0.25,0.0,0.17,0.0,0.0,0.21,0.0,0.0,0.0,0.0,0.18,0.29,0.19,0.34,0.4,420.44689269815046
0.4,0.3,0.23,0.26,0.0,0.0,0.24,0.0,0.1,0.0,0.0,0.0,0.17,0.0,0.0,0.45,0.13,0.31,0.11,0.5,238.04417462476846
0.4,0.1,0.0,0.25,0.0,0.0,0.3,0.0,0.13,0.0,0.32,0.0,0.0,0.0,0.0,0.6,0.64,0.22,0.54,0.4,344.5598135449224
0.7,0.2,0.0,0.0,0.0,0.0,0.18,0.16,0.0,0.26,0.0,0.2,0.0,0.2,0.0,0.0,0.0,0.0,0.0,0.1,315.1783659859704
0.1,0.0,0.0,0.0,0.0,0.16,0.27,0.34,0.23,0.0,0.0,0.0,0.0,0.0,0.0,0.0,0.0,0.0,0.0,0.8,332.72263441303096
0.5,0.5,0.21,0.0,0.0,0.0,0.0,0.0,0.0,0.0,0.3,0.16,0.11,0.0,0.22,0.0,0.0,0.0,0.0,0.2,406.57225583409206
0.5,0.1,0.0,0.31,0.28,0.0,0.0,0.0,0.0,0.18,0.0,0.23,0.0,0.0,0.0,0.43,0.52,0.57,0.48,0.3,515.0609951776086
0.4,0.4,0.0,0.0,0.17,0.28,0.0,0.0,0.0,0.0,0.0,0.18,0.17,0.0,0.2,0.0,0.0,0.0,0.0,0.3,453.38018600278474
0.2,0.3,0.0,0.0,0.0,0.0,0.0,0.0,0.12,0.3,0.17,0.0,0.23,0.0,0.18,0.3,0.33,0.19,0.18,0.1,369.99469905956624
0.7,0.1,0.0,0.0,0.0,0.0,0.0,0.13,0.33,0.25,0.29,0.0,0.0,0.0,0.0,0.65,0.54,0.38,0.43,0.6,457.3620330170804
0.5,0.2,0.0,0.2,0.0,0.0,0.0,0.0,0.0,0.0,0.34,0.0,0.0,0.32,0.14,0.0,0.0,0.0,0.0,0.1,328.1431714925942
0.6,0.0,0.0,0.14,0.27,0.15,0.0,0.0,0.0,0.31,0.0,0.0,0.13,0.0,0.0,0.0,0.0,0.0,0.0,0.4,514.5099755254624
0.2,0.3,0.2,0.0,0.0,0.0,0.0,0.0,0.0,0.18,0.31,0.15,0.0,0.0,0.16,0.45,0.13,0.25,0.17,0.7,304.25635290672165
0.2,0.5,0.0,0.0,0.0,0.0,0.23,0.28,0.0,0.2,0.15,0.14,0.0,0.0,0.0,0.0,0.0,0.0,0.0,0.3,512.0544920769512
0.7,0.1,0.0,0.0,0.0,0.0,0.29,0.0,0.2,0.0,0.0,0.3,0.0,0.0,0.21,0.93,0.36,0.36,0.35,0.1,224.78951885171017
0.2,0.2,0.0,0.0,0.16,0.0,0.0,0.0,0.0,0.0,0.18,0.25,0.0,0.17,0.24,0.0,0.0,0.0,0.0,0.3,466.4891659378653
0.1,0.1,0.0,0.0,0.29,0.0,0.0,0.0,0.0,0.27,0.0,0.0,0.24,0.0,0.2,0.4,0.39,0.73,0.48,0.3,488.45383163762193
0.4,0.4,0.32,0.25,0.0,0.18,0.0,0.0,0.0,0.25,0.0,0.0,0.0,0.0,0.0,0.0,0.0,0.0,0.0,0.4,291.5009746049055
0.3,0.5,0.29,0.0,0.16,0.0,0.0,0.0,0.0,0.24,0.31,0.0,0.0,0.0,0.0,0.0,0.0,0.0,0.0,0.7,392.61231612309643
0.5,0.5,0.0,0.0,0.0,0.0,0.0,0.0,0.0,0.27,0.34,0.0,0.2,0.0,0.19,0.0,0.0,0.0,0.0,0.3,540.8282665655178
0.4,0.5,0.0,0.0,0.0,0.24,0.17,0.0,0.25,0.0,0.0,0.0,0.0,0.0,0.34,0.0,0.0,0.0,0.0,0.5,510.38427562159404
0.6,0.2,0.0,0.0,0.2,0.0,0.0,0.0,0.32,0.0,0.32,0.0,0.0,0.16,0.0,0.0,0.0,0.0,0.0,0.2,453.905116533314
0.4,0.2,0.33,0.0,0.0,0.0,0.0,0.19,0.0,0.0,0.0,0.14,0.0,0.0,0.34,0.0,0.0,0.0,0.0,0.2,337.78508628659677
0.4,0.0,0.0,0.17,0.0,0.0,0.0,0.13,0.0,0.33,0.11,0.0,0.0,0.26,0.0,0.0,0.0,0.0,0.0,0.4,479.26513736569717
0.6,0.4,0.24,0.0,0.26,0.0,0.18,0.0,0.0,0.0,0.0,0.0,0.32,0.0,0.0,0.0,0.0,0.0,0.0,0.3,349.1671999121343
0.3,0.4,0.0,0.0,0.16,0.15,0.0,0.0,0.0,0.2,0.32,0.0,0.0,0.17,0.0,0.0,0.0,0.0,0.0,0.7,481.1832365748669
0.6,0.0,0.32,0.0,0.14,0.0,0.0,0.16,0.26,0.12,0.0,0.0,0.0,0.0,0.0,0.0,0.0,0.0,0.0,0.4,415.6934047723587
0.6,0.1,0.31,0.0,0.0,0.0,0.0,0.0,0.12,0.0,0.33,0.0,0.24,0.0,0.0,0.28,0.71,0.27,0.74,0.2,373.02290568885826
0.7,0.0,0.26,0.0,0.0,0.0,0.0,0.0,0.32,0.17,0.0,0.0,0.25,0.0,0.0,0.0,0.0,0.0,0.0,0.7,350.0810104009209
0.4,0.4,0.0,0.24,0.15,0.28,0.0,0.0,0.0,0.0,0.0,0.0,0.33,0.0,0.0,0.0,0.0,0.0,0.0,0.8,425.1623258011373
0.1,0.3,0.18,0.0,0.0,0.15,0.0,0.39,0.0,0.28,0.0,0.0,0.0,0.0,0.0,0.26,0.3,0.22,0.22,0.7,366.6077946571969
0.5,0.1,0.16,0.31,0.0,0.0,0.3399999999999999,0.0,0.0,0.19,0.0,0.0,0.0,0.0,0.0,0.58,0.44,0.66,0.32,0.4,282.5236005442592
0.2,0.1,0.0,0.0,0.0,0.0,0.22,0.0,0.0,0.21,0.17,0.19,0.0,0.21,0.0,0.28,0.55,0.5,0.67,0.3,387.76460147119127
0.5,0.5,0.0,0.0,0.0,0.29,0.0,0.0,0.28,0.0,0.0,0.0,0.17,0.26,0.0,0.0,0.0,0.0,0.0,0.8,520.0363737323246
0.5,0.3,0.0,0.0,0.33,0.0,0.0,0.0,0.24,0.0,0.0,0.25,0.18,0.0,0.0,0.35,0.27,0.11,0.27,0.4,500.16603818606694
0.7,0.3,0.0,0.0,0.0,0.0,0.0,0.35,0.0,0.0,0.2,0.0,0.28,0.17,0.0,0.3999999999999999,0.21,0.13,0.26,0.8,492.185356611288
0.3,0.1,0.43,0.15,0.0,0.0,0.0,0.0,0.0,0.0,0.0,0.0,0.19,0.0,0.23,0.37,0.52,0.28,0.83,0.7,341.1162079674235
0.3,0.2,0.23,0.0,0.0,0.29,0.0,0.23,0.0,0.0,0.0,0.25,0.0,0.0,0.0,0.0,0.0,0.0,0.0,0.3,325.8768650461904
0.6,0.5,0.0,0.3,0.13,0.0,0.27,0.0,0.3,0.0,0.0,0.0,0.0,0.0,0.0,0.0,0.0,0.0,0.0,0.6,451.284046485534
0.1,0.4,0.24,0.0,0.0,0.0,0.22,0.2,0.0,0.24,0.0,0.1,0.0,0.0,0.0,0.0,0.0,0.0,0.0,0.6,276.9718243684402
0.7,0.1,0.22,0.0,0.0,0.25,0.0,0.0,0.0,0.0,0.0,0.0,0.31,0.22,0.0,0.5,0.5,0.55,0.45,0.1,263.9967926413199
0.1,0.1,0.0,0.0,0.29,0.26,0.0,0.0,0.0,0.0,0.31,0.14,0.0,0.0,0.0,0.31,0.75,0.44,0.5,0.1,307.21388737017116
0.4,0.1,0.0,0.31,0.25,0.0,0.0,0.0,0.0,0.0,0.0,0.0,0.2,0.24,0.0,0.73,0.64,0.33,0.3,0.6,526.1890753111304
0.4,0.1,0.0,0.21,0.0,0.15,0.0,0.0,0.0,0.25,0.0,0.0,0.0,0.16,0.23,0.54,0.59,0.28,0.59,0.5,421.1541516582851
0.6,0.1,0.15,0.0,0.0,0.0,0.0,0.16,0.16,0.0,0.28,0.0,0.25,0.0,0.0,0.22,0.8200000000000001,0.38,0.58,0.8,432.27562224896025
0.5,0.4,0.0,0.12,0.0,0.0,0.0,0.0,0.22,0.13,0.0,0.0,0.0,0.3,0.23,0.0,0.0,0.0,0.0,0.5,475.57031147079147
0.4,0.1,0.14,0.16,0.0,0.0,0.0,0.0,0.0,0.0,0.26,0.0,0.0,0.29,0.15,0.9,0.5,0.28,0.32,0.5,416.04483710615045
0.3,0.4,0.0,0.0,0.0,0.0,0.0,0.29,0.0,0.0,0.14,0.31,0.26,0.0,0.0,0.0,0.0,0.0,0.0,0.5,473.46506976076864
0.1,0.4,0.0,0.0,0.3399999999999999,0.0,0.0,0.27,0.22,0.0,0.0,0.0,0.0,0.0,0.17,0.0,0.0,0.0,0.0,0.2,407.37759073828846
0.3,0.3,0.22,0.0,0.0,0.14,0.0,0.22,0.0,0.19,0.0,0.0,0.23,0.0,0.0,0.25,0.29,0.17,0.29,0.1,333.9486596094368
0.7,0.0,0.25,0.0,0.0,0.0,0.0,0.0,0.21,0.0,0.0,0.0,0.0,0.26,0.28,0.0,0.0,0.0,0.0,0.4,363.8276634626144
0.2,0.3,0.29,0.0,0.0,0.0,0.0,0.0,0.24,0.0,0.29,0.18,0.0,0.0,0.0,0.16,0.13,0.34,0.37,0.1,317.2053388463099
0.4,0.0,0.0,0.0,0.31,0.0,0.26,0.0,0.29,0.0,0.0,0.0,0.0,0.0,0.14,0.0,0.0,0.0,0.0,0.7,417.4719072413078
0.2,0.5,0.0,0.15,0.0,0.0,0.0,0.0,0.0,0.0,0.33,0.0,0.34,0.18,0.0,0.0,0.0,0.0,0.0,0.3,531.9409578439993
0.5,0.3,0.0,0.0,0.0,0.0,0.0,0.14,0.0,0.0,0.0,0.19,0.35,0.0,0.32,0.37,0.14,0.16,0.33,0.5,462.5284962811638
0.3,0.2,0.0,0.2,0.36,0.0,0.0,0.2,0.24,0.0,0.0,0.0,0.0,0.0,0.0,0.0,0.0,0.0,0.0,0.6,511.38335285414445
0.6,0.4,0.26,0.0,0.23,0.18,0.0,0.0,0.33,0.0,0.0,0.0,0.0,0.0,0.0,0.0,0.0,0.0,0.0,0.6,401.5692536084695
0.6,0.4,0.15,0.0,0.0,0.22,0.0,0.0,0.0,0.24,0.14,0.25,0.0,0.0,0.0,0.0,0.0,0.0,0.0,0.5,393.65789651058685
0.3,0.1,0.0,0.1,0.19,0.0,0.28,0.17,0.0,0.0,0.0,0.0,0.0,0.0,0.26,0.73,0.29,0.32,0.66,0.3,396.5621298623854
0.5,0.5,0.0,0.22,0.0,0.26,0.0,0.18,0.15,0.0,0.0,0.0,0.19,0.0,0.0,0.0,0.0,0.0,0.0,0.4,468.3608324740481
0.1,0.2,0.0,0.0,0.0,0.0,0.24,0.13,0.0,0.25,0.0,0.2,0.18,0.0,0.0,0.0,0.0,0.0,0.0,0.4,368.74605218253555
0.5,0.4,0.0,0.0,0.0,0.0,0.0,0.0,0.12,0.0,0.14,0.3,0.0,0.26,0.18,0.0,0.0,0.0,0.0,0.8,487.05241475931706
0.6,0.0,0.0,0.18,0.0,0.4,0.13,0.29,0.0,0.0,0.0,0.0,0.0,0.0,0.0,0.0,0.0,0.0,0.0,0.7,396.7192438770332
0.2,0.0,0.0,0.0,0.0,0.31,0.22,0.14,0.18,0.0,0.15,0.0,0.0,0.0,0.0,0.0,0.0,0.0,0.0,0.1,264.8439777532771
0.7,0.5,0.0,0.0,0.23,0.13,0.3,0.0,0.21,0.0,0.0,0.0,0.0,0.13,0.0,0.0,0.0,0.0,0.0,0.1,436.3082212124364
0.5,0.0,0.2,0.0,0.25,0.0,0.0,0.17,0.0,0.23,0.0,0.0,0.15,0.0,0.0,0.0,0.0,0.0,0.0,0.5,455.72989255353355
0.7,0.5,0.0,0.0,0.31,0.25,0.11,0.0,0.18,0.0,0.0,0.0,0.15,0.0,0.0,0.0,0.0,0.0,0.0,0.6,568.0694302457222
0.1,0.5,0.19,0.0,0.0,0.25,0.0,0.0,0.23,0.33,0.0,0.0,0.0,0.0,0.0,0.0,0.0,0.0,0.0,0.1,380.2855294005493
0.5,0.3,0.31,0.0,0.17,0.0,0.21,0.0,0.0,0.0,0.0,0.31,0.0,0.0,0.0,0.13,0.39,0.11,0.37,0.1,272.67031140579604
0.6,0.1,0.0,0.0,0.0,0.3,0.0,0.0,0.0,0.0,0.0,0.24,0.0,0.17,0.29,0.67,0.59,0.49,0.25,0.5,423.62140218855086
0.5,0.5,0.0,0.0,0.0,0.16,0.13,0.0,0.0,0.0,0.11,0.3,0.0,0.0,0.3,0.0,0.0,0.0,0.0,0.8,538.4690804141788
0.3,0.4,0.2,0.0,0.0,0.27,0.0,0.1,0.0,0.26,0.0,0.0,0.0,0.17,0.0,0.0,0.0,0.0,0.0,0.3,336.77989053929167
0.3,0.3,0.0,0.0,0.0,0.13,0.18,0.0,0.0,0.28,0.2,0.0,0.0,0.21,0.0,0.32,0.24,0.13,0.31,0.6,422.89342327724216
0.5,0.0,0.12,0.0,0.0,0.32,0.12,0.0,0.0,0.0,0.0,0.14,0.3,0.0,0.0,0.0,0.0,0.0,0.0,0.2,317.38302796151737
0.2,0.0,0.0,0.0,0.16,0.14,0.33,0.0,0.0,0.0,0.17,0.2,0.0,0.0,0.0,0.0,0.0,0.0,0.0,0.6,380.15240471030944
0.3,0.4,0.0,0.0,0.0,0.0,0.27,0.11,0.0,0.0,0.24,0.0,0.0,0.12,0.26,0.0,0.0,0.0,0.0,0.7,420.9423656007893
0.7,0.3,0.0,0.0,0.0,0.0,0.0,0.16,0.27,0.0,0.0,0.2,0.18,0.19,0.0,0.23,0.32,0.24,0.21,0.3,451.8473440076488
0.1,0.3,0.28,0.0,0.0,0.23,0.0,0.15,0.0,0.0,0.34,0.0,0.0,0.0,0.0,0.18,0.31,0.35,0.16,0.8,349.68560938512877
0.2,0.1,0.36,0.0,0.25,0.23,0.0,0.0,0.0,0.0,0.0,0.0,0.0,0.0,0.16,0.71,0.42,0.5,0.37,0.3,399.4342459767412
0.5,0.4,0.0,0.0,0.0,0.33,0.0,0.27,0.0,0.0,0.0,0.0,0.21,0.0,0.19,0.0,0.0,0.0,0.0,0.5,506.57758192222235
0.3,0.2,0.0,0.0,0.0,0.0,0.0,0.13,0.0,0.27,0.12,0.27,0.21,0.0,0.0,0.0,0.0,0.0,0.0,0.3,475.5514293867093
0.1,0.0,0.27,0.28,0.0,0.0,0.0,0.14,0.0,0.0,0.0,0.0,0.31,0.0,0.0,0.0,0.0,0.0,0.0,0.3,297.5570502267968
0.7,0.4,0.28,0.0,0.0,0.0,0.0,0.0,0.26,0.22,0.24,0.0,0.0,0.0,0.0,0.0,0.0,0.0,0.0,0.1,329.2302671450901
0.7,0.4,0.0,0.0,0.0,0.0,0.0,0.29,0.0,0.34,0.0,0.0,0.0,0.2,0.17,0.0,0.0,0.0,0.0,0.8,506.0421328994669
0.2,0.5,0.0,0.0,0.3,0.19,0.23,0.0,0.0,0.0,0.0,0.16,0.0,0.0,0.12,0.0,0.0,0.0,0.0,0.5,562.6183921532714
0.4,0.3,0.0,0.25,0.0,0.23,0.0,0.0,0.15,0.2,0.0,0.17,0.0,0.0,0.0,0.22,0.33,0.1,0.35,0.4,410.8072081060221
0.2,0.0,0.0,0.31,0.0,0.0,0.3,0.0,0.0,0.0,0.17,0.0,0.0,0.0,0.22,0.0,0.0,0.0,0.0,0.8,326.3896476389379
0.5,0.0,0.0,0.14,0.0,0.0,0.24,0.0,0.28,0.22,0.0,0.0,0.0,0.12,0.0,0.0,0.0,0.0,0.0,0.5,379.44447487659176
0.3,0.4,0.0,0.0,0.0,0.0,0.3,0.35,0.0,0.17,0.0,0.0,0.18,0.0,0.0,0.0,0.0,0.0,0.0,0.2,396.0307743438939
0.4,0.2,0.22,0.0,0.0,0.0,0.13,0.0,0.0,0.17,0.2,0.28,0.0,0.0,0.0,0.0,0.0,0.0,0.0,0.5,300.8884308061473
0.2,0.4,0.0,0.0,0.0,0.0,0.0,0.0,0.21,0.0,0.24,0.26,0.0,0.0,0.29,0.0,0.0,0.0,0.0,0.6,446.7012760164151
0.2,0.1,0.33,0.0,0.0,0.25,0.28,0.0,0.0,0.0,0.0,0.0,0.0,0.0,0.14,0.36,0.81,0.44,0.39,0.4,279.9329689704295
0.1,0.1,0.26,0.0,0.0,0.0,0.0,0.0,0.0,0.0,0.0,0.16,0.0,0.28,0.3,0.35,0.27,0.89,0.49,0.3,289.0415696375288
0.4,0.5,0.15,0.17,0.0,0.0,0.0,0.0,0.0,0.0,0.0,0.18,0.24,0.0,0.26,0.0,0.0,0.0,0.0,0.4,419.60573535830673
0.2,0.1,0.25,0.0,0.0,0.0,0.21,0.16,0.0,0.11,0.0,0.27,0.0,0.0,0.0,0.76,0.28,0.59,0.37,0.8,270.13927715355396
0.6,0.1,0.0,0.0,0.0,0.18,0.0,0.27,0.0,0.29,0.0,0.26,0.0,0.0,0.0,0.3,0.74,0.37,0.59,0.5,433.40953546465755
0.5,0.5,0.0,0.22,0.0,0.0,0.0,0.17,0.29,0.0,0.0,0.0,0.0,0.0,0.32,0.0,0.0,0.0,0.0,0.5,456.1883609418924
0.7,0.4,0.0,0.2,0.12,0.18,0.27,0.0,0.0,0.0,0.0,0.0,0.0,0.0,0.23,0.0,0.0,0.0,0.0,0.6,414.9810201933029
0.6,0.4,0.0,0.21,0.24,0.0,0.0,0.0,0.1,0.2,0.25,0.0,0.0,0.0,0.0,0.0,0.0,0.0,0.0,0.4,540.9970343682799
0.4,0.2,0.17,0.0,0.0,0.0,0.2,0.0,0.42,0.0,0.0,0.0,0.0,0.0,0.21,0.0,0.0,0.0,0.0,0.8,352.3732878641131
0.6,0.3,0.22,0.0,0.0,0.0,0.24,0.0,0.0,0.0,0.0,0.27,0.27,0.0,0.0,0.2,0.31,0.32,0.17,0.6,269.0754969727586
0.5,0.1,0.2,0.0,0.0,0.0,0.0,0.24,0.0,0.27,0.0,0.14,0.0,0.0,0.15,0.66,0.32,0.55,0.47,0.7,330.60257195852233
0.1,0.3,0.22,0.17,0.0,0.26,0.0,0.0,0.13,0.0,0.0,0.0,0.0,0.22,0.0,0.19,0.33,0.28,0.2,0.8,332.26834770053796
0.4,0.2,0.17,0.31,0.0,0.0,0.0,0.0,0.35,0.0,0.0,0.0,0.0,0.17,0.0,0.0,0.0,0.0,0.0,0.7,349.1736790302822
0.7,0.5,0.0,0.23,0.0,0.13,0.0,0.14,0.25,0.0,0.0,0.0,0.0,0.25,0.0,0.0,0.0,0.0,0.0,0.6,456.1883609418924
0.4,0.4,0.18,0.0,0.0,0.31,0.0,0.0,0.0,0.0,0.0,0.0,0.28,0.0,0.23,0.0,0.0,0.0,0.0,0.3,409.79564608158785
0.5,0.0,0.0,0.24,0.0,0.0,0.0,0.0,0.0,0.0,0.24,0.22,0.0,0.17,0.13,0.0,0.0,0.0,0.0,0.5,412.2626632912591
0.4,0.5,0.0,0.25,0.16,0.0,0.0,0.17,0.0,0.0,0.19,0.0,0.0,0.0,0.23,0.0,0.0,0.0,0.0,0.5,454.2323465366305
0.4,0.0,0.0,0.0,0.0,0.0,0.0,0.22,0.23,0.0,0.22,0.13,0.0,0.2,0.0,0.0,0.0,0.0,0.0,0.5,447.01903240039223
0.3,0.0,0.0,0.0,0.0,0.26,0.0,0.0,0.29,0.0,0.12,0.0,0.33,0.0,0.0,0.0,0.0,0.0,0.0,0.1,284.05425182300456
0.6,0.2,0.12,0.26,0.0,0.0,0.0,0.0,0.0,0.27,0.0,0.11,0.24,0.0,0.0,0.0,0.0,0.0,0.0,0.1,242.4038231644218
0.7,0.4,0.2,0.0,0.0,0.28,0.0,0.0,0.27,0.0,0.0,0.0,0.25,0.0,0.0,0.0,0.0,0.0,0.0,0.5,345.92747471467766
0.3,0.2,0.0,0.2,0.0,0.0,0.13,0.0,0.27,0.2,0.0,0.0,0.0,0.2,0.0,0.0,0.0,0.0,0.0,0.3,415.0636496939888
0.1,0.1,0.0,0.21,0.13,0.0,0.0,0.0,0.2,0.2,0.0,0.0,0.26,0.0,0.0,0.5,0.42,0.63,0.45,0.2,357.88683097302965
0.3,0.5,0.0,0.0,0.0,0.26,0.0,0.0,0.0,0.0,0.17,0.0,0.24,0.0,0.33,0.0,0.0,0.0,0.0,0.8,528.9339451266524
0.7,0.0,0.0,0.21,0.2,0.0,0.0,0.0,0.0,0.0,0.0,0.38,0.0,0.0,0.21,0.0,0.0,0.0,0.0,0.2,366.4967273144225
0.7,0.1,0.0,0.0,0.0,0.0,0.23,0.18,0.22,0.18,0.0,0.19,0.0,0.0,0.0,0.42,0.37,0.63,0.58,0.8,360.7365421836347
0.2,0.2,0.0,0.23,0.0,0.0,0.0,0.0,0.0,0.0,0.26,0.33,0.18,0.0,0.0,0.0,0.0,0.0,0.0,0.2,403.0199130814034
0.7,0.3,0.0,0.16,0.29,0.18,0.0,0.0,0.23,0.0,0.0,0.0,0.14,0.0,0.0,0.13,0.23,0.31,0.33,0.1,356.92105744925095
0.6,0.0,0.37,0.3,0.15,0.0,0.0,0.0,0.0,0.0,0.18,0.0,0.0,0.0,0.0,0.0,0.0,0.0,0.0,0.6,296.45504554393915
0.7,0.4,0.0,0.0,0.22,0.0,0.0,0.0,0.0,0.0,0.19,0.32,0.0,0.0,0.27,0.0,0.0,0.0,0.0,0.6,518.5485129625675
0.1,0.1,0.25,0.0,0.0,0.0,0.0,0.32,0.0,0.0,0.0,0.15,0.28,0.0,0.0,0.54,0.7,0.6,0.16,0.7,295.95782701435417
0.4,0.1,0.0,0.0,0.0,0.18,0.0,0.0,0.0,0.2,0.0,0.0,0.33,0.29,0.0,0.71,0.47,0.43,0.39,0.5,452.1847345243773
0.6,0.4,0.38,0.0,0.15,0.0,0.16,0.0,0.0,0.0,0.0,0.0,0.0,0.0,0.31,0.0,0.0,0.0,0.0,0.7,283.68382369398915
0.2,0.0,0.0,0.0,0.0,0.0,0.2,0.0,0.0,0.0,0.2,0.24,0.14,0.0,0.22,0.0,0.0,0.0,0.0,0.6,380.15240471030944
0.2,0.4,0.0,0.0,0.0,0.0,0.0,0.0,0.0,0.0,0.18,0.0,0.18,0.25,0.39,0.0,0.0,0.0,0.0,0.2,448.42088636739936
0.1,0.4,0.0,0.0,0.22,0.0,0.19,0.0,0.2,0.0,0.0,0.18,0.21,0.0,0.0,0.0,0.0,0.0,0.0,0.8,400.4047320254851
0.4,0.2,0.22,0.0,0.25,0.0,0.0,0.0,0.19,0.0,0.34,0.0,0.0,0.0,0.0,0.0,0.0,0.0,0.0,0.3,436.7950964374524
0.7,0.2,0.32,0.0,0.0,0.0,0.0,0.0,0.0,0.0,0.0,0.19,0.28,0.21,0.0,0.0,0.0,0.0,0.0,0.5,293.5837149652368
0.7,0.4,0.0,0.0,0.28,0.0,0.0,0.0,0.32,0.0,0.0,0.18,0.22,0.0,0.0,0.0,0.0,0.0,0.0,0.3,511.9947114211539
0.6,0.4,0.22,0.0,0.0,0.0,0.2299999999999999,0.09,0.0,0.0,0.0,0.0,0.24,0.22,0.0,0.0,0.0,0.0,0.0,0.4,288.7361796195619
0.3,0.2,0.0,0.0,0.0,0.21,0.0,0.0,0.0,0.0,0.0,0.23,0.15,0.24,0.17,0.0,0.0,0.0,0.0,0.7,447.3342017828979
0.7,0.4,0.35,0.0,0.0,0.0,0.0,0.25,0.15,0.0,0.0,0.0,0.0,0.0,0.25,0.0,0.0,0.0,0.0,0.8,402.8692528161512
0.2,0.0,0.26,0.12,0.0,0.23,0.0,0.0,0.0,0.0,0.12,0.0,0.27,0.0,0.0,0.0,0.0,0.0,0.0,0.4,353.76090771342024
0.5,0.1,0.26,0.0,0.0,0.0,0.16,0.0,0.1,0.0,0.24,0.24,0.0,0.0,0.0,0.56,0.44,0.67,0.33,0.7,309.0700808281012
0.1,0.5,0.0,0.0,0.0,0.0,0.0,0.15,0.0,0.25,0.14,0.2,0.0,0.0,0.26,0.0,0.0,0.0,0.0,0.2,483.9769329538034
0.3,0.3,0.27,0.33,0.28,0.0,0.12,0.0,0.0,0.0,0.0,0.0,0.0,0.0,0.0,0.24,0.26,0.12,0.38,0.6,364.56157543714124
0.2,0.0,0.3,0.0,0.24,0.0,0.0,0.16,0.1,0.0,0.0,0.0,0.2,0.0,0.0,0.0,0.0,0.0,0.0,0.5,374.04212340696205
0.1,0.2,0.0,0.31,0.23,0.0,0.0,0.0,0.17,0.0,0.0,0.29,0.0,0.0,0.0,0.0,0.0,0.0,0.0,0.5,513.7010234324325
0.2,0.4,0.0,0.19,0.0,0.0,0.18,0.34,0.0,0.0,0.0,0.29,0.0,0.0,0.0,0.0,0.0,0.0,0.0,0.7,364.32285881172817
0.2,0.3,0.27,0.0,0.24,0.0,0.0,0.0,0.18,0.0,0.0,0.31,0.0,0.0,0.0,0.1,0.38,0.35,0.17,0.7,368.17557018556965
0.4,0.4,0.0,0.0,0.2299999999999999,0.0,0.19,0.0,0.21,0.0,0.17,0.0,0.2,0.0,0.0,0.0,0.0,0.0,0.0,0.6,464.8398209035905
0.3,0.3,0.0,0.0,0.0,0.23,0.0,0.17,0.17,0.0,0.0,0.0,0.19,0.24,0.0,0.22,0.31,0.25,0.22,0.5,487.1542473646854
0.6,0.3,0.0,0.0,0.15,0.0,0.15,0.0,0.0,0.0,0.0,0.0,0.17,0.31,0.22,0.37,0.1,0.31,0.22,0.3,422.4756780149034
0.6,0.1,0.13,0.0,0.0,0.22,0.0,0.0,0.3,0.0,0.0,0.15,0.2,0.0,0.0,0.58,0.58,0.65,0.19,0.6,376.5770655122352
0.2,0.1,0.19,0.0,0.0,0.0,0.22,0.23,0.0,0.0,0.0,0.0,0.16,0.2,0.0,0.68,0.44,0.25,0.63,0.5,302.2167415061012
0.2,0.5,0.0,0.0,0.0,0.0,0.0,0.14,0.33,0.0,0.0,0.0,0.35,0.18,0.0,0.0,0.0,0.0,0.0,0.6,494.7144998796022
0.3,0.1,0.24,0.0,0.0,0.0,0.26,0.0,0.0,0.0,0.19,0.0,0.31,0.0,0.0,0.58,0.21,0.36,0.85,0.1,265.82867495242374
0.3,0.2,0.0,0.0,0.0,0.11,0.0,0.19,0.21,0.0,0.0,0.0,0.0,0.25,0.24,0.0,0.0,0.0,0.0,0.7,473.77607566561096
0.5,0.4,0.0,0.0,0.0,0.25,0.23,0.0,0.0,0.15,0.13,0.0,0.0,0.0,0.24,0.0,0.0,0.0,0.0,0.7,429.35427477613865
0.1,0.0,0.0,0.0,0.0,0.31,0.0,0.22,0.26,0.0,0.0,0.0,0.21,0.0,0.0,0.0,0.0,0.0,0.0,0.5,389.0068307742461
0.3,0.1,0.0,0.0,0.25,0.3,0.0,0.0,0.0,0.19,0.0,0.0,0.0,0.26,0.0,0.59,0.31,0.66,0.44,0.4,506.366414368754
0.4,0.3,0.0,0.21,0.0,0.0,0.0,0.0,0.0,0.0,0.11,0.24,0.0,0.25,0.19,0.24,0.33,0.26,0.17,0.5,454.6207944195994
0.4,0.3,0.15,0.23,0.0,0.2,0.0,0.0,0.0,0.0,0.0,0.27,0.0,0.0,0.15,0.37,0.2,0.34,0.09,0.3,340.68750716510624
0.2,0.2,0.31,0.0,0.0,0.22,0.19,0.0,0.28,0.0,0.0,0.0,0.0,0.0,0.0,0.0,0.0,0.0,0.0,0.1,228.93442744145088
0.1,0.5,0.0,0.14,0.14,0.0,0.36,0.0,0.0,0.0,0.0,0.22,0.0,0.0,0.14,0.0,0.0,0.0,0.0,0.8,494.2501689325932
0.2,0.1,0.36,0.16,0.0,0.0,0.14,0.0,0.0,0.0,0.0,0.12,0.0,0.0,0.22,0.44,0.68,0.25,0.63,0.2,266.31630749505615
0.4,0.3,0.0,0.0,0.37,0.16,0.0,0.0,0.0,0.0,0.24,0.0,0.23,0.0,0.0,0.22,0.39,0.14,0.25,0.1,361.8744839023931
0.1,0.0,0.0,0.19,0.0,0.0,0.3,0.0,0.0,0.0,0.34,0.0,0.17,0.0,0.0,0.0,0.0,0.0,0.0,0.8,384.87659605401495
0.7,0.3,0.0,0.0,0.0,0.0,0.24,0.0,0.29,0.22,0.0,0.0,0.25,0.0,0.0,0.35,0.15,0.16,0.34,0.3,410.031496833509
0.6,0.2,0.0,0.27,0.0,0.0,0.0,0.3,0.0,0.2,0.0,0.0,0.0,0.23,0.0,0.0,0.0,0.0,0.0,0.2,411.79253548496615
0.7,0.1,0.0,0.26,0.0,0.28,0.0,0.0,0.31,0.0,0.0,0.0,0.0,0.15,0.0,0.59,0.29,0.46,0.66,0.5,377.5621424505053
0.7,0.5,0.0,0.0,0.19,0.2299999999999999,0.18,0.0,0.0,0.0,0.16,0.0,0.24,0.0,0.0,0.0,0.0,0.0,0.0,0.6,530.9656326325434
0.1,0.4,0.0,0.34,0.16,0.0,0.0,0.0,0.0,0.22,0.0,0.28,0.0,0.0,0.0,0.0,0.0,0.0,0.0,0.4,412.07486111590663
0.6,0.3,0.19,0.0,0.0,0.23,0.0,0.0,0.18,0.0,0.0,0.14,0.0,0.0,0.26,0.28,0.24,0.2,0.28,0.2,374.86244587639584
0.1,0.2,0.2799999999999999,0.0,0.0,0.29,0.0,0.0,0.11,0.17,0.0,0.0,0.0,0.0,0.15,0.0,0.0,0.0,0.0,0.8,311.8055934742381
0.5,0.3,0.26,0.0,0.25,0.0,0.0,0.0,0.32,0.0,0.17,0.0,0.0,0.0,0.0,0.16,0.3,0.33,0.21,0.1,355.10099310926313
0.3,0.2,0.0,0.26,0.27,0.0,0.0,0.15,0.1,0.0,0.0,0.0,0.0,0.0,0.22,0.0,0.0,0.0,0.0,0.2,489.0120994015116
0.5,0.2,0.22,0.0,0.4,0.0,0.0,0.0,0.0,0.16,0.0,0.0,0.0,0.0,0.22,0.0,0.0,0.0,0.0,0.1,263.4937881702125
0.4,0.1,0.0,0.0,0.25,0.0,0.0,0.0,0.0,0.25,0.11,0.27,0.0,0.0,0.12,0.3,0.28,0.68,0.74,0.4,528.9625918295549
0.2,0.1,0.18,0.19,0.0,0.0,0.24,0.0,0.0,0.21,0.0,0.0,0.0,0.18,0.0,0.33,0.57,0.64,0.46,0.8,322.17434137675787
0.6,0.5,0.0,0.0,0.0,0.0,0.21,0.0,0.0,0.26,0.0,0.11,0.21,0.0,0.21,0.0,0.0,0.0,0.0,0.2,474.25865194815805
0.1,0.3,0.23,0.21,0.23,0.0,0.0,0.0,0.0,0.0,0.0,0.17,0.0,0.16,0.0,0.31,0.25,0.09,0.35,0.4,372.38330618490807
0.7,0.3,0.0,0.0,0.0,0.0,0.31,0.0,0.0,0.0,0.2,0.0,0.3,0.19,0.0,0.18,0.26,0.24,0.32,0.4,431.8533026936033
0.5,0.5,0.0,0.0,0.0,0.0,0.0,0.18,0.0,0.15,0.17,0.27,0.0,0.23,0.0,0.0,0.0,0.0,0.0,0.5,529.6162188944278
0.4,0.2,0.0,0.0,0.18,0.0,0.0,0.24,0.35,0.0,0.23,0.0,0.0,0.0,0.0,0.0,0.0,0.0,0.0,0.5,483.67211841471106
0.1,0.3,0.35,0.0,0.0,0.0,0.0,0.21,0.0,0.0,0.0,0.0,0.0,0.15,0.29,0.4,0.28,0.19,0.13,0.7,343.9124564506682
0.2,0.3,0.0,0.25,0.12,0.0,0.0,0.25,0.0,0.0,0.22,0.0,0.0,0.16,0.0,0.18,0.19,0.29,0.34,0.3,397.61859303143643
0.3,0.5,0.0,0.25,0.14,0.0,0.24,0.0,0.18,0.0,0.0,0.0,0.19,0.0,0.0,0.0,0.0,0.0,0.0,0.4,464.03343003083813
0.1,0.5,0.28,0.0,0.0,0.14,0.0,0.0,0.0,0.0,0.35,0.0,0.0,0.0,0.23,0.0,0.0,0.0,0.0,0.2,403.2565257890994
0.1,0.4,0.0,0.0,0.37,0.0,0.0,0.0,0.0,0.16,0.0,0.0,0.19,0.28,0.0,0.0,0.0,0.0,0.0,0.4,503.4334151909589
0.1,0.2,0.0,0.0,0.0,0.2799999999999999,0.0,0.16,0.0,0.27,0.12,0.0,0.0,0.17,0.0,0.0,0.0,0.0,0.0,0.3,459.8931584672514
0.1,0.1,0.0,0.0,0.15,0.0,0.36,0.27,0.22,0.0,0.0,0.0,0.0,0.0,0.0,0.37,0.35,0.49,0.79,0.2,314.2538085193315
0.6,0.2,0.27,0.28,0.29,0.0,0.0,0.16,0.0,0.0,0.0,0.0,0.0,0.0,0.0,0.0,0.0,0.0,0.0,0.6,465.78420276999435
0.4,0.4,0.0,0.0,0.3,0.0,0.0,0.0,0.0,0.0,0.26,0.28,0.0,0.16,0.0,0.0,0.0,0.0,0.0,0.1,384.63197226760224
0.1,0.2,0.0,0.21,0.0,0.22,0.12,0.0,0.15,0.3,0.0,0.0,0.0,0.0,0.0,0.0,0.0,0.0,0.0,0.8,362.7369315159737
0.7,0.0,0.0,0.0,0.3,0.0,0.0,0.3,0.0,0.0,0.16,0.1,0.14,0.0,0.0,0.0,0.0,0.0,0.0,0.1,287.643032142142
0.7,0.1,0.16,0.26,0.0,0.0,0.0,0.16,0.0,0.28,0.0,0.0,0.0,0.14,0.0,0.71,0.28,0.45,0.56,0.2,363.3469332092679
0.7,0.5,0.0,0.0,0.0,0.0,0.0,0.0,0.0,0.16,0.3,0.0,0.38,0.16,0.0,0.0,0.0,0.0,0.0,0.3,538.4602904541439
0.6,0.4,0.0,0.0,0.0,0.21,0.0,0.0,0.0,0.24,0.0,0.27,0.28,0.0,0.0,0.0,0.0,0.0,0.0,0.3,452.972809058979
0.6,0.3,0.19,0.0,0.0,0.16,0.21,0.0,0.0,0.0,0.13,0.0,0.0,0.31,0.0,0.24,0.3,0.24,0.22,0.7,349.2659032705636
0.5,0.5,0.0,0.0,0.0,0.13,0.0,0.29,0.0,0.0,0.3,0.17,0.0,0.0,0.11,0.0,0.0,0.0,0.0,0.3,531.6055725476383
0.3,0.4,0.12,0.0,0.0,0.0,0.22,0.19,0.21,0.0,0.0,0.0,0.0,0.0,0.26,0.0,0.0,0.0,0.0,0.4,354.1125482275464
0.7,0.2,0.26,0.0,0.0,0.0,0.21,0.0,0.0,0.11,0.0,0.11,0.0,0.31,0.0,0.0,0.0,0.0,0.0,0.5,263.25233097332307
0.5,0.4,0.25,0.0,0.0,0.2,0.18,0.0,0.14,0.0,0.0,0.0,0.0,0.0,0.23,0.0,0.0,0.0,0.0,0.6,289.62744118054843
0.4,0.2,0.0,0.0,0.0,0.0,0.0,0.23,0.0,0.0,0.27,0.27,0.0,0.23,0.0,0.0,0.0,0.0,0.0,0.7,487.3212372882864
0.3,0.2,0.0,0.0,0.28,0.31,0.0,0.0,0.26,0.0,0.0,0.0,0.15,0.0,0.0,0.0,0.0,0.0,0.0,0.3,527.9651741670443
0.3,0.2,0.17,0.0,0.0,0.0,0.21,0.0,0.19,0.0,0.22,0.0,0.0,0.0,0.21,0.0,0.0,0.0,0.0,0.7,364.39189397663216
0.1,0.3,0.25,0.19,0.0,0.0,0.0,0.0,0.0,0.0,0.24,0.16,0.0,0.16,0.0,0.19,0.27,0.3,0.24,0.3,332.3635526650539
0.4,0.5,0.0,0.0,0.0,0.0,0.13,0.26,0.0,0.14,0.24,0.23,0.0,0.0,0.0,0.0,0.0,0.0,0.0,0.1,470.0960604499006
0.6,0.2,0.15,0.0,0.21,0.0,0.0,0.0,0.22,0.0,0.2,0.0,0.22,0.0,0.0,0.0,0.0,0.0,0.0,0.8,455.5838245979127
0.5,0.5,0.0,0.0,0.0,0.0,0.0,0.36,0.0,0.22,0.0,0.21,0.0,0.21,0.0,0.0,0.0,0.0,0.0,0.7,504.8234778873052
0.3,0.2,0.0,0.18,0.0,0.0,0.0,0.0,0.0,0.19,0.0,0.0,0.27,0.36,0.0,0.0,0.0,0.0,0.0,0.8,474.95483501120844
0.2,0.3,0.0,0.24,0.27,0.0,0.0,0.0,0.0,0.27,0.0,0.0,0.22,0.0,0.0,0.24,0.17,0.15,0.44,0.3,538.319968352823
0.1,0.5,0.0,0.0,0.2,0.0,0.16,0.16,0.0,0.2,0.0,0.28,0.0,0.0,0.0,0.0,0.0,0.0,0.0,0.4,484.53563356270377
0.2,0.5,0.0,0.0,0.21,0.0,0.0,0.0,0.29,0.2,0.0,0.15,0.0,0.0,0.15,0.0,0.0,0.0,0.0,0.2,451.678393135561
0.6,0.3,0.0,0.0,0.0,0.21,0.0,0.0,0.15,0.24,0.0,0.21,0.19,0.0,0.0,0.35,0.25,0.21,0.19,0.6,452.19694370657965
0.7,0.2,0.0,0.0,0.35,0.28,0.0,0.0,0.0,0.0,0.2,0.0,0.0,0.0,0.17,0.0,0.0,0.0,0.0,0.8,523.9840731172515
0.7,0.5,0.12,0.0,0.0,0.28,0.16,0.0,0.22,0.0,0.0,0.0,0.0,0.22,0.0,0.0,0.0,0.0,0.0,0.4,457.1504827519895
0.1,0.3,0.0,0.22,0.0,0.0,0.0,0.0,0.0,0.0,0.27,0.0,0.24,0.0,0.27,0.31,0.36,0.09,0.24,0.8,411.5742216032232
0.3,0.3,0.0,0.26,0.0,0.14,0.0,0.27,0.33,0.0,0.0,0.0,0.0,0.0,0.0,0.16,0.24,0.26,0.34,0.5,414.12061099536464
0.3,0.4,0.24,0.0,0.0,0.32,0.0,0.0,0.0,0.0,0.0,0.23,0.0,0.21,0.0,0.0,0.0,0.0,0.0,0.8,284.5690353352289
0.3,0.5,0.0,0.0,0.2,0.18,0.23,0.19,0.0,0.0,0.2,0.0,0.0,0.0,0.0,0.0,0.0,0.0,0.0,0.5,515.4685265537728
0.1,0.3,0.0,0.0,0.0,0.26,0.0,0.0,0.0,0.24,0.33,0.0,0.0,0.17,0.0,0.22,0.34,0.17,0.27,0.3,478.56559787714616
0.5,0.4,0.0,0.0,0.0,0.0,0.24,0.0,0.27,0.0,0.27,0.0,0.0,0.22,0.0,0.0,0.0,0.0,0.0,0.7,420.577297206045
0.5,0.5,0.0,0.0,0.35,0.0,0.22,0.28,0.0,0.0,0.15,0.0,0.0,0.0,0.0,0.0,0.0,0.0,0.0,0.7,553.1729253063528
0.7,0.0,0.35,0.0,0.21,0.0,0.0,0.17,0.0,0.0,0.27,0.0,0.0,0.0,0.0,0.0,0.0,0.0,0.0,0.1,279.25694252298644
0.3,0.3,0.0,0.0,0.32,0.0,0.0,0.0,0.0,0.19,0.24,0.0,0.0,0.25,0.0,0.39,0.2,0.2,0.21,0.4,529.931178995796
0.2,0.4,0.0,0.15,0.0,0.17,0.3,0.16,0.0,0.22,0.0,0.0,0.0,0.0,0.0,0.0,0.0,0.0,0.0,0.8,375.34780006275076
0.1,0.3,0.36,0.0,0.0,0.23,0.0,0.17,0.0,0.0,0.24,0.0,0.0,0.0,0.0,0.33,0.19,0.16,0.32,0.2,364.70582128518424
0.5,0.3,0.0,0.0,0.0,0.0,0.0,0.27,0.0,0.32,0.13,0.0,0.0,0.0,0.28,0.11,0.33,0.31,0.25,0.8,492.177386335566
0.1,0.2,0.0,0.0,0.0,0.29,0.0,0.0,0.0,0.15,0.0,0.2,0.12,0.0,0.24,0.0,0.0,0.0,0.0,0.1,261.8665571401657
0.4,0.2,0.0,0.0,0.29,0.12,0.0,0.0,0.22,0.0,0.0,0.0,0.18,0.0,0.19,0.0,0.0,0.0,0.0,0.7,530.8166449961477
0.1,0.4,0.26,0.0,0.0,0.0,0.13,0.23,0.0,0.0,0.0,0.26,0.0,0.0,0.12,0.0,0.0,0.0,0.0,0.8,266.5782072962128
0.1,0.2,0.0,0.2,0.22,0.0,0.28,0.11,0.0,0.0,0.0,0.0,0.19,0.0,0.0,0.0,0.0,0.0,0.0,0.3,423.09401361710326
0.7,0.3,0.11,0.0,0.0,0.0,0.0,0.0,0.24,0.26,0.0,0.0,0.23,0.16,0.0,0.22,0.25,0.33,0.2,0.7,413.0019653418284
0.1,0.2,0.16,0.2,0.0,0.0,0.0,0.0,0.0,0.32,0.0,0.0,0.32,0.0,0.0,0.0,0.0,0.0,0.0,0.6,392.9857425934864
0.3,0.5,0.26,0.0,0.36,0.0,0.0,0.0,0.0,0.19,0.19,0.0,0.0,0.0,0.0,0.0,0.0,0.0,0.0,0.4,443.4267678226236
0.1,0.3,0.23,0.0,0.0,0.24,0.0,0.18,0.15,0.2,0.0,0.0,0.0,0.0,0.0,0.23,0.28,0.15,0.34,0.2,344.774651275665
0.6,0.2,0.21,0.0,0.27,0.0,0.0,0.24,0.0,0.0,0.0,0.0,0.28,0.0,0.0,0.0,0.0,0.0,0.0,0.4,469.1740676579145
0.5,0.2,0.0,0.0,0.17,0.0,0.0,0.14,0.0,0.21,0.23,0.0,0.25,0.0,0.0,0.0,0.0,0.0,0.0,0.5,492.177386335566
0.4,0.2,0.0,0.11,0.25,0.0,0.26,0.11,0.0,0.0,0.27,0.0,0.0,0.0,0.0,0.0,0.0,0.0,0.0,0.8,478.71052480124445
0.2,0.0,0.19,0.17,0.17,0.18,0.0,0.0,0.0,0.0,0.29,0.0,0.0,0.0,0.0,0.0,0.0,0.0,0.0,0.8,382.5297930780335
0.5,0.3,0.0,0.0,0.21,0.2,0.0,0.14,0.0,0.0,0.27,0.0,0.0,0.18,0.0,0.21,0.17,0.33,0.29,0.4,530.0093379205775
0.7,0.4,0.13,0.0,0.0,0.0,0.0,0.0,0.0,0.25,0.29,0.33,0.0,0.0,0.0,0.0,0.0,0.0,0.0,0.7,397.15163413761655
0.5,0.3,0.0,0.0,0.0,0.32,0.24,0.24,0.0,0.0,0.2,0.0,0.0,0.0,0.0,0.34,0.31,0.16,0.19,0.7,429.1943933172305
0.4,0.0,0.0,0.0,0.0,0.2,0.0,0.27,0.0,0.23,0.3,0.0,0.0,0.0,0.0,0.0,0.0,0.0,0.0,0.2,444.66090775872067
0.3,0.5,0.0,0.0,0.0,0.0,0.0,0.0,0.0,0.24,0.0,0.19,0.0,0.31,0.26,0.0,0.0,0.0,0.0,0.4,500.5911335905271
0.4,0.1,0.18,0.0,0.0,0.0,0.0,0.23,0.0,0.0,0.0,0.0,0.28,0.0,0.31,0.32,0.77,0.28,0.63,0.7,426.7121949675648
0.4,0.1,0.0,0.23,0.0,0.0,0.0,0.28,0.3,0.0,0.0,0.0,0.19,0.0,0.0,0.75,0.3,0.51,0.44,0.6,389.3029089600448
0.2,0.3,0.15,0.0,0.0,0.0,0.0,0.14,0.27,0.22,0.0,0.0,0.0,0.22,0.0,0.27,0.23,0.16,0.34,0.5,377.16875527932143
0.7,0.4,0.0,0.0,0.0,0.0,0.13,0.0,0.0,0.0,0.22,0.2,0.0,0.2,0.25,0.0,0.0,0.0,0.0,0.1,347.0054899438755
0.7,0.2,0.0,0.0,0.0,0.0,0.0,0.26,0.3,0.0,0.18,0.0,0.0,0.0,0.26,0.0,0.0,0.0,0.0,0.2,463.1548838035488
0.3,0.3,0.0,0.0,0.0,0.0,0.22,0.23,0.0,0.0,0.16,0.0,0.27,0.0,0.12,0.39,0.13,0.12,0.36,0.5,420.9423656007893
0.7,0.5,0.0,0.22,0.0,0.0,0.14,0.0,0.0,0.0,0.14,0.19,0.0,0.0,0.31,0.0,0.0,0.0,0.0,0.5,490.6315138114277
0.4,0.5,0.0,0.0,0.0,0.16,0.0,0.0,0.0,0.24,0.0,0.0,0.24,0.12,0.24,0.0,0.0,0.0,0.0,0.8,530.6458983620495
0.3,0.1,0.0,0.0,0.21,0.0,0.0,0.0,0.21,0.33,0.25,0.0,0.0,0.0,0.0,0.46,0.78,0.44,0.32,0.1,303.2839479237578
0.2,0.2,0.33,0.29,0.22,0.0,0.0,0.0,0.0,0.0,0.0,0.0,0.16,0.0,0.0,0.0,0.0,0.0,0.0,0.1,227.1796919678649
0.7,0.3,0.0,0.0,0.42,0.0,0.0,0.0,0.28,0.0,0.15,0.0,0.15,0.0,0.0,0.23,0.34,0.2,0.23,0.8,515.2070955471578
0.7,0.0,0.16,0.0,0.0,0.0,0.0,0.14,0.21,0.24,0.0,0.0,0.0,0.25,0.0,0.0,0.0,0.0,0.0,0.4,441.2260052170434
0.4,0.2,0.0,0.26,0.0,0.0,0.17,0.23,0.0,0.0,0.0,0.0,0.34,0.0,0.0,0.0,0.0,0.0,0.0,0.4,361.80484618449054
0.7,0.1,0.0,0.22,0.0,0.0,0.22,0.3,0.26,0.0,0.0,0.0,0.0,0.0,0.0,0.55,0.59,0.5,0.36,0.3,314.14475549437896
0.7,0.4,0.0,0.0,0.22,0.23,0.0,0.14,0.0,0.1,0.0,0.0,0.0,0.0,0.31,0.0,0.0,0.0,0.0,0.7,535.4605176243864
0.5,0.4,0.0,0.19,0.0,0.0,0.0,0.13,0.0,0.0,0.26,0.13,0.0,0.29,0.0,0.0,0.0,0.0,0.0,0.2,461.7244170603811
0.4,0.3,0.0,0.0,0.15,0.0,0.0,0.0,0.0,0.24,0.16,0.23,0.22,0.0,0.0,0.41,0.14,0.25,0.2,0.2,455.2262847560235
0.1,0.2,0.0,0.0,0.0,0.0,0.0,0.15,0.25,0.0,0.0,0.0,0.28,0.0,0.32,0.0,0.0,0.0,0.0,0.5,429.98178935219784
0.4,0.3,0.14,0.0,0.26,0.0,0.0,0.0,0.2,0.0,0.0,0.22,0.0,0.18,0.0,0.19,0.44,0.27,0.1,0.2,419.4267671261671
0.5,0.4,0.0,0.0,0.32,0.0,0.24,0.0,0.0,0.0,0.0,0.24,0.0,0.0,0.2,0.0,0.0,0.0,0.0,0.3,454.70991081249554
0.2,0.0,0.14,0.0,0.14,0.33,0.16,0.0,0.0,0.23,0.0,0.0,0.0,0.0,0.0,0.0,0.0,0.0,0.0,0.6,313.242781782227
0.3,0.4,0.0,0.0,0.0,0.0,0.18,0.24,0.16,0.0,0.2,0.0,0.0,0.22,0.0,0.0,0.0,0.0,0.0,0.7,425.51540805328295
0.3,0.3,0.0,0.0,0.22,0.27,0.0,0.15,0.11,0.0,0.0,0.0,0.0,0.25,0.0,0.12,0.2,0.54,0.14,0.4,524.4036908265655
0.7,0.1,0.0,0.22,0.0,0.0,0.0,0.17,0.0,0.36,0.25,0.0,0.0,0.0,0.0,0.35,0.69,0.2,0.76,0.4,400.5738154555626
0.6,0.1,0.21,0.0,0.2,0.0,0.0,0.0,0.0,0.19,0.0,0.22,0.18,0.0,0.0,0.38,0.81,0.53,0.28,0.2,288.30541117057635
0.2,0.4,0.0,0.0,0.32,0.0,0.22,0.0,0.0,0.0,0.0,0.31,0.15,0.0,0.0,0.0,0.0,0.0,0.0,0.1,310.3584356173557
0.6,0.2,0.0,0.0,0.0,0.0,0.0,0.18,0.19,0.0,0.16,0.0,0.0,0.22,0.25,0.0,0.0,0.0,0.0,0.2,475.32735533570445
0.4,0.2,0.0,0.32,0.16,0.0,0.0,0.0,0.18,0.0,0.34,0.0,0.0,0.0,0.0,0.0,0.0,0.0,0.0,0.4,430.61444757215173
0.7,0.2,0.0,0.0,0.28,0.0,0.0,0.0,0.17,0.27,0.0,0.0,0.0,0.0,0.28,0.0,0.0,0.0,0.0,0.7,541.1518445882307
0.4,0.3,0.28,0.0,0.38,0.0,0.0,0.0,0.0,0.0,0.16,0.0,0.0,0.18,0.0,0.26,0.31,0.24,0.19,0.1,326.29268100484614
0.2,0.4,0.0,0.0,0.25,0.28,0.0,0.0,0.0,0.0,0.0,0.0,0.19,0.28,0.0,0.0,0.0,0.0,0.0,0.3,524.6894054317377
0.6,0.3,0.0,0.19,0.0,0.15,0.19,0.0,0.0,0.0,0.0,0.0,0.27,0.2,0.0,0.19,0.38,0.25,0.18,0.3,422.88644221221676
0.6,0.4,0.0,0.0,0.0,0.22,0.34,0.0,0.0,0.0,0.0,0.17,0.13,0.14,0.0,0.0,0.0,0.0,0.0,0.4,394.3734712737751
0.7,0.2,0.0,0.0,0.12,0.24,0.21,0.0,0.0,0.0,0.27,0.0,0.0,0.0,0.16,0.0,0.0,0.0,0.0,0.3,431.8533026936033
0.5,0.0,0.1,0.0,0.0,0.29,0.23,0.28,0.0,0.1,0.0,0.0,0.0,0.0,0.0,0.0,0.0,0.0,0.0,0.2,364.86805133530453
0.5,0.2,0.0,0.17,0.21,0.0,0.0,0.21,0.0,0.0,0.19,0.22,0.0,0.0,0.0,0.0,0.0,0.0,0.0,0.2,450.49491006730756
0.7,0.2,0.0,0.15,0.0,0.0,0.15,0.0,0.0,0.0,0.0,0.0,0.2,0.26,0.24,0.0,0.0,0.0,0.0,0.2,393.8086159171658
0.3,0.3,0.0,0.0,0.0,0.0,0.0,0.26,0.0,0.0,0.0,0.19,0.3,0.0,0.25,0.35,0.28,0.1,0.27,0.4,453.4421845892127
0.3,0.4,0.24,0.0,0.21,0.0,0.0,0.0,0.0,0.21,0.24,0.0,0.1,0.0,0.0,0.0,0.0,0.0,0.0,0.5,375.4643536322748
0.1,0.2,0.0,0.28,0.0,0.28,0.0,0.0,0.0,0.0,0.0,0.14,0.0,0.3,0.0,0.0,0.0,0.0,0.0,0.2,382.25629694143123
0.1,0.2,0.26,0.0,0.0,0.0,0.0,0.0,0.0,0.24,0.0,0.0,0.26,0.24,0.0,0.0,0.0,0.0,0.0,0.7,310.09834451107304
0.1,0.5,0.0,0.19,0.28,0.0,0.0,0.0,0.0,0.24,0.0,0.0,0.0,0.29,0.0,0.0,0.0,0.0,0.0,0.6,580.6808249958121
0.3,0.3,0.16,0.0,0.0,0.0,0.31,0.16,0.0,0.0,0.0,0.23,0.14,0.0,0.0,0.13,0.36,0.36,0.15,0.5,309.8465230393509
0.6,0.4,0.0,0.23,0.0,0.0,0.2299999999999999,0.0,0.0,0.0,0.0,0.22,0.13,0.19,0.0,0.0,0.0,0.0,0.0,0.1,262.50273433108185
0.5,0.1,0.2,0.0,0.0,0.0,0.17,0.22,0.0,0.0,0.0,0.13,0.0,0.0,0.28,0.69,0.34,0.49,0.48,0.5,300.1432171037406
0.4,0.1,0.0,0.0,0.21,0.0,0.0,0.0,0.21,0.2,0.0,0.0,0.0,0.11,0.27,0.73,0.2,0.42,0.65,0.6,470.0985261866047
0.3,0.1,0.16,0.21,0.19,0.21,0.0,0.0,0.0,0.0,0.23,0.0,0.0,0.0,0.0,0.45,0.69,0.47,0.39,0.7,385.27052590301344
0.2,0.1,0.0,0.0,0.23,0.21,0.0,0.26,0.0,0.0,0.0,0.0,0.0,0.3,0.0,0.27,0.4,0.77,0.56,0.3,467.5206917521758
0.1,0.4,0.0,0.0,0.0,0.0,0.0,0.22,0.22,0.0,0.0,0.0,0.0,0.36,0.2,0.0,0.0,0.0,0.0,0.2,412.1148821987777
0.2,0.4,0.17,0.0,0.24,0.33,0.0,0.0,0.0,0.0,0.26,0.0,0.0,0.0,0.0,0.0,0.0,0.0,0.0,0.2,408.82490003346845
0.6,0.3,0.0,0.0,0.0,0.13,0.0,0.0,0.21,0.0,0.0,0.27,0.16,0.23,0.0,0.17,0.46,0.19,0.18,0.7,439.11863333323106
0.1,0.3,0.0,0.0,0.0,0.32,0.0,0.0,0.14,0.0,0.18,0.12,0.0,0.24,0.0,0.32,0.18,0.2,0.3,0.7,464.7833038589401
0.3,0.3,0.0,0.0,0.0,0.0,0.0,0.27,0.0,0.16,0.0,0.21,0.0,0.0,0.36,0.45,0.14,0.2,0.21,0.5,449.73236738817116
0.1,0.4,0.0,0.0,0.17,0.38,0.14,0.0,0.0,0.0,0.0,0.0,0.0,0.0,0.31,0.0,0.0,0.0,0.0,0.3,403.55193497773575
0.1,0.0,0.21,0.0,0.21,0.0,0.22,0.0,0.0,0.2,0.0,0.16,0.0,0.0,0.0,0.0,0.0,0.0,0.0,0.6,286.9550696250875
0.1,0.1,0.2,0.0,0.0,0.2,0.2,0.0,0.0,0.0,0.16,0.0,0.24,0.0,0.0,0.54,0.34,0.47,0.65,0.1,262.68842079951173
0.3,0.5,0.27,0.21,0.0,0.0,0.0,0.0,0.19,0.16,0.0,0.0,0.0,0.17,0.0,0.0,0.0,0.0,0.0,0.3,384.848957237867
0.4,0.2,0.0,0.31,0.26,0.0,0.0,0.0,0.0,0.0,0.17,0.0,0.0,0.0,0.26,0.0,0.0,0.0,0.0,0.6,558.9562395631856
0.1,0.5,0.0,0.0,0.0,0.17,0.0,0.0,0.0,0.26,0.0,0.32,0.0,0.25,0.0,0.0,0.0,0.0,0.0,0.8,498.3267674336173
0.2,0.5,0.0,0.16,0.0,0.0,0.0,0.0,0.0,0.0,0.0,0.2,0.29,0.0,0.35,0.0,0.0,0.0,0.0,0.2,472.32437765155527
0.2,0.4,0.0,0.19,0.11,0.26,0.0,0.0,0.18,0.0,0.0,0.0,0.0,0.26,0.0,0.0,0.0,0.0,0.0,0.8,462.16916770776555
0.1,0.3,0.0,0.0,0.27,0.0,0.28,0.22,0.0,0.23,0.0,0.0,0.0,0.0,0.0,0.21,0.23,0.31,0.25,0.7,443.1403413919444
0.4,0.5,0.0,0.22,0.0,0.0,0.0,0.0,0.35,0.25,0.0,0.0,0.0,0.18,0.0,0.0,0.0,0.0,0.0,0.5,459.5369076847969
0.4,0.5,0.22,0.33,0.23,0.0,0.0,0.0,0.0,0.0,0.0,0.0,0.0,0.0,0.22,0.0,0.0,0.0,0.0,0.8,446.8878479350823
0.6,0.2,0.17,0.0,0.32,0.14,0.19,0.0,0.0,0.0,0.0,0.0,0.18,0.0,0.0,0.0,0.0,0.0,0.0,0.8,393.8175824427437
0.7,0.3,0.16,0.34,0.0,0.0,0.0,0.0,0.24,0.0,0.0,0.0,0.26,0.0,0.0,0.42,0.13,0.23,0.22,0.1,254.8320422369548
0.4,0.2,0.0,0.0,0.0,0.26,0.2,0.0,0.0,0.0,0.25,0.0,0.14,0.0,0.15,0.0,0.0,0.0,0.0,0.4,433.2220018252036
0.1,0.0,0.24,0.0,0.0,0.13,0.0,0.0,0.0,0.17,0.19,0.27,0.0,0.0,0.0,0.0,0.0,0.0,0.0,0.5,302.3299471610616
0.2,0.1,0.0,0.0,0.19,0.0,0.0,0.0,0.0,0.15,0.44,0.0,0.0,0.22,0.0,0.51,0.29,0.6,0.6,0.2,419.24896781035574
0.3,0.4,0.0,0.0,0.0,0.23,0.24,0.0,0.0,0.0,0.2,0.12,0.0,0.21,0.0,0.0,0.0,0.0,0.0,0.3,422.25581081798515
0.4,0.0,0.18,0.0,0.33,0.0,0.16,0.0,0.33,0.0,0.0,0.0,0.0,0.0,0.0,0.0,0.0,0.0,0.0,0.8,396.60566841490777
0.6,0.0,0.0,0.0,0.0,0.0,0.0,0.16,0.3,0.0,0.0,0.0,0.0,0.24,0.3,0.0,0.0,0.0,0.0,0.4,466.94094418020376
0.1,0.0,0.0,0.0,0.0,0.0,0.29,0.18,0.21,0.0,0.0,0.22,0.1,0.0,0.0,0.0,0.0,0.0,0.0,0.2,295.2813861014779
0.6,0.3,0.18,0.0,0.33,0.0,0.0,0.23,0.0,0.0,0.26,0.0,0.0,0.0,0.0,0.3,0.19,0.15,0.36,0.5,460.34005304163907
0.6,0.0,0.0,0.0,0.0,0.0,0.0,0.0,0.2,0.0,0.0,0.23,0.2,0.37,0.0,0.0,0.0,0.0,0.0,0.3,411.0472475183629
0.1,0.3,0.0,0.15,0.18,0.13,0.0,0.31,0.0,0.0,0.0,0.0,0.23,0.0,0.0,0.37,0.17,0.13,0.33,0.8,441.5034473138178
0.6,0.1,0.0,0.0,0.0,0.26,0.17,0.0,0.0,0.0,0.0,0.0,0.16,0.0,0.41,0.19,0.38,0.74,0.69,0.8,383.50232941164745
0.1,0.3,0.0,0.0,0.24,0.0,0.3,0.15,0.0,0.0,0.31,0.0,0.0,0.0,0.0,0.18,0.3,0.24,0.28,0.5,438.3757601083306
0.6,0.2,0.0,0.0,0.0,0.27,0.0,0.27,0.13,0.0,0.33,0.0,0.0,0.0,0.0,0.0,0.0,0.0,0.0,0.2,476.5049038261361
0.2,0.4,0.0,0.15,0.0,0.0,0.25,0.0,0.0,0.22,0.21,0.0,0.0,0.0,0.17,0.0,0.0,0.0,0.0,0.1,335.574570981457
0.3,0.5,0.3,0.0,0.22,0.15,0.12,0.21,0.0,0.0,0.0,0.0,0.0,0.0,0.0,0.0,0.0,0.0,0.0,0.5,444.1666669167791
0.5,0.1,0.0,0.0,0.2,0.28,0.0,0.0,0.0,0.26,0.0,0.0,0.0,0.0,0.26,0.44,0.44,0.49,0.63,0.4,463.71133157666327
0.3,0.3,0.0,0.0,0.22,0.11,0.19,0.0,0.0,0.22,0.0,0.0,0.0,0.0,0.26,0.11,0.28,0.31,0.3,0.5,440.35619915456243
0.5,0.1,0.0,0.15,0.28,0.0,0.0,0.0,0.0,0.39,0.0,0.0,0.18,0.0,0.0,0.65,0.29,0.51,0.55,0.5,515.5580755111048
0.2,0.5,0.0,0.15,0.26,0.0,0.0,0.11,0.0,0.0,0.24,0.0,0.0,0.24,0.0,0.0,0.0,0.0,0.0,0.7,573.236685754228
0.3,0.1,0.24,0.0,0.25,0.0,0.0,0.0,0.0,0.17,0.0,0.0,0.14,0.2,0.0,0.41,0.62,0.42,0.55,0.7,408.62415117861497
0.5,0.4,0.0,0.3,0.0,0.15,0.0,0.0,0.0,0.0,0.22,0.33,0.0,0.0,0.0,0.0,0.0,0.0,0.0,0.2,410.80797233446015
0.7,0.2,0.0,0.2,0.0,0.0,0.0,0.0,0.0,0.0,0.25,0.0,0.21,0.19,0.15,0.0,0.0,0.0,0.0,0.5,483.17498428368293
0.2,0.0,0.0,0.0,0.0,0.24,0.0,0.21,0.32,0.0,0.0,0.23,0.0,0.0,0.0,0.0,0.0,0.0,0.0,0.1,220.14410361114895
0.6,0.4,0.24,0.18,0.0,0.0,0.22,0.0,0.0,0.0,0.0,0.0,0.0,0.36,0.0,0.0,0.0,0.0,0.0,0.6,284.8043045452518
0.7,0.1,0.0,0.0,0.19,0.15,0.34,0.0,0.0,0.0,0.0,0.0,0.0,0.32,0.0,0.43,0.56,0.56,0.45,0.4,390.9969872332479
0.5,0.1,0.0,0.0,0.25,0.0,0.26,0.0,0.0,0.16,0.0,0.0,0.19,0.14,0.0,0.77,0.47,0.49,0.27,0.1,263.2530240482621
0.2,0.0,0.0,0.0,0.16,0.0,0.0,0.0,0.26,0.2,0.0,0.0,0.27,0.0,0.11,0.0,0.0,0.0,0.0,0.1,270.98356140957986
0.5,0.5,0.0,0.0,0.0,0.32,0.21,0.0,0.0,0.32,0.0,0.0,0.0,0.15,0.0,0.0,0.0,0.0,0.0,0.8,524.1196940561804
0.1,0.4,0.0,0.0,0.0,0.0,0.33,0.0,0.0,0.28,0.0,0.16,0.0,0.23,0.0,0.0,0.0,0.0,0.0,0.2,350.3497200300262
0.6,0.2,0.0,0.0,0.19,0.24,0.0,0.0,0.11,0.19,0.27,0.0,0.0,0.0,0.0,0.0,0.0,0.0,0.0,0.4,495.92219865363893
0.4,0.3,0.0,0.0,0.0,0.0,0.11,0.0,0.0,0.21,0.2,0.21,0.0,0.0,0.27,0.27,0.28,0.15,0.3,0.8,428.92035665075775
0.6,0.0,0.0,0.0,0.28,0.0,0.16,0.0,0.0,0.0,0.28,0.0,0.28,0.0,0.0,0.0,0.0,0.0,0.0,0.7,458.27930928813964
0.1,0.5,0.0,0.0,0.17,0.0,0.0,0.23,0.0,0.0,0.11,0.29,0.0,0.2,0.0,0.0,0.0,0.0,0.0,0.8,510.0651384237408
0.6,0.0,0.0,0.0,0.0,0.0,0.16,0.0,0.32,0.0,0.0,0.33,0.19,0.0,0.0,0.0,0.0,0.0,0.0,0.5,352.07984882738276
0.5,0.3,0.0,0.0,0.22,0.22,0.0,0.27,0.0,0.0,0.0,0.0,0.0,0.0,0.29,0.17,0.3,0.25,0.28,0.2,471.0249799181895
0.7,0.2,0.14,0.27,0.0,0.0,0.0,0.0,0.0,0.11,0.28,0.0,0.0,0.2,0.0,0.0,0.0,0.0,0.0,0.5,350.01939759954934
0.7,0.4,0.22,0.18,0.0,0.0,0.0,0.0,0.0,0.0,0.21,0.21,0.0,0.18,0.0,0.0,0.0,0.0,0.0,0.2,319.7471737419184
0.7,0.0,0.0,0.0,0.27,0.0,0.0,0.0,0.0,0.0,0.32,0.0,0.0,0.13,0.28,0.0,0.0,0.0,0.0,0.6,517.09564869982
0.4,0.0,0.0,0.13,0.29,0.24,0.0,0.21,0.13,0.0,0.0,0.0,0.0,0.0,0.0,0.0,0.0,0.0,0.0,0.4,523.1113469051149
0.1,0.0,0.0,0.0,0.34,0.13,0.0,0.17,0.0,0.0,0.14,0.22,0.0,0.0,0.0,0.0,0.0,0.0,0.0,0.6,480.7664114344744
0.2,0.5,0.0,0.12,0.0,0.27,0.0,0.0,0.0,0.0,0.0,0.2799999999999999,0.0,0.15,0.18,0.0,0.0,0.0,0.0,0.2,472.32437765155527
0.4,0.2,0.19,0.0,0.24,0.0,0.0,0.0,0.0,0.23,0.0,0.0,0.34,0.0,0.0,0.0,0.0,0.0,0.0,0.3,461.6311324685778
0.4,0.3,0.23,0.0,0.0,0.0,0.0,0.0,0.0,0.0,0.0,0.36,0.24,0.0,0.17,0.17,0.34,0.25,0.24,0.6,297.4998967999041
0.7,0.2,0.0,0.0,0.0,0.16,0.14,0.0,0.0,0.0,0.0,0.0,0.28,0.19,0.23,0.0,0.0,0.0,0.0,0.3,422.4756780149034
0.3,0.4,0.0,0.0,0.0,0.0,0.24,0.0,0.0,0.0,0.3999999999999999,0.0,0.18,0.18,0.0,0.0,0.0,0.0,0.0,0.1,346.9859424183628
0.4,0.3,0.0,0.0,0.17,0.16,0.19,0.0,0.0,0.18,0.3,0.0,0.0,0.0,0.0,0.21,0.34,0.25,0.2,0.2,404.55493972746604
0.2,0.2,0.0,0.0,0.26,0.0,0.0,0.0,0.0,0.17,0.19,0.0,0.0,0.0,0.38,0.0,0.0,0.0,0.0,0.1,316.8606629974153
0.4,0.3,0.0,0.0,0.0,0.0,0.0,0.0,0.3,0.2,0.0,0.22,0.14,0.0,0.14,0.37,0.31,0.12,0.2,0.6,440.4709379428839
0.6,0.1,0.22,0.0,0.28,0.0,0.0,0.0,0.0,0.21,0.0,0.0,0.0,0.29,0.0,0.61,0.62,0.46,0.31,0.1,316.52254176269327
0.7,0.4,0.0,0.0,0.0,0.0,0.3,0.27,0.0,0.0,0.31,0.0,0.12,0.0,0.0,0.0,0.0,0.0,0.0,0.1,360.38950397528123
0.5,0.2,0.0,0.26,0.0,0.0,0.0,0.19,0.16,0.0,0.0,0.15,0.0,0.0,0.24,0.0,0.0,0.0,0.0,0.3,405.99767035570545
0.2,0.1,0.28,0.0,0.0,0.0,0.14,0.26,0.0,0.0,0.32,0.0,0.0,0.0,0.0,0.32,0.3,0.68,0.7,0.2,313.6959849633015
0.7,0.5,0.0,0.0,0.0,0.0,0.2,0.0,0.0,0.0,0.0,0.3399999999999999,0.25,0.0,0.21,0.0,0.0,0.0,0.0,0.2,474.25865194815805
0.4,0.2,0.0,0.0,0.0,0.0,0.24,0.0,0.19,0.16,0.0,0.0,0.17,0.24,0.0,0.0,0.0,0.0,0.0,0.8,415.6103864631463
0.5,0.4,0.0,0.0,0.22,0.0,0.2299999999999999,0.18,0.14,0.0,0.0,0.23,0.0,0.0,0.0,0.0,0.0,0.0,0.0,0.8,436.1500882224844
0.5,0.4,0.15,0.28,0.0,0.0,0.19,0.27,0.0,0.0,0.0,0.0,0.0,0.11,0.0,0.0,0.0,0.0,0.0,0.6,277.8780546025668
0.5,0.1,0.0,0.0,0.0,0.0,0.0,0.29,0.22,0.0,0.34,0.0,0.0,0.15,0.0,0.64,0.63,0.17,0.56,0.2,436.4664383117587
0.5,0.1,0.28,0.26,0.0,0.1,0.0,0.16,0.2,0.0,0.0,0.0,0.0,0.0,0.0,0.44,0.52,0.74,0.3,0.5,332.60355879075877
0.6,0.4,0.0,0.0,0.27,0.28,0.0,0.0,0.26,0.0,0.0,0.19,0.0,0.0,0.0,0.0,0.0,0.0,0.0,0.5,511.31519732529205
0.1,0.3,0.0,0.0,0.13,0.0,0.27,0.0,0.0,0.24,0.0,0.0,0.17,0.19,0.0,0.12,0.28,0.28,0.32,0.3,403.0208356367801
0.2,0.2,0.0,0.0,0.0,0.0,0.0,0.0,0.0,0.16,0.18,0.32,0.0,0.0,0.3399999999999999,0.0,0.0,0.0,0.0,0.7,460.6805674133815
0.3,0.2,0.19,0.18,0.0,0.0,0.0,0.0,0.28,0.0,0.0,0.0,0.35,0.0,0.0,0.0,0.0,0.0,0.0,0.2,416.0265228757407
0.5,0.4,0.0,0.0,0.0,0.18,0.0,0.0,0.36,0.26,0.2,0.0,0.0,0.0,0.0,0.0,0.0,0.0,0.0,0.6,480.70489483159434
0.1,0.4,0.0,0.18,0.25,0.26,0.0,0.0,0.0,0.0,0.11,0.0,0.0,0.2,0.0,0.0,0.0,0.0,0.0,0.1,373.1117460168444
0.4,0.1,0.21,0.0,0.0,0.0,0.0,0.0,0.0,0.19,0.0,0.0,0.42,0.18,0.0,0.45,0.63,0.27,0.65,0.2,357.8745363918348
0.7,0.3,0.0,0.27,0.28,0.0,0.0,0.22,0.0,0.0,0.0,0.0,0.0,0.23,0.0,0.38,0.13,0.23,0.26,0.4,570.5487978364207
0.6,0.2,0.0,0.0,0.0,0.0,0.0,0.0,0.3,0.26,0.0,0.0,0.0,0.17,0.27,0.0,0.0,0.0,0.0,0.7,468.5121164226797
0.4,0.3,0.0,0.0,0.0,0.0,0.19,0.0,0.24,0.0,0.23,0.0,0.0,0.0,0.3399999999999999,0.46,0.14,0.24,0.16,0.5,417.22487207122134
0.4,0.1,0.0,0.0,0.0,0.0,0.0,0.0,0.0,0.15,0.25,0.33,0.0,0.0,0.27,0.34,0.59,0.63,0.44,0.3,457.212871637693
0.2,0.5,0.26,0.31,0.0,0.0,0.0,0.2,0.0,0.23,0.0,0.0,0.0,0.0,0.0,0.0,0.0,0.0,0.0,0.7,354.9789262003175
0.5,0.2,0.0,0.0,0.0,0.0,0.0,0.25,0.0,0.15,0.0,0.26,0.23,0.0,0.11,0.0,0.0,0.0,0.0,0.2,436.53030193249856
0.7,0.5,0.0,0.31,0.0,0.28,0.0,0.0,0.0,0.0,0.21,0.0,0.0,0.0,0.2,0.0,0.0,0.0,0.0,0.1,398.7149639319854
0.5,0.3,0.0,0.19,0.0,0.0,0.27,0.0,0.0,0.29,0.0,0.0,0.0,0.25,0.0,0.17,0.29,0.26,0.28,0.8,423.2593471813658
0.4,0.0,0.0,0.15,0.0,0.23,0.0,0.0,0.0,0.0,0.23,0.0,0.27,0.12,0.0,0.0,0.0,0.0,0.0,0.1,297.47945003239505
0.4,0.5,0.31,0.25,0.15,0.0,0.0,0.0,0.0,0.0,0.0,0.29,0.0,0.0,0.0,0.0,0.0,0.0,0.0,0.7,333.2189350626222
0.2,0.3,0.0,0.0,0.22,0.27,0.16,0.0,0.15,0.0,0.0,0.0,0.2,0.0,0.0,0.28,0.29,0.12,0.31,0.3,434.3334231205522
0.6,0.5,0.0,0.0,0.22,0.22,0.38,0.0,0.0,0.0,0.0,0.18,0.0,0.0,0.0,0.0,0.0,0.0,0.0,0.1,416.25434811966136
0.5,0.5,0.18,0.0,0.0,0.0,0.22,0.0,0.0,0.0,0.0,0.0,0.31,0.0,0.29,0.0,0.0,0.0,0.0,0.5,439.41081294740854
0.6,0.5,0.0,0.0,0.18,0.0,0.0,0.27,0.25,0.0,0.0,0.0,0.0,0.3,0.0,0.0,0.0,0.0,0.0,0.1,460.7797088020938
0.4,0.5,0.0,0.3,0.31,0.19,0.0,0.0,0.0,0.0,0.0,0.0,0.0,0.2,0.0,0.0,0.0,0.0,0.0,0.6,590.8913763341309
0.3,0.0,0.43,0.16,0.0,0.0,0.2,0.0,0.0,0.0,0.0,0.21,0.0,0.0,0.0,0.0,0.0,0.0,0.0,0.2,260.7612338788799
0.6,0.3,0.0,0.0,0.0,0.26,0.0,0.0,0.32,0.2,0.0,0.0,0.22,0.0,0.0,0.17,0.17,0.3399999999999999,0.32,0.3,476.686288340142
0.3,0.0,0.0,0.35,0.14,0.17,0.0,0.0,0.0,0.0,0.0,0.0,0.34,0.0,0.0,0.0,0.0,0.0,0.0,0.3,387.1532680163195
0.3,0.5,0.0,0.0,0.09,0.0,0.0,0.0,0.25,0.0,0.0,0.22,0.2,0.24,0.0,0.0,0.0,0.0,0.0,0.2,463.7941844401528
0.1,0.1,0.0,0.18,0.0,0.19,0.0,0.0,0.0,0.14,0.0,0.27,0.0,0.22,0.0,0.49,0.61,0.62,0.28,0.5,398.2326600366176
0.4,0.2,0.27,0.18,0.0,0.0,0.0,0.0,0.0,0.0,0.0,0.0,0.19,0.14,0.22,0.0,0.0,0.0,0.0,0.1,272.82595306834213
0.1,0.2,0.2,0.0,0.0,0.0,0.0,0.0,0.0,0.0,0.41,0.18,0.0,0.21,0.0,0.0,0.0,0.0,0.0,0.5,317.88245776765604
0.3,0.0,0.0,0.0,0.0,0.0,0.22,0.0,0.26,0.19,0.0,0.15,0.18,0.0,0.0,0.0,0.0,0.0,0.0,0.2,316.47431335245614
0.5,0.5,0.0,0.0,0.0,0.21,0.22,0.0,0.24,0.0,0.0,0.14,0.19,0.0,0.0,0.0,0.0,0.0,0.0,0.3,491.98937966254556
0.3,0.4,0.0,0.26,0.1,0.0,0.0,0.0,0.23,0.24,0.0,0.17,0.0,0.0,0.0,0.0,0.0,0.0,0.0,0.6,402.4151475781034
0.2,0.5,0.1,0.22,0.24,0.2299999999999999,0.0,0.0,0.0,0.0,0.0,0.0,0.21,0.0,0.0,0.0,0.0,0.0,0.0,0.1,400.8117331578731
0.2,0.4,0.0,0.0,0.0,0.23,0.19,0.0,0.0,0.2,0.0,0.0,0.18,0.0,0.2,0.0,0.0,0.0,0.0,0.5,388.1183412869543
0.3,0.2,0.0,0.0,0.0,0.26,0.0,0.0,0.32,0.0,0.26,0.16,0.0,0.0,0.0,0.0,0.0,0.0,0.0,0.2,434.7729251319841
0.6,0.1,0.0,0.27,0.0,0.0,0.0,0.0,0.0,0.22,0.0,0.0,0.23,0.28,0.0,0.21,0.73,0.74,0.32,0.1,258.5984197337389
0.6,0.3,0.0,0.23,0.0,0.2,0.0,0.22,0.0,0.0,0.12,0.0,0.0,0.2299999999999999,0.0,0.3,0.1,0.28,0.32,0.7,422.9608882512211
0.7,0.4,0.15,0.0,0.0,0.0,0.32,0.0,0.0,0.0,0.21,0.0,0.32,0.0,0.0,0.0,0.0,0.0,0.0,0.8,349.70739260801497
0.3,0.3,0.0,0.23,0.0,0.19,0.0,0.0,0.17,0.14,0.0,0.0,0.27,0.0,0.0,0.19,0.28,0.41,0.12,0.1,300.44546886508203
0.7,0.3,0.17,0.0,0.0,0.0,0.23,0.16,0.0,0.0,0.29,0.0,0.15,0.0,0.0,0.16,0.28,0.28,0.28,0.2,372.7962681005075
0.5,0.2,0.0,0.0,0.24,0.0,0.21,0.0,0.18,0.0,0.0,0.0,0.0,0.37,0.0,0.0,0.0,0.0,0.0,0.7,466.48451818102166
0.2,0.3,0.18,0.16,0.0,0.0,0.0,0.0,0.0,0.0,0.0,0.41,0.25,0.0,0.0,0.36,0.24,0.11,0.29,0.4,365.33718096293387
0.7,0.4,0.13,0.15,0.0,0.0,0.24,0.34,0.0,0.0,0.0,0.0,0.14,0.0,0.0,0.0,0.0,0.0,0.0,0.8,355.38271531826655
0.4,0.0,0.0,0.25,0.0,0.18,0.3,0.0,0.0,0.0,0.1,0.0,0.0,0.0,0.17,0.0,0.0,0.0,0.0,0.2,297.4155783996426
0.7,0.4,0.0,0.0,0.22,0.21,0.0,0.1,0.24,0.0,0.0,0.0,0.0,0.23,0.0,0.0,0.0,0.0,0.0,0.3,505.7333542020819
0.3,0.5,0.28,0.0,0.0,0.0,0.0,0.0,0.0,0.0,0.16,0.0,0.29,0.27,0.0,0.0,0.0,0.0,0.0,0.3,405.2860889107287
0.1,0.2,0.19,0.0,0.34,0.33,0.0,0.0,0.0,0.14,0.0,0.0,0.0,0.0,0.0,0.0,0.0,0.0,0.0,0.5,426.5722250185127
0.4,0.3,0.0,0.0,0.0,0.18,0.0,0.0,0.0,0.28,0.12,0.0,0.12,0.0,0.3,0.34,0.18,0.1,0.38,0.2,463.87370448455266
0.7,0.5,0.0,0.0,0.0,0.0,0.0,0.25,0.0,0.0,0.22,0.12,0.18,0.23,0.0,0.0,0.0,0.0,0.0,0.7,529.6162188944278
0.3,0.0,0.31,0.0,0.0,0.15,0.0,0.0,0.2,0.0,0.0,0.0,0.0,0.34,0.0,0.0,0.0,0.0,0.0,0.7,345.88507665863693
0.4,0.4,0.17,0.25,0.0,0.0,0.23,0.25,0.0,0.0,0.0,0.1,0.0,0.0,0.0,0.0,0.0,0.0,0.0,0.8,277.8780546025668
0.7,0.1,0.3,0.17,0.0,0.23,0.0,0.0,0.0,0.0,0.0,0.0,0.0,0.3,0.0,0.38,0.3,0.7,0.62,0.4,353.92627092566727
0.4,0.4,0.27,0.0,0.0,0.0,0.22,0.0,0.25,0.0,0.0,0.0,0.0,0.0,0.26,0.0,0.0,0.0,0.0,0.1,284.4183509957344
0.6,0.4,0.24,0.26,0.0,0.0,0.0,0.0,0.0,0.0,0.0,0.24,0.26,0.0,0.0,0.0,0.0,0.0,0.0,0.2,247.23158673166984
0.7,0.1,0.0,0.36,0.0,0.0,0.0,0.0,0.26,0.16,0.0,0.22,0.0,0.0,0.0,0.67,0.58,0.36,0.39,0.6,363.27154932443375
0.3,0.3,0.27,0.0,0.0,0.11,0.26,0.0,0.0,0.0,0.0,0.0,0.1,0.26,0.0,0.23,0.16,0.13,0.48,0.1,283.42811223724374
0.1,0.5,0.26,0.0,0.11,0.0,0.0,0.0,0.29,0.0,0.0,0.2,0.0,0.0,0.14,0.0,0.0,0.0,0.0,0.1,367.69010096880265
0.7,0.0,0.18,0.0,0.0,0.0,0.0,0.0,0.18,0.24,0.0,0.4,0.0,0.0,0.0,0.0,0.0,0.0,0.0,0.7,372.2778207801744
0.7,0.5,0.0,0.23,0.13,0.14,0.0,0.0,0.3,0.0,0.0,0.0,0.0,0.2,0.0,0.0,0.0,0.0,0.0,0.2,429.77592238688754
0.2,0.2,0.0,0.0,0.0,0.0,0.23,0.0,0.29,0.31,0.0,0.0,0.17,0.0,0.0,0.0,0.0,0.0,0.0,0.1,276.6143927754993
0.3,0.0,0.0,0.0,0.0,0.23,0.0,0.0,0.0,0.0,0.42,0.0,0.0,0.18,0.17,0.0,0.0,0.0,0.0,0.3,462.09162916465635
0.1,0.1,0.0,0.0,0.0,0.0,0.0,0.28,0.0,0.24,0.0,0.0,0.27,0.21,0.0,0.49,0.53,0.51,0.47,0.5,401.4491429665002
0.6,0.0,0.16,0.0,0.0,0.18,0.0,0.23,0.18,0.0,0.0,0.25,0.0,0.0,0.0,0.0,0.0,0.0,0.0,0.7,384.67297196674986
0.1,0.4,0.0,0.31,0.18,0.0,0.0,0.0,0.0,0.0,0.0,0.28,0.0,0.0,0.23,0.0,0.0,0.0,0.0,0.2,382.25629694143123
0.6,0.3,0.32,0.0,0.0,0.0,0.0,0.2,0.0,0.0,0.0,0.23,0.0,0.25,0.0,0.26,0.13,0.38,0.23,0.1,322.1388628674178
0.6,0.4,0.0,0.0,0.17,0.0,0.15,0.0,0.26,0.0,0.0,0.0,0.15,0.0,0.27,0.0,0.0,0.0,0.0,0.8,401.6310001707156
0.2,0.4,0.29,0.0,0.22,0.0,0.0,0.0,0.0,0.0,0.0,0.19,0.0,0.3,0.0,0.0,0.0,0.0,0.0,0.5,331.33825486290243
0.6,0.2,0.0,0.0,0.21,0.0,0.0,0.0,0.0,0.25,0.19,0.0,0.0,0.15,0.2,0.0,0.0,0.0,0.0,0.8,512.8561793375769
0.5,0.0,0.0,0.0,0.0,0.21,0.0,0.26,0.0,0.0,0.14,0.0,0.0,0.19,0.2,0.0,0.0,0.0,0.0,0.2,445.24341588185234
0.6,0.5,0.0,0.0,0.0,0.0,0.26,0.0,0.0,0.0,0.15,0.2,0.0,0.25,0.14,0.0,0.0,0.0,0.0,0.7,537.2329432653734
0.4,0.5,0.17,0.0,0.0,0.0,0.18,0.0,0.0,0.26,0.0,0.0,0.19,0.0,0.2,0.0,0.0,0.0,0.0,0.8,447.3870784829533
0.6,0.4,0.0,0.0,0.0,0.0,0.15,0.2,0.0,0.21,0.17,0.0,0.0,0.27,0.0,0.0,0.0,0.0,0.0,0.7,428.658944294475
0.4,0.1,0.0,0.17,0.24,0.2,0.0,0.0,0.2299999999999999,0.0,0.16,0.0,0.0,0.0,0.0,0.66,0.4,0.47,0.47,0.5,497.1093948226401
0.5,0.5,0.0,0.0,0.33,0.0,0.2,0.0,0.23,0.24,0.0,0.0,0.0,0.0,0.0,0.0,0.0,0.0,0.0,0.6,555.6550760564812
0.6,0.4,0.18,0.0,0.0,0.0,0.0,0.0,0.0,0.0,0.14,0.0,0.0,0.35,0.33,0.0,0.0,0.0,0.0,0.2,408.77868140866565
0.6,0.3,0.0,0.0,0.0,0.14,0.22,0.21,0.26,0.0,0.0,0.0,0.0,0.0,0.17,0.32,0.21,0.34,0.13,0.2,396.872659726945
0.7,0.5,0.28,0.0,0.29,0.0,0.0,0.0,0.0,0.0,0.17,0.0,0.26,0.0,0.0,0.0,0.0,0.0,0.0,0.6,468.32745786401154
0.2,0.3,0.0,0.2,0.2,0.0,0.0,0.0,0.21,0.0,0.39,0.0,0.0,0.0,0.0,0.36,0.1,0.36,0.18,0.3,472.4394553526463
0.4,0.1,0.0,0.0,0.0,0.0,0.23,0.22,0.35,0.0,0.0,0.0,0.2,0.0,0.0,0.21,0.38,0.79,0.62,0.8,383.6329632279626
0.6,0.4,0.0,0.0,0.0,0.3,0.0,0.0,0.11,0.18,0.0,0.0,0.14,0.0,0.27,0.0,0.0,0.0,0.0,0.5,480.9562976040741
0.4,0.2,0.22,0.0,0.0,0.0,0.0,0.22,0.24,0.0,0.0,0.32,0.0,0.0,0.0,0.0,0.0,0.0,0.0,0.4,345.8447743107497
0.4,0.1,0.26,0.0,0.0,0.16,0.0,0.17,0.0,0.0,0.0,0.16,0.0,0.25,0.0,0.4,0.69,0.25,0.66,0.7,335.68467205924185
0.2,0.4,0.13,0.27,0.0,0.25,0.11,0.0,0.0,0.24,0.0,0.0,0.0,0.0,0.0,0.0,0.0,0.0,0.0,0.6,262.117588107029
0.1,0.0,0.0,0.0,0.0,0.31,0.0,0.0,0.27,0.0,0.0,0.0,0.25,0.0,0.17,0.0,0.0,0.0,0.0,0.8,401.6164974409127
0.2,0.4,0.0,0.0,0.15,0.0,0.25,0.18,0.0,0.0,0.2,0.22,0.0,0.0,0.0,0.0,0.0,0.0,0.0,0.6,390.62514419269974
0.1,0.4,0.0,0.28,0.0,0.0,0.0,0.14,0.0,0.31,0.0,0.0,0.27,0.0,0.0,0.0,0.0,0.0,0.0,0.6,391.3200368084508
0.2,0.3,0.0,0.0,0.15,0.0,0.23,0.13,0.0,0.0,0.0,0.0,0.0,0.21,0.28,0.39,0.28,0.1,0.23,0.4,388.2225657530802
0.2,0.5,0.0,0.0,0.0,0.0,0.0,0.27,0.0,0.0,0.0,0.32,0.0,0.2,0.21,0.0,0.0,0.0,0.0,0.1,424.63005883932055
0.6,0.0,0.0,0.0,0.0,0.0,0.19,0.0,0.15,0.0,0.36,0.0,0.0,0.0,0.3,0.0,0.0,0.0,0.0,0.1,283.2715896141937
0.2,0.3,0.0,0.23,0.2,0.0,0.21,0.0,0.0,0.0,0.0,0.21,0.15,0.0,0.0,0.24,0.27,0.31,0.18,0.4,345.45794653779825
0.7,0.4,0.0,0.0,0.24,0.0,0.14,0.0,0.25,0.0,0.0,0.0,0.21,0.16,0.0,0.0,0.0,0.0,0.0,0.4,455.2935308337124
0.2,0.4,0.0,0.15,0.0,0.0,0.0,0.0,0.0,0.31,0.0,0.36,0.0,0.18,0.0,0.0,0.0,0.0,0.0,0.3,437.6068785658515
0.4,0.0,0.0,0.0,0.0,0.25,0.0,0.25,0.0,0.13,0.21,0.0,0.16,0.0,0.0,0.0,0.0,0.0,0.0,0.3,473.599679505697
0.5,0.1,0.0,0.0,0.0,0.24,0.0,0.0,0.0,0.24,0.12,0.12,0.0,0.0,0.2799999999999999,0.59,0.36,0.59,0.46,0.5,459.8285202447715
0.1,0.1,0.0,0.0,0.0,0.0,0.0,0.0,0.26,0.2,0.0,0.0,0.17,0.0,0.37,0.47,0.48,0.52,0.53,0.8,401.9469386148432
0.7,0.5,0.0,0.35,0.0,0.0,0.0,0.17,0.22,0.0,0.0,0.0,0.0,0.26,0.0,0.0,0.0,0.0,0.0,0.8,456.1883609418924
0.3,0.2,0.0,0.0,0.0,0.17,0.0,0.0,0.25,0.0,0.0,0.3,0.0,0.0,0.28,0.0,0.0,0.0,0.0,0.3,437.1400851924738
0.7,0.3,0.0,0.0,0.23,0.0,0.0,0.0,0.0,0.0,0.14,0.19,0.22,0.22,0.0,0.2,0.16,0.14,0.5,0.5,540.0011225292998
0.3,0.1,0.0,0.29,0.0,0.0,0.27,0.0,0.0,0.0,0.0,0.0,0.32,0.12,0.0,0.6,0.25,0.67,0.48,0.8,326.08264049738017
0.6,0.2,0.0,0.21,0.0,0.0,0.0,0.0,0.0,0.32,0.23,0.24,0.0,0.0,0.0,0.0,0.0,0.0,0.0,0.1,336.18168397774
0.4,0.0,0.0,0.0,0.0,0.0,0.0,0.23,0.0,0.15,0.27,0.2,0.15,0.0,0.0,0.0,0.0,0.0,0.0,0.6,460.36905242297956
0.4,0.3,0.0,0.0,0.0,0.13,0.2,0.0,0.0,0.0,0.0,0.0,0.22,0.24,0.21,0.38,0.4,0.1,0.12,0.3,424.0080871374666
0.4,0.0,0.27,0.17,0.13,0.25,0.0,0.0,0.0,0.0,0.0,0.0,0.0,0.0,0.18,0.0,0.0,0.0,0.0,0.7,340.52403844931354
0.6,0.2,0.0,0.25,0.0,0.13,0.2,0.0,0.26,0.0,0.0,0.0,0.16,0.0,0.0,0.0,0.0,0.0,0.0,0.6,343.3731356960793
0.1,0.1,0.2,0.0,0.0,0.0,0.18,0.0,0.0,0.18,0.0,0.14,0.0,0.0,0.3,0.41,0.62,0.5,0.47,0.7,238.99588948868794
0.6,0.5,0.0,0.31,0.18,0.33,0.0,0.0,0.0,0.0,0.0,0.0,0.18,0.0,0.0,0.0,0.0,0.0,0.0,0.7,470.6154560167808
0.2,0.2,0.0,0.0,0.34,0.0,0.0,0.16,0.0,0.18,0.0,0.0,0.18,0.0,0.14,0.0,0.0,0.0,0.0,0.5,484.97579094758663
0.2,0.4,0.0,0.21,0.0,0.0,0.0,0.0,0.18,0.0,0.24,0.18,0.19,0.0,0.0,0.0,0.0,0.0,0.0,0.3,441.16845513840053
0.4,0.1,0.0,0.0,0.0,0.15,0.0,0.33,0.0,0.0,0.15,0.37,0.0,0.0,0.0,0.47,0.35,0.29,0.89,0.6,460.36905242297956
0.4,0.1,0.27,0.0,0.11,0.0,0.0,0.0,0.23,0.0,0.12,0.0,0.0,0.27,0.0,0.72,0.24,0.7,0.34,0.1,280.1969430874814
0.4,0.5,0.34,0.0,0.0,0.0,0.0,0.0,0.0,0.0,0.18,0.18,0.0,0.3,0.0,0.0,0.0,0.0,0.0,0.4,405.3283863186055
0.3,0.3,0.0,0.0,0.25,0.0,0.0,0.0,0.28,0.0,0.0,0.0,0.18,0.0,0.29,0.16,0.27,0.24,0.33,0.2,454.8523302272384
0.1,0.1,0.0,0.0,0.0,0.0,0.0,0.0,0.17,0.12,0.14,0.0,0.24,0.0,0.33,0.21,0.29,0.96,0.54,0.2,428.5278691977989
0.1,0.3,0.35,0.0,0.14,0.0,0.15,0.0,0.19,0.0,0.0,0.17,0.0,0.0,0.0,0.24,0.16,0.35,0.25,0.1,253.4869918986952
0.6,0.4,0.28,0.0,0.0,0.0,0.0,0.0,0.0,0.24,0.0,0.11,0.15,0.22,0.0,0.0,0.0,0.0,0.0,0.2,284.21897463160997
0.4,0.4,0.0,0.0,0.0,0.27,0.0,0.0,0.0,0.17,0.0,0.0,0.31,0.0,0.25,0.0,0.0,0.0,0.0,0.2,463.02065065435437
0.4,0.3,0.27,0.0,0.0,0.33,0.0,0.22,0.0,0.0,0.0,0.0,0.18,0.0,0.0,0.23,0.22,0.1,0.45,0.2,421.94377094472895
0.2,0.3,0.3,0.0,0.0,0.0,0.0,0.12,0.0,0.32,0.26,0.0,0.0,0.0,0.0,0.2,0.17,0.17,0.46,0.2,360.8473099964774
0.1,0.1,0.22,0.0,0.0,0.0,0.21,0.0,0.39,0.0,0.0,0.0,0.0,0.0,0.18,0.38,0.36,0.49,0.77,0.3,293.18353256837565
0.3,0.5,0.21,0.0,0.0,0.22,0.0,0.2,0.26,0.0,0.0,0.11,0.0,0.0,0.0,0.0,0.0,0.0,0.0,0.6,399.4413770238386
0.6,0.4,0.21,0.0,0.0,0.26,0.16,0.0,0.0,0.23,0.0,0.0,0.0,0.0,0.14,0.0,0.0,0.0,0.0,0.3,284.25662030840715
0.2,0.2,0.0,0.2,0.0,0.0,0.0,0.24,0.0,0.26,0.0,0.14,0.0,0.16,0.0,0.0,0.0,0.0,0.0,0.4,427.5163757884889
0.6,0.3,0.0,0.0,0.0,0.0,0.0,0.0,0.28,0.2799999999999999,0.0,0.0,0.23,0.0,0.21,0.44,0.11,0.33,0.12,0.3,476.686288340142
0.6,0.0,0.23,0.0,0.0,0.0,0.14,0.0,0.0,0.0,0.0,0.36,0.27,0.0,0.0,0.0,0.0,0.0,0.0,0.7,267.1804306707979
0.6,0.2,0.0,0.15,0.21,0.0,0.0,0.0,0.0,0.0,0.18,0.15,0.0,0.31,0.0,0.0,0.0,0.0,0.0,0.2,446.190609942515
0.4,0.2,0.0,0.0,0.2,0.0,0.24,0.0,0.0,0.0,0.0,0.28,0.14,0.14,0.0,0.0,0.0,0.0,0.0,0.3,394.88483708051893
0.1,0.0,0.28,0.15,0.0,0.0,0.21,0.0,0.0,0.0,0.0,0.0,0.0,0.16,0.2,0.0,0.0,0.0,0.0,0.6,276.56645181454417
0.3,0.5,0.16,0.0,0.0,0.0,0.0,0.21,0.0,0.0,0.0,0.29,0.0,0.34,0.0,0.0,0.0,0.0,0.0,0.2,412.2691593471379
0.3,0.3,0.0,0.34,0.0,0.0,0.28,0.0,0.25,0.0,0.0,0.0,0.13,0.0,0.0,0.32,0.27,0.22,0.19,0.2,316.12116117185917
0.4,0.0,0.0,0.29,0.0,0.0,0.0,0.28,0.0,0.0,0.0,0.14,0.14,0.15,0.0,0.0,0.0,0.0,0.0,0.3,376.7772287001746
0.2,0.0,0.0,0.0,0.0,0.0,0.0,0.18,0.19,0.0,0.0,0.0,0.35,0.28,0.0,0.0,0.0,0.0,0.0,0.7,405.3178807503878
0.1,0.3,0.0,0.0,0.21,0.0,0.26,0.25,0.0,0.14,0.14,0.0,0.0,0.0,0.0,0.35,0.12,0.36,0.17,0.3,430.5571895365855
0.6,0.0,0.18,0.0,0.32,0.0,0.0,0.19,0.0,0.0,0.0,0.31,0.0,0.0,0.0,0.0,0.0,0.0,0.0,0.7,439.80953844815707
0.6,0.4,0.0,0.23,0.0,0.0,0.0,0.0,0.0,0.0,0.35,0.29,0.0,0.0,0.13,0.0,0.0,0.0,0.0,0.3,437.31068406530403
0.7,0.1,0.0,0.18,0.2,0.0,0.0,0.0,0.0,0.0,0.15,0.0,0.22,0.0,0.25,0.56,0.44,0.34,0.66,0.1,315.43068434782015
0.5,0.1,0.0,0.0,0.19,0.0,0.0,0.0,0.0,0.0,0.0,0.0,0.24,0.29,0.28,0.33,0.55,0.55,0.57,0.4,463.983041225902
0.1,0.1,0.0,0.25,0.0,0.0,0.0,0.23,0.0,0.0,0.0,0.24,0.0,0.0,0.28,0.36,0.47,0.62,0.55,0.4,354.3807244866968
0.5,0.2,0.0,0.0,0.23,0.26,0.21,0.0,0.0,0.0,0.0,0.0,0.19,0.11,0.0,0.0,0.0,0.0,0.0,0.3,472.19176396325895
0.1,0.0,0.18,0.0,0.0,0.0,0.0,0.0,0.45,0.0,0.0,0.2,0.0,0.17,0.0,0.0,0.0,0.0,0.0,0.1,214.11848183370168
0.3,0.0,0.0,0.0,0.0,0.2,0.0,0.0,0.23,0.0,0.0,0.32,0.0,0.0,0.25,0.0,0.0,0.0,0.0,0.2,373.92983592190683
0.6,0.3,0.0,0.25,0.0,0.0,0.0,0.22,0.22,0.31,0.0,0.0,0.0,0.0,0.0,0.32,0.3,0.19,0.19,0.7,425.37193966154314
0.3,0.4,0.0,0.22,0.31,0.0,0.0,0.16,0.0,0.0,0.31,0.0,0.0,0.0,0.0,0.0,0.0,0.0,0.0,0.2,461.1125553372106
0.5,0.1,0.35,0.0,0.0,0.14,0.0,0.0,0.0,0.0,0.14,0.0,0.0,0.2,0.17,0.6,0.23,0.34,0.83,0.2,372.74128421473506
0.6,0.0,0.0,0.11,0.0,0.23,0.0,0.0,0.0,0.25,0.13,0.28,0.0,0.0,0.0,0.0,0.0,0.0,0.0,0.4,460.96280231691253
0.4,0.5,0.19,0.0,0.0,0.0,0.0,0.32,0.0,0.19,0.0,0.0,0.3,0.0,0.0,0.0,0.0,0.0,0.0,0.4,455.1605840489561
0.7,0.0,0.19,0.0,0.1,0.0,0.0,0.19,0.0,0.0,0.0,0.0,0.26,0.0,0.26,0.0,0.0,0.0,0.0,0.2,425.6346075416017
0.5,0.1,0.2,0.0,0.0,0.2299999999999999,0.0,0.16,0.18,0.0,0.0,0.0,0.23,0.0,0.0,0.54,0.44,0.56,0.46,0.6,403.7500961736119
0.4,0.4,0.0,0.0,0.0,0.22,0.16,0.36,0.0,0.0,0.0,0.26,0.0,0.0,0.0,0.0,0.0,0.0,0.0,0.7,402.93381337348956
0.7,0.0,0.0,0.0,0.0,0.19,0.0,0.0,0.0,0.23,0.12,0.14,0.0,0.32,0.0,0.0,0.0,0.0,0.0,0.3,456.8054946938873
0.4,0.2,0.23,0.0,0.22,0.15,0.0,0.0,0.19,0.0,0.21,0.0,0.0,0.0,0.0,0.0,0.0,0.0,0.0,0.3,411.28225880491925
0.3,0.5,0.17,0.0,0.0,0.2,0.19,0.0,0.0,0.0,0.0,0.22,0.22,0.0,0.0,0.0,0.0,0.0,0.0,0.6,410.2716665642581
0.7,0.3,0.15,0.0,0.11,0.0,0.0,0.0,0.0,0.0,0.27,0.23,0.0,0.24,0.0,0.12,0.28,0.2,0.3999999999999999,0.5,403.3790026849086
0.3,0.5,0.0,0.0,0.0,0.18,0.18,0.0,0.0,0.0,0.0,0.0,0.31,0.33,0.0,0.0,0.0,0.0,0.0,0.4,523.5306099934784
0.6,0.3,0.23,0.0,0.0,0.28,0.0,0.27,0.0,0.0,0.0,0.0,0.0,0.22,0.0,0.17,0.22,0.31,0.3,0.7,410.0363117674882
0.4,0.3,0.0,0.39,0.0,0.0,0.17,0.0,0.0,0.0,0.0,0.24,0.2,0.0,0.0,0.16,0.36,0.31,0.17,0.8,348.11546273607684
0.2,0.1,0.0,0.0,0.0,0.24,0.13,0.0,0.0,0.0,0.23,0.18,0.22,0.0,0.0,0.33,0.56,0.39,0.72,0.7,380.15240471030944
0.4,0.2,0.14,0.0,0.0,0.0,0.22,0.0,0.28,0.0,0.0,0.19,0.0,0.0,0.17,0.0,0.0,0.0,0.0,0.2,321.87084344673707
0.3,0.1,0.19,0.0,0.0,0.0,0.0,0.0,0.17,0.24,0.0,0.0,0.0,0.12,0.28,0.54,0.22,0.88,0.36,0.2,391.9986583792204
0.2,0.5,0.21,0.0,0.0,0.23,0.0,0.0,0.13,0.0,0.26,0.0,0.0,0.17,0.0,0.0,0.0,0.0,0.0,0.1,404.82935733883045
0.2,0.2,0.0,0.0,0.0,0.0,0.18,0.15,0.28,0.0,0.0,0.0,0.0,0.0,0.39,0.0,0.0,0.0,0.0,0.8,366.6636216826564
0.3,0.0,0.25,0.16,0.0,0.0,0.0,0.0,0.0,0.38,0.0,0.0,0.0,0.0,0.21,0.0,0.0,0.0,0.0,0.2,341.7538204069389
0.7,0.5,0.21,0.13,0.0,0.0,0.16,0.22,0.0,0.0,0.0,0.0,0.0,0.28,0.0,0.0,0.0,0.0,0.0,0.2,430.0008625139259
0.7,0.5,0.29,0.28,0.0,0.0,0.0,0.29,0.0,0.0,0.0,0.0,0.0,0.14,0.0,0.0,0.0,0.0,0.0,0.8,369.2164658921243
0.5,0.2,0.0,0.0,0.0,0.0,0.22,0.0,0.19,0.0,0.25,0.0,0.0,0.34,0.0,0.0,0.0,0.0,0.0,0.3,440.2444265598011
0.3,0.0,0.0,0.0,0.24,0.0,0.24,0.0,0.27,0.0,0.0,0.0,0.0,0.25,0.0,0.0,0.0,0.0,0.0,0.6,417.0200260961268
0.3,0.2,0.0,0.33,0.0,0.0,0.0,0.26,0.0,0.0,0.0,0.17,0.0,0.0,0.24,0.0,0.0,0.0,0.0,0.6,409.77113943668485
0.5,0.5,0.21,0.0,0.0,0.17,0.28,0.16,0.18,0.0,0.0,0.0,0.0,0.0,0.0,0.0,0.0,0.0,0.0,0.1,406.43784007031024
0.2,0.5,0.0,0.0,0.29,0.26,0.0,0.0,0.0,0.0,0.24,0.0,0.0,0.0,0.21,0.0,0.0,0.0,0.0,0.1,468.7825432924126
0.6,0.2,0.15,0.27,0.0,0.0,0.0,0.0,0.0,0.0,0.0,0.0,0.22,0.0,0.36,0.0,0.0,0.0,0.0,0.3,348.8918975244867
0.5,0.0,0.17,0.0,0.24,0.0,0.0,0.0,0.19,0.23,0.17,0.0,0.0,0.0,0.0,0.0,0.0,0.0,0.0,0.4,478.03238198567715
0.3,0.3,0.0,0.0,0.22,0.0,0.42,0.0,0.0,0.0,0.15,0.0,0.0,0.0,0.21,0.44,0.3,0.14,0.12,0.7,453.251396120864
0.1,0.5,0.0,0.0,0.0,0.0,0.32,0.0,0.0,0.0,0.21,0.18,0.29,0.0,0.0,0.0,0.0,0.0,0.0,0.5,526.5445838066572
0.6,0.2,0.18,0.0,0.25,0.0,0.0,0.0,0.0,0.0,0.36,0.0,0.0,0.0,0.21,0.0,0.0,0.0,0.0,0.7,478.6047140165037
0.2,0.2,0.3,0.0,0.0,0.0,0.26,0.0,0.0,0.0,0.15,0.0,0.29,0.0,0.0,0.0,0.0,0.0,0.0,0.2,302.5000402412056
0.4,0.5,0.0,0.22,0.14,0.0,0.22,0.0,0.23,0.0,0.0,0.19,0.0,0.0,0.0,0.0,0.0,0.0,0.0,0.7,444.05546180325695
0.3,0.0,0.25,0.0,0.29,0.0,0.22,0.24,0.0,0.0,0.0,0.0,0.0,0.0,0.0,0.0,0.0,0.0,0.0,0.1,259.77756665946947
