Morphology,Phase,Ni ,Co ,Fe ,Al ,Mo ,Zn ,Mn ,Cr ,Cu,Mg,Nb,Sn,B,Ga,Al,Fe,Zn,La,WE,Overpotential(mV)
0.1,0.4,0.37,0.0,0.0,0.0,0.0,0.0,0.14,0.25,0.0,0.0,0.0,0.24,0.0,0.0,0.0,0.0,0.0,0.0,0.7,402.73045767379375
0.5,0.5,0.0,0.0,0.16,0.0,0.0,0.0,0.0,0.29,0.0,0.0,0.0,0.17,0.0,0.38,0.0,0.0,0.0,0.0,0.1,439.93703878488054
0.1,0.5,0.28,0.13,0.0,0.0,0.0,0.0,0.21,0.0,0.0,0.0,0.0,0.19,0.0,0.19,0.0,0.0,0.0,0.0,0.1,251.8402700661789
0.2,0.5,0.16,0.0,0.0,0.33,0.0,0.0,0.0,0.0,0.0,0.0,0.2,0.14,0.17,0.0,0.0,0.0,0.0,0.0,0.5,412.0800219868409
0.2,0.3,0.23,0.0,0.13,0.0,0.0,0.0,0.0,0.0,0.24,0.0,0.0,0.0,0.15,0.25,0.45,0.12,0.22,0.21,0.3,353.4929695326568
0.2,0.5,0.0,0.0,0.0,0.0,0.32,0.0,0.31,0.0,0.14,0.23,0.0,0.0,0.0,0.0,0.0,0.0,0.0,0.0,0.2,112.488350070305
0.5,0.0,0.22,0.0,0.0,0.32,0.0,0.33,0.0,0.0,0.0,0.0,0.0,0.13,0.0,0.0,0.0,0.0,0.0,0.0,0.6,407.17851377151055
0.6,0.0,0.31,0.0,0.0,0.0,0.0,0.21,0.16,0.0,0.0,0.0,0.0,0.32,0.0,0.0,0.0,0.0,0.0,0.0,0.4,372.50386459475067
0.6,0.5,0.0,0.19,0.0,0.0,0.0,0.0,0.0,0.0,0.0,0.0,0.2,0.21,0.19,0.21,0.0,0.0,0.0,0.0,0.1,467.6565755928997
0.2,0.2,0.16,0.0,0.0,0.0,0.0,0.0,0.0,0.0,0.0,0.28,0.0,0.0,0.31,0.25,0.0,0.0,0.0,0.0,0.6,278.91638633483484
0.3,0.0,0.22,0.0,0.0,0.3,0.31,0.0,0.0,0.17,0.0,0.0,0.0,0.0,0.0,0.0,0.0,0.0,0.0,0.0,0.7,59.89960004645972
0.6,0.3,0.0,0.2,0.0,0.0,0.26,0.0,0.2,0.0,0.0,0.19,0.0,0.0,0.0,0.15,0.31,0.07,0.32,0.3,0.7,306.5706398108305
0.2,0.4,0.25,0.0,0.0,0.16,0.0,0.25,0.19,0.0,0.0,0.0,0.0,0.0,0.15,0.0,0.0,0.0,0.0,0.0,0.8,399.6545833057367
0.2,0.1,0.0,0.2,0.13,0.21,0.0,0.0,0.0,0.0,0.0,0.0,0.0,0.33,0.0,0.13,0.46,0.7,0.29,0.55,0.7,442.5505868533982
0.2,0.4,0.0,0.0,0.0,0.14,0.0,0.19,0.0,0.28,0.24,0.15,0.0,0.0,0.0,0.0,0.0,0.0,0.0,0.0,0.2,420.3768725107381
0.3,0.1,0.0,0.0,0.0,0.13,0.2,0.0,0.0,0.0,0.0,0.2,0.2,0.0,0.0,0.27,0.48,0.37,0.43,0.72,0.8,384.27232433082116
0.3,0.2,0.0,0.15,0.0,0.0,0.35,0.0,0.0,0.0,0.0,0.34,0.0,0.0,0.16,0.0,0.0,0.0,0.0,0.0,0.4,80.6096234891167
0.1,0.3,0.0,0.0,0.22,0.21,0.0,0.19,0.0,0.0,0.0,0.0,0.22,0.16,0.0,0.0,0.32,0.21,0.37,0.1,0.6,477.86859615777627
0.2,0.5,0.0,0.0,0.19,0.0,0.26,0.0,0.0,0.0,0.0,0.3,0.0,0.0,0.0,0.25,0.0,0.0,0.0,0.0,0.6,206.25221097705588
0.7,0.0,0.0,0.0,0.0,0.19,0.25,0.0,0.0,0.0,0.17,0.0,0.0,0.16,0.23,0.0,0.0,0.0,0.0,0.0,0.3,245.28506374182996
0.5,0.4,0.0,0.24,0.0,0.18,0.23,0.0,0.12,0.0,0.0,0.0,0.0,0.0,0.0,0.23,0.0,0.0,0.0,0.0,0.1,199.4886140665815
0.7,0.1,0.0,0.21,0.0,0.0,0.0,0.0,0.0,0.22,0.34,0.0,0.0,0.0,0.0,0.23,0.65,0.53,0.51,0.31,0.8,546.2015590290989
0.7,0.5,0.17,0.35,0.0,0.0,0.0,0.0,0.0,0.0,0.0,0.0,0.0,0.16,0.32,0.0,0.0,0.0,0.0,0.0,0.8,536.9300298927384
0.1,0.0,0.0,0.0,0.22,0.0,0.18,0.0,0.0,0.0,0.28,0.0,0.0,0.0,0.32,0.0,0.0,0.0,0.0,0.0,0.7,293.3384625070808
0.2,0.3,0.0,0.0,0.0,0.0,0.16,0.0,0.12,0.0,0.0,0.0,0.0,0.31,0.13,0.28,0.29,0.19,0.37,0.15,0.6,325.7741797063939
0.3,0.3,0.15,0.0,0.0,0.25,0.0,0.0,0.24,0.0,0.0,0.0,0.0,0.2,0.0,0.16,0.31,0.29,0.09,0.31,0.1,252.10909322241693
0.5,0.1,0.0,0.0,0.0,0.0,0.18,0.0,0.0,0.11,0.25,0.0,0.2,0.0,0.0,0.26,0.72,0.21,0.82,0.25,0.5,483.6055408467739
0.1,0.4,0.15,0.0,0.0,0.0,0.27,0.0,0.17,0.0,0.0,0.0,0.25,0.16,0.0,0.0,0.0,0.0,0.0,0.0,0.6,193.87677639399854
0.7,0.1,0.34,0.0,0.0,0.23,0.16,0.0,0.0,0.0,0.0,0.0,0.27,0.0,0.0,0.0,0.21,0.54,0.8,0.45,0.3,368.4973379063224
0.2,0.1,0.0,0.29,0.0,0.23,0.21,0.0,0.0,0.0,0.0,0.0,0.0,0.27,0.0,0.0,0.51,0.31,0.59,0.59,0.6,420.5864311349079
0.1,0.4,0.0,0.0,0.0,0.23,0.0,0.0,0.0,0.0,0.14,0.0,0.18,0.2,0.0,0.25,0.0,0.0,0.0,0.0,0.5,459.2559347627271
0.7,0.2,0.0,0.0,0.0,0.0,0.26,0.2,0.0,0.14,0.17,0.0,0.23,0.0,0.0,0.0,0.0,0.0,0.0,0.0,0.6,411.4844496995071
0.6,0.1,0.11,0.24,0.0,0.0,0.0,0.23,0.0,0.0,0.0,0.27,0.0,0.15,0.0,0.0,0.81,0.54,0.36,0.29,0.7,502.873213981678
0.5,0.2,0.0,0.0,0.34,0.0,0.0,0.15,0.0,0.0,0.34,0.0,0.0,0.0,0.17,0.0,0.0,0.0,0.0,0.0,0.6,499.59960992358964
0.6,0.3,0.0,0.0,0.0,0.32,0.0,0.0,0.0,0.0,0.0,0.0,0.28,0.14,0.0,0.26,0.19,0.21,0.37,0.23,0.5,468.53505301458785
0.2,0.2,0.0,0.0,0.22,0.0,0.0,0.27,0.31,0.0,0.0,0.0,0.0,0.0,0.2,0.0,0.0,0.0,0.0,0.0,0.2,389.290234809836
0.5,0.5,0.0,0.0,0.31,0.0,0.0,0.0,0.0,0.31,0.0,0.15,0.0,0.0,0.23,0.0,0.0,0.0,0.0,0.0,0.7,413.9087188937955
0.4,0.4,0.0,0.0,0.15,0.0,0.0,0.0,0.19,0.0,0.0,0.34,0.32,0.0,0.0,0.0,0.0,0.0,0.0,0.0,0.4,383.2858629378361
0.7,0.5,0.0,0.0,0.28,0.0,0.11,0.23,0.0,0.26,0.0,0.12,0.0,0.0,0.0,0.0,0.0,0.0,0.0,0.0,0.8,520.0573561986622
0.3,0.0,0.0,0.0,0.0,0.0,0.0,0.0,0.0,0.0,0.0,0.19,0.24,0.0,0.25,0.32,0.0,0.0,0.0,0.0,0.7,281.3780072172081
0.4,0.2,0.0,0.0,0.25,0.0,0.14,0.0,0.0,0.25,0.36,0.0,0.0,0.0,0.0,0.0,0.0,0.0,0.0,0.0,0.4,449.42216073648245
0.3,0.4,0.15,0.0,0.0,0.0,0.28,0.0,0.0,0.0,0.33,0.13,0.0,0.0,0.0,0.11,0.0,0.0,0.0,0.0,0.2,240.58803493461846
0.5,0.5,0.0,0.0,0.14,0.21,0.0,0.0,0.0,0.0,0.0,0.36,0.0,0.0,0.29,0.0,0.0,0.0,0.0,0.0,0.5,472.01374794744373
0.5,0.4,0.26,0.0,0.0,0.25,0.0,0.0,0.0,0.0,0.0,0.25,0.0,0.0,0.0,0.24,0.0,0.0,0.0,0.0,0.7,392.6809484003706
0.4,0.5,0.0,0.26,0.0,0.0,0.0,0.0,0.0,0.0,0.17,0.0,0.36,0.0,0.21,0.0,0.0,0.0,0.0,0.0,0.1,577.6763297133188
0.6,0.3,0.32,0.0,0.0,0.17,0.0,0.0,0.0,0.29,0.22,0.0,0.0,0.0,0.0,0.0,0.2,0.14,0.21,0.45,0.3,396.9122848551683
0.7,0.2,0.0,0.15,0.0,0.0,0.0,0.3,0.0,0.0,0.35,0.2,0.0,0.0,0.0,0.0,0.0,0.0,0.0,0.0,0.8,616.0415665534904
0.3,0.3,0.16,0.0,0.27,0.0,0.0,0.0,0.0,0.2,0.18,0.0,0.0,0.0,0.0,0.19,0.23,0.13,0.26,0.38,0.2,374.5383325576934
0.2,0.5,0.24,0.0,0.24,0.16,0.0,0.0,0.0,0.36,0.0,0.0,0.0,0.0,0.0,0.0,0.0,0.0,0.0,0.0,0.4,393.3890205816541
0.6,0.2,0.0,0.26,0.0,0.0,0.0,0.0,0.0,0.0,0.0,0.25,0.35,0.0,0.0,0.14,0.0,0.0,0.0,0.0,0.2,434.45940653750654
0.2,0.4,0.0,0.26,0.0,0.0,0.0,0.24,0.0,0.0,0.0,0.0,0.31,0.0,0.0,0.19,0.0,0.0,0.0,0.0,0.5,374.20784493824385
0.3,0.3,0.0,0.0,0.0,0.23,0.0,0.0,0.28,0.22,0.27,0.0,0.0,0.0,0.0,0.0,0.13,0.36,0.19,0.32,0.6,495.20713987165806
0.6,0.2,0.22,0.0,0.0,0.12,0.0,0.0,0.0,0.0,0.19,0.0,0.0,0.2299999999999999,0.0,0.24,0.0,0.0,0.0,0.0,0.5,393.2039915633706
0.7,0.0,0.0,0.28,0.16,0.0,0.0,0.25,0.0,0.0,0.0,0.0,0.0,0.0,0.0,0.31,0.0,0.0,0.0,0.0,0.6,438.2870946105996
0.2,0.0,0.0,0.0,0.28,0.0,0.24,0.0,0.0,0.0,0.0,0.0,0.0,0.0,0.18,0.3,0.0,0.0,0.0,0.0,0.7,212.09523708603453
0.7,0.0,0.0,0.0,0.32,0.0,0.0,0.0,0.0,0.0,0.31,0.19,0.0,0.18,0.0,0.0,0.0,0.0,0.0,0.0,0.2,515.1822551067559
0.7,0.2,0.15,0.26,0.0,0.14,0.0,0.0,0.0,0.2,0.0,0.0,0.25,0.0,0.0,0.0,0.0,0.0,0.0,0.0,0.2,394.40890069881897
0.2,0.2,0.0,0.35,0.0,0.0,0.0,0.0,0.0,0.0,0.17,0.0,0.0,0.25,0.23,0.0,0.0,0.0,0.0,0.0,0.3,470.29062377066015
0.7,0.0,0.24,0.0,0.0,0.0,0.0,0.0,0.0,0.0,0.12,0.0,0.0,0.15,0.28,0.21,0.0,0.0,0.0,0.0,0.7,387.6677632219784
0.4,0.5,0.0,0.33,0.25,0.0,0.0,0.0,0.0,0.0,0.0,0.0,0.0,0.0,0.16,0.26,0.0,0.0,0.0,0.0,0.3,467.4194186282156
0.4,0.5,0.0,0.25,0.0,0.0,0.0,0.25,0.0,0.17,0.23,0.0,0.0,0.0,0.1,0.0,0.0,0.0,0.0,0.0,0.8,542.0975146624902
0.4,0.2,0.0,0.0,0.0,0.0,0.0,0.2299999999999999,0.23,0.0,0.0,0.22,0.0,0.0,0.22,0.1,0.0,0.0,0.0,0.0,0.7,308.5218966620366
0.2,0.1,0.38,0.0,0.16,0.17,0.0,0.0,0.0,0.0,0.0,0.0,0.0,0.29,0.0,0.0,0.65,0.45,0.38,0.52,0.2,369.8269976787908
0.2,0.0,0.0,0.0,0.0,0.27,0.32,0.0,0.0,0.0,0.16,0.0,0.0,0.25,0.0,0.0,0.0,0.0,0.0,0.0,0.6,208.3008942886952
0.4,0.5,0.0,0.2,0.0,0.27,0.11,0.0,0.0,0.0,0.17,0.0,0.0,0.0,0.25,0.0,0.0,0.0,0.0,0.0,0.2,512.817294794282
0.4,0.3,0.0,0.0,0.33,0.0,0.0,0.0,0.0,0.34,0.0,0.0,0.0,0.0,0.19,0.14,0.32,0.17,0.2,0.31,0.4,381.2892363815397
0.3,0.3,0.15,0.29,0.0,0.31,0.0,0.0,0.0,0.0,0.0,0.0,0.0,0.25,0.0,0.0,0.19,0.36,0.23,0.22,0.2,427.0884845254732
0.1,0.5,0.0,0.0,0.35,0.0,0.0,0.14,0.32,0.0,0.0,0.0,0.19,0.0,0.0,0.0,0.0,0.0,0.0,0.0,0.7,437.1766338396015
0.6,0.2,0.26,0.0,0.27,0.0,0.0,0.26,0.0,0.0,0.0,0.0,0.0,0.0,0.21,0.0,0.0,0.0,0.0,0.0,0.8,426.2665617911616
0.5,0.0,0.0,0.0,0.21,0.3,0.0,0.0,0.0,0.0,0.0,0.0,0.31,0.0,0.18,0.0,0.0,0.0,0.0,0.0,0.8,311.9972373938725
0.3,0.1,0.16,0.0,0.0,0.0,0.36,0.0,0.0,0.3,0.0,0.0,0.0,0.0,0.18,0.0,0.71,0.36,0.5,0.43,0.4,264.5479066380473
0.7,0.2,0.23,0.0,0.0,0.0,0.0,0.0,0.0,0.0,0.0,0.28,0.0,0.0,0.21,0.2799999999999999,0.0,0.0,0.0,0.0,0.3,290.97151104085043
0.2,0.1,0.0,0.0,0.2,0.0,0.0,0.0,0.0,0.0,0.2,0.21,0.0,0.0,0.0,0.39,0.5,0.7,0.41,0.39,0.6,513.0213452734886
0.6,0.5,0.0,0.0,0.22,0.0,0.0,0.0,0.3,0.0,0.0,0.0,0.0,0.15,0.0,0.33,0.0,0.0,0.0,0.0,0.6,352.7114334250441
0.7,0.0,0.0,0.13,0.21,0.0,0.0,0.0,0.16,0.0,0.29,0.0,0.0,0.0,0.21,0.0,0.0,0.0,0.0,0.0,0.3,429.40410889377273
0.3,0.5,0.0,0.25,0.0,0.24,0.0,0.0,0.0,0.0,0.0,0.16,0.0,0.2,0.0,0.15,0.0,0.0,0.0,0.0,0.3,488.19565899377096
0.6,0.0,0.14,0.0,0.33,0.0,0.0,0.0,0.16,0.0,0.0,0.0,0.15,0.0,0.22,0.0,0.0,0.0,0.0,0.0,0.6,294.11103356104644
0.6,0.4,0.0,0.0,0.23,0.0,0.0,0.0,0.33,0.0,0.0,0.0,0.23,0.0,0.0,0.21,0.0,0.0,0.0,0.0,0.6,387.20948136529427
0.1,0.4,0.29,0.29,0.0,0.0,0.17,0.0,0.0,0.0,0.0,0.0,0.0,0.0,0.0,0.25,0.0,0.0,0.0,0.0,0.1,180.30961267963937
0.5,0.0,0.0,0.0,0.16,0.0,0.17,0.0,0.28,0.0,0.23,0.16,0.0,0.0,0.0,0.0,0.0,0.0,0.0,0.0,0.7,235.63193095624695
0.1,0.2,0.0,0.0,0.0,0.0,0.0,0.31,0.0,0.0,0.3,0.0,0.21,0.18,0.0,0.0,0.0,0.0,0.0,0.0,0.2,380.1741219999638
0.3,0.3,0.0,0.0,0.23,0.12,0.0,0.0,0.28,0.16,0.0,0.0,0.21,0.0,0.0,0.0,0.33,0.2,0.33,0.14,0.4,385.48814389329414
0.6,0.3,0.0,0.0,0.0,0.13,0.0,0.0,0.0,0.0,0.23,0.24,0.11,0.0,0.0,0.29,0.22,0.28,0.11,0.39,0.5,594.6166334446733
0.3,0.5,0.0,0.0,0.39,0.0,0.0,0.19,0.0,0.0,0.0,0.0,0.0,0.14,0.0,0.28,0.0,0.0,0.0,0.0,0.6,505.1868943390584
0.4,0.2,0.0,0.26,0.0,0.0,0.0,0.0,0.29,0.0,0.13,0.11,0.21,0.0,0.0,0.0,0.0,0.0,0.0,0.0,0.4,499.21782225012606
0.1,0.5,0.0,0.14,0.38,0.0,0.0,0.0,0.32,0.0,0.0,0.16,0.0,0.0,0.0,0.0,0.0,0.0,0.0,0.0,0.2,395.051693921643
0.5,0.4,0.23,0.0,0.0,0.29,0.0,0.16,0.0,0.0,0.19,0.0,0.0,0.13,0.0,0.0,0.0,0.0,0.0,0.0,0.1,420.4969440253433
0.6,0.2,0.0,0.26,0.0,0.0,0.3,0.0,0.0,0.0,0.21,0.0,0.0,0.0,0.0,0.23,0.0,0.0,0.0,0.0,0.2,247.55519460888448
0.2,0.4,0.0,0.23,0.0,0.0,0.22,0.29,0.0,0.0,0.0,0.0,0.12,0.0,0.14,0.0,0.0,0.0,0.0,0.0,0.5,380.44333736882453
0.5,0.4,0.26,0.23,0.0,0.0,0.23,0.0,0.0,0.0,0.28,0.0,0.0,0.0,0.0,0.0,0.0,0.0,0.0,0.0,0.5,256.57790626589593
0.4,0.5,0.0,0.0,0.0,0.13,0.0,0.26,0.0,0.0,0.0,0.0,0.11,0.25,0.0,0.25,0.0,0.0,0.0,0.0,0.3,448.6156705923524
0.4,0.0,0.0,0.23,0.0,0.0,0.21,0.0,0.0,0.0,0.14,0.0,0.24,0.18,0.0,0.0,0.0,0.0,0.0,0.0,0.3,285.5173919064093
0.7,0.4,0.0,0.26,0.0,0.23,0.0,0.0,0.0,0.0,0.23,0.0,0.0,0.0,0.0,0.28,0.0,0.0,0.0,0.0,0.8,614.4170092052228
0.4,0.4,0.24,0.0,0.25,0.0,0.0,0.0,0.13,0.0,0.0,0.0,0.0,0.25,0.0,0.13,0.0,0.0,0.0,0.0,0.5,354.1834646239517
0.1,0.4,0.3,0.0,0.0,0.0,0.0,0.23,0.0,0.2,0.0,0.0,0.27,0.0,0.0,0.0,0.0,0.0,0.0,0.0,0.7,427.92691601139296
0.2,0.1,0.25,0.0,0.0,0.0,0.23,0.0,0.0,0.23,0.0,0.11,0.0,0.0,0.18,0.0,0.67,0.38,0.31,0.64,0.1,146.5980176640604
0.6,0.0,0.0,0.0,0.0,0.25,0.0,0.0,0.19,0.0,0.0,0.24,0.0,0.0,0.0,0.32,0.0,0.0,0.0,0.0,0.4,243.91364117468416
0.3,0.3,0.19,0.34,0.0,0.0,0.0,0.0,0.0,0.2,0.27,0.0,0.0,0.0,0.0,0.0,0.24,0.1,0.44,0.22,0.7,500.2172403316428
0.6,0.4,0.0,0.0,0.0,0.0,0.0,0.29,0.0,0.0,0.19,0.0,0.26,0.0,0.0,0.26,0.0,0.0,0.0,0.0,0.5,508.1924559489278
0.4,0.1,0.22,0.29,0.0,0.19,0.0,0.0,0.0,0.0,0.0,0.0,0.3,0.0,0.0,0.0,0.38,0.59,0.8,0.23,0.6,483.3809171670931
0.5,0.3,0.0,0.0,0.0,0.0,0.37,0.0,0.0,0.0,0.25,0.0,0.17,0.0,0.21,0.0,0.34,0.33,0.2,0.13,0.3,379.42808278859167
0.5,0.3,0.0,0.0,0.0,0.25,0.16,0.18,0.0,0.0,0.0,0.14,0.0,0.27,0.0,0.0,0.33,0.14,0.19,0.34,0.5,435.9730313664685
0.2,0.5,0.0,0.0,0.0,0.0,0.34,0.0,0.0,0.24,0.0,0.0,0.23,0.19,0.0,0.0,0.0,0.0,0.0,0.0,0.7,425.59208856324585
0.1,0.3,0.0,0.18,0.0,0.0,0.0,0.0,0.25,0.0,0.0,0.23,0.14,0.0,0.2,0.0,0.1,0.38,0.2,0.32,0.4,443.4237852950833
0.5,0.2,0.0,0.0,0.0,0.22,0.19,0.0,0.0,0.25,0.0,0.0,0.0,0.34,0.0,0.0,0.0,0.0,0.0,0.0,0.7,268.05855365440584
0.7,0.4,0.0,0.0,0.28,0.0,0.0,0.0,0.0,0.24,0.21,0.0,0.0,0.0,0.27,0.0,0.0,0.0,0.0,0.0,0.6,533.7199415830609
0.5,0.2,0.0,0.0,0.13,0.35,0.0,0.0,0.0,0.0,0.0,0.19,0.0,0.33,0.0,0.0,0.0,0.0,0.0,0.0,0.2,340.35661017786936
0.2,0.5,0.31,0.0,0.0,0.32,0.0,0.0,0.22,0.0,0.15,0.0,0.0,0.0,0.0,0.0,0.0,0.0,0.0,0.0,0.2,306.1587348654709
0.5,0.1,0.0,0.17,0.22,0.26,0.0,0.0,0.0,0.0,0.0,0.0,0.15,0.0,0.0,0.2,0.26,0.65,0.61,0.48,0.1,430.9692718302096
0.4,0.4,0.0,0.0,0.0,0.0,0.11,0.0,0.25,0.12,0.24,0.0,0.0,0.0,0.2799999999999999,0.0,0.0,0.0,0.0,0.0,0.5,451.17587833869646
0.6,0.4,0.0,0.0,0.0,0.0,0.14,0.0,0.0,0.25,0.29,0.0,0.32,0.0,0.0,0.0,0.0,0.0,0.0,0.0,0.3,478.10202726656706
0.7,0.5,0.0,0.0,0.0,0.16,0.21,0.19,0.23,0.0,0.0,0.0,0.21,0.0,0.0,0.0,0.0,0.0,0.0,0.0,0.6,346.0267445857042
0.7,0.5,0.0,0.0,0.17,0.0,0.0,0.0,0.0,0.11,0.15,0.0,0.29,0.0,0.0,0.28,0.0,0.0,0.0,0.0,0.2,519.0402011604995
0.6,0.4,0.0,0.16,0.0,0.0,0.41,0.0,0.0,0.0,0.23,0.0,0.0,0.2,0.0,0.0,0.0,0.0,0.0,0.0,0.2,271.3317120148023
0.1,0.4,0.0,0.0,0.0,0.0,0.17,0.0,0.21,0.0,0.0,0.24,0.23,0.0,0.15,0.0,0.0,0.0,0.0,0.0,0.6,203.85215271959922
0.6,0.4,0.2,0.0,0.0,0.0,0.13,0.0,0.26,0.22,0.0,0.0,0.0,0.0,0.0,0.19,0.0,0.0,0.0,0.0,0.8,353.1917732502364
0.3,0.2,0.0,0.32,0.13,0.0,0.0,0.0,0.23,0.15,0.0,0.17,0.0,0.0,0.0,0.0,0.0,0.0,0.0,0.0,0.4,376.2923746344589
0.3,0.0,0.0,0.22,0.2,0.0,0.0,0.11,0.2,0.0,0.0,0.0,0.0,0.27,0.0,0.0,0.0,0.0,0.0,0.0,0.1,329.37540833928335
0.5,0.0,0.0,0.0,0.0,0.0,0.0,0.25,0.0,0.0,0.0,0.0,0.0,0.27,0.3,0.18,0.0,0.0,0.0,0.0,0.6,456.6892322622349
0.7,0.1,0.16,0.0,0.17,0.17,0.34,0.0,0.0,0.0,0.0,0.0,0.0,0.0,0.16,0.0,0.81,0.33,0.45,0.41,0.1,148.82683484992555
0.6,0.0,0.0,0.0,0.0,0.1,0.0,0.0,0.24,0.0,0.0,0.0,0.0,0.24,0.23,0.19,0.0,0.0,0.0,0.0,0.1,277.3794895035286
0.5,0.1,0.3,0.0,0.23,0.0,0.0,0.3,0.0,0.0,0.17,0.0,0.0,0.0,0.0,0.0,0.38,0.75,0.54,0.33,0.7,499.74252813525607
0.6,0.0,0.0,0.0,0.14,0.31,0.0,0.23,0.0,0.0,0.0,0.0,0.0,0.32,0.0,0.0,0.0,0.0,0.0,0.0,0.8,416.89621317032754
0.6,0.4,0.0,0.0,0.0,0.0,0.2,0.15,0.15,0.0,0.0,0.0,0.0,0.24,0.26,0.0,0.0,0.0,0.0,0.0,0.4,331.038017015265
0.5,0.2,0.0,0.0,0.0,0.0,0.0,0.22,0.17,0.24,0.0,0.0,0.37,0.0,0.0,0.0,0.0,0.0,0.0,0.0,0.7,414.48449420827444
0.6,0.2,0.0,0.0,0.0,0.0,0.0,0.0,0.14,0.0,0.33,0.0,0.0,0.24,0.29,0.0,0.0,0.0,0.0,0.0,0.2,524.4226446927079
0.6,0.0,0.27,0.0,0.0,0.11,0.0,0.18,0.0,0.0,0.0,0.22,0.0,0.22,0.0,0.0,0.0,0.0,0.0,0.0,0.2,388.6941166810955
0.6,0.0,0.0,0.0,0.0,0.0,0.0,0.0,0.28,0.0,0.0,0.0,0.0,0.28,0.29,0.15,0.0,0.0,0.0,0.0,0.2,315.7858523234738
0.6,0.5,0.0,0.0,0.0,0.29,0.0,0.0,0.0,0.0,0.0,0.34,0.0,0.24,0.13,0.0,0.0,0.0,0.0,0.0,0.8,514.6922817850871
0.1,0.2,0.0,0.0,0.0,0.0,0.0,0.12,0.27,0.0,0.0,0.0,0.0,0.33,0.0,0.28,0.0,0.0,0.0,0.0,0.5,263.35974521403267
0.2,0.2,0.0,0.18,0.0,0.0,0.0,0.0,0.15,0.18,0.0,0.0,0.25,0.0,0.24,0.0,0.0,0.0,0.0,0.0,0.2,363.2670928638114
0.1,0.3,0.33,0.0,0.0,0.0,0.24,0.0,0.0,0.0,0.0,0.0,0.0,0.2,0.0,0.23,0.3,0.21,0.2,0.29,0.3,225.21190280914644
0.6,0.4,0.0,0.2,0.0,0.0,0.29,0.26,0.0,0.0,0.0,0.0,0.0,0.25,0.0,0.0,0.0,0.0,0.0,0.0,0.1,334.6819661215609
0.5,0.2,0.0,0.23,0.24,0.24,0.0,0.0,0.0,0.18,0.11,0.0,0.0,0.0,0.0,0.0,0.0,0.0,0.0,0.0,0.3,413.3636022873614
0.4,0.1,0.22,0.0,0.0,0.0,0.0,0.37,0.0,0.0,0.0,0.0,0.0,0.0,0.22,0.19,0.56,0.6,0.29,0.55,0.6,468.07065245755126
0.3,0.5,0.26,0.0,0.0,0.0,0.0,0.0,0.0,0.2799999999999999,0.0,0.0,0.23,0.23,0.0,0.0,0.0,0.0,0.0,0.0,0.3,434.2304143326134
0.5,0.5,0.0,0.0,0.0,0.0,0.0,0.0,0.0,0.0,0.2,0.2,0.0,0.22,0.16,0.22,0.0,0.0,0.0,0.0,0.2,502.2183792549121
0.3,0.5,0.17,0.15,0.0,0.0,0.23,0.0,0.0,0.0,0.14,0.31,0.0,0.0,0.0,0.0,0.0,0.0,0.0,0.0,0.8,334.4292613095104
0.6,0.0,0.0,0.13,0.0,0.3,0.0,0.0,0.0,0.18,0.25,0.0,0.0,0.0,0.14,0.0,0.0,0.0,0.0,0.0,0.6,471.1409806591683
0.5,0.4,0.0,0.31,0.0,0.0,0.22,0.0,0.0,0.0,0.0,0.0,0.0,0.26,0.0,0.21,0.0,0.0,0.0,0.0,0.1,302.20469164722783
0.5,0.0,0.0,0.0,0.0,0.2,0.0,0.0,0.21,0.0,0.0,0.2299999999999999,0.16,0.0,0.2,0.0,0.0,0.0,0.0,0.0,0.6,289.9523410042587
0.3,0.1,0.0,0.0,0.12,0.23,0.0,0.0,0.0,0.0,0.0,0.13,0.0,0.0,0.2,0.32,0.37,0.5,0.89,0.24,0.3,418.3650979420264
0.7,0.1,0.0,0.33,0.0,0.2,0.0,0.0,0.28,0.19,0.0,0.0,0.0,0.0,0.0,0.0,0.43,0.59,0.41,0.57,0.3,412.2819069482908
0.1,0.0,0.0,0.0,0.0,0.0,0.19,0.18,0.0,0.24,0.0,0.18,0.0,0.0,0.21,0.0,0.0,0.0,0.0,0.0,0.1,101.76202931945208
0.3,0.4,0.27,0.0,0.0,0.0,0.27,0.0,0.17,0.0,0.0,0.0,0.0,0.0,0.29,0.0,0.0,0.0,0.0,0.0,0.2,99.49792241263233
0.4,0.3,0.0,0.22,0.0,0.0,0.0,0.2,0.0,0.0,0.0,0.0,0.0,0.31,0.0,0.27,0.17,0.36,0.31,0.16,0.7,462.07374521529204
0.7,0.1,0.0,0.22,0.12,0.2299999999999999,0.0,0.0,0.0,0.0,0.0,0.0,0.24,0.19,0.0,0.0,0.8099999999999999,0.5,0.41,0.28,0.3,460.9644871545586
0.2,0.1,0.0,0.0,0.28,0.0,0.15,0.0,0.0,0.0,0.39,0.0,0.0,0.0,0.0,0.18,0.53,0.45,0.44,0.58,0.4,453.8791814202816
0.2,0.1,0.0,0.0,0.0,0.23,0.0,0.0,0.13,0.13,0.29,0.0,0.0,0.0,0.0,0.22,0.64,0.23,0.24,0.89,0.2,460.6366330530389
0.7,0.5,0.2,0.0,0.0,0.0,0.0,0.19,0.0,0.0,0.18,0.19,0.0,0.24,0.0,0.0,0.0,0.0,0.0,0.0,0.4,483.20192741636976
0.5,0.3,0.0,0.21,0.0,0.0,0.0,0.0,0.0,0.0,0.19,0.0,0.32,0.28,0.0,0.0,0.22,0.37,0.11,0.3,0.4,576.5783151904831
0.6,0.1,0.0,0.0,0.24,0.16,0.0,0.0,0.21,0.18,0.0,0.0,0.0,0.0,0.0,0.21,0.39,0.53,0.8,0.28,0.1,379.4490407734063
0.6,0.0,0.0,0.0,0.0,0.0,0.0,0.0,0.0,0.27,0.0,0.0,0.25,0.0,0.21,0.27,0.0,0.0,0.0,0.0,0.1,290.57092212522656
0.7,0.1,0.0,0.0,0.23,0.19,0.25,0.0,0.0,0.0,0.18,0.0,0.0,0.0,0.0,0.15,0.69,0.44,0.24,0.63,0.4,368.33682191482217
0.3,0.2,0.0,0.0,0.0,0.0,0.0,0.3,0.0,0.0,0.3399999999999999,0.23,0.0,0.0,0.0,0.13,0.0,0.0,0.0,0.0,0.8,524.5378956889047
0.7,0.0,0.0,0.0,0.21,0.0,0.09,0.0,0.2,0.27,0.23,0.0,0.0,0.0,0.0,0.0,0.0,0.0,0.0,0.0,0.7,403.6192037189698
0.6,0.3,0.0,0.0,0.14,0.0,0.0,0.29,0.0,0.0,0.0,0.0,0.36,0.0,0.0,0.21,0.36,0.22,0.24,0.18,0.5,523.7340429846055
0.2,0.2,0.22,0.0,0.28,0.0,0.0,0.13,0.12,0.0,0.0,0.0,0.0,0.0,0.25,0.0,0.0,0.0,0.0,0.0,0.2,292.59052078237914
0.2,0.5,0.0,0.0,0.27,0.0,0.0,0.24,0.0,0.0,0.0,0.17,0.0,0.32,0.0,0.0,0.0,0.0,0.0,0.0,0.7,455.8544500456515
0.1,0.4,0.0,0.0,0.0,0.18,0.21,0.17,0.0,0.0,0.0,0.17,0.0,0.0,0.27,0.0,0.0,0.0,0.0,0.0,0.4,274.47030864489506
0.4,0.1,0.0,0.0,0.0,0.26,0.18,0.18,0.0,0.17,0.0,0.0,0.0,0.0,0.21,0.0,0.36,0.23,0.43,0.98,0.7,287.92378684548294
0.7,0.2,0.0,0.34,0.0,0.0,0.0,0.0,0.28,0.0,0.0,0.0,0.0,0.19,0.0,0.19,0.0,0.0,0.0,0.0,0.2,378.2070302988365
0.4,0.0,0.0,0.35,0.0,0.3,0.0,0.2,0.0,0.0,0.0,0.0,0.0,0.15,0.0,0.0,0.0,0.0,0.0,0.0,0.7,439.26414599494046
0.1,0.2,0.0,0.0,0.22,0.23,0.0,0.0,0.0,0.0,0.17,0.2,0.0,0.0,0.18,0.0,0.0,0.0,0.0,0.0,0.3,419.4516395531898
0.1,0.1,0.0,0.0,0.0,0.26,0.19,0.0,0.0,0.0,0.37,0.18,0.0,0.0,0.0,0.0,0.6,0.53,0.47,0.4,0.2,502.70133980302654
0.5,0.4,0.0,0.16,0.18,0.0,0.36,0.0,0.0,0.0,0.0,0.0,0.0,0.0,0.3,0.0,0.0,0.0,0.0,0.0,0.6,288.9004917195198
0.3,0.2,0.32,0.0,0.16,0.0,0.0,0.0,0.0,0.25,0.0,0.0,0.0,0.27,0.0,0.0,0.0,0.0,0.0,0.0,0.7,418.11849025542415
0.2,0.5,0.19,0.0,0.0,0.0,0.0,0.0,0.0,0.23,0.0,0.0,0.25,0.33,0.0,0.0,0.0,0.0,0.0,0.0,0.3,426.2793863432997
0.7,0.1,0.0,0.0,0.0,0.27,0.0,0.24,0.0,0.3399999999999999,0.0,0.15,0.0,0.0,0.0,0.0,0.63,0.46,0.51,0.4,0.6,406.23403645743025
0.2,0.0,0.0,0.0,0.26,0.0,0.23,0.0,0.0,0.21,0.0,0.0,0.0,0.13,0.0,0.17,0.0,0.0,0.0,0.0,0.2,229.19880346257725
0.2,0.2,0.0,0.0,0.39,0.0,0.0,0.19,0.24,0.0,0.0,0.0,0.0,0.0,0.0,0.18,0.0,0.0,0.0,0.0,0.6,382.97918265412403
0.4,0.5,0.0,0.28,0.2,0.0,0.29,0.0,0.0,0.0,0.0,0.0,0.0,0.0,0.0,0.23,0.0,0.0,0.0,0.0,0.2,304.9479513751683
0.5,0.4,0.38,0.0,0.0,0.0,0.0,0.0,0.0,0.0,0.0,0.0,0.16,0.22,0.24,0.0,0.0,0.0,0.0,0.0,0.4,329.7012767453226
0.1,0.1,0.2799999999999999,0.12,0.0,0.19,0.0,0.0,0.0,0.24,0.0,0.0,0.0,0.17,0.0,0.0,0.17,0.52,0.59,0.72,0.3,217.26662244586842
0.6,0.5,0.23,0.0,0.0,0.0,0.17,0.0,0.0,0.0,0.18,0.0,0.26,0.0,0.16,0.0,0.0,0.0,0.0,0.0,0.6,379.4536506129034
0.1,0.3,0.0,0.2,0.0,0.0,0.0,0.0,0.0,0.18,0.18,0.28,0.16,0.0,0.0,0.0,0.2,0.23,0.31,0.26,0.4,517.2880336998219
0.2,0.1,0.0,0.0,0.0,0.0,0.0,0.0,0.0,0.0,0.26,0.29,0.0,0.13,0.32,0.0,0.65,0.43,0.74,0.18,0.3,545.5514095797314
0.3,0.2,0.0,0.0,0.0,0.16,0.0,0.0,0.0,0.0,0.28,0.2,0.0,0.0,0.36,0.0,0.0,0.0,0.0,0.0,0.2,524.3488604584866
0.4,0.4,0.0,0.23,0.0,0.0,0.0,0.29,0.23,0.0,0.0,0.25,0.0,0.0,0.0,0.0,0.0,0.0,0.0,0.0,0.7,379.3266289486469
0.1,0.0,0.11,0.0,0.0,0.24,0.21,0.0,0.0,0.18,0.0,0.0,0.0,0.0,0.0,0.26,0.0,0.0,0.0,0.0,0.8,175.17098699105077
0.6,0.5,0.0,0.0,0.0,0.0,0.0,0.28,0.0,0.18,0.0,0.25,0.0,0.0,0.29,0.0,0.0,0.0,0.0,0.0,0.5,351.11738366451823
0.2,0.0,0.0,0.0,0.0,0.14,0.0,0.0,0.28,0.23,0.0,0.0,0.0,0.35,0.0,0.0,0.0,0.0,0.0,0.0,0.4,284.7529757912574
0.6,0.5,0.0,0.0,0.0,0.14,0.16,0.0,0.0,0.2,0.0,0.25,0.0,0.0,0.0,0.25,0.0,0.0,0.0,0.0,0.2,230.16289675408373
0.1,0.3,0.0,0.0,0.2,0.22,0.18,0.0,0.18,0.0,0.0,0.0,0.22,0.0,0.0,0.0,0.17,0.29,0.22,0.32,0.7,305.91831995607
0.6,0.1,0.0,0.0,0.0,0.0,0.0,0.0,0.0,0.0,0.35,0.22,0.0,0.18,0.0,0.25,0.25,0.7,0.4,0.65,0.7,739.7345198783014
0.7,0.0,0.21,0.0,0.0,0.0,0.27,0.0,0.0,0.0,0.0,0.32,0.0,0.0,0.0,0.2,0.0,0.0,0.0,0.0,0.3,13.555681796177563
0.6,0.5,0.28,0.0,0.0,0.0,0.0,0.0,0.0,0.15,0.0,0.0,0.0,0.29,0.28,0.0,0.0,0.0,0.0,0.0,0.6,445.81803178699084
0.6,0.4,0.0,0.0,0.12,0.0,0.0,0.0,0.0,0.28,0.17,0.18,0.0,0.0,0.0,0.25,0.0,0.0,0.0,0.0,0.1,426.9398670147945
0.5,0.3,0.0,0.0,0.22,0.0,0.25,0.0,0.13,0.15,0.0,0.0,0.0,0.0,0.25,0.0,0.21,0.16,0.26,0.37,0.2,274.1230942367555
0.7,0.5,0.16,0.15,0.0,0.0,0.21,0.0,0.0,0.0,0.21,0.0,0.0,0.0,0.0,0.27,0.0,0.0,0.0,0.0,0.2,270.0548203699372
0.5,0.0,0.0,0.0,0.0,0.0,0.0,0.3,0.0,0.0,0.0,0.21,0.29,0.0,0.2,0.0,0.0,0.0,0.0,0.0,0.1,347.4571656643823
0.1,0.5,0.0,0.0,0.0,0.2,0.09,0.0,0.24,0.0,0.0,0.26,0.0,0.21,0.0,0.0,0.0,0.0,0.0,0.0,0.3,219.64188096830816
0.2,0.3,0.0,0.13,0.0,0.0,0.26,0.0,0.0,0.0,0.18,0.0,0.13,0.0,0.3,0.0,0.39,0.2,0.26,0.15,0.3,361.8836263166617
0.5,0.1,0.15,0.15,0.0,0.0,0.0,0.23,0.32,0.0,0.0,0.15,0.0,0.0,0.0,0.0,0.68,0.66,0.3,0.36,0.7,380.84069069535974
0.6,0.3,0.16,0.0,0.31,0.0,0.0,0.0,0.0,0.0,0.0,0.0,0.0,0.25,0.14,0.14,0.21,0.15,0.3,0.34,0.5,459.03626064596045
0.1,0.4,0.0,0.0,0.0,0.17,0.0,0.18,0.0,0.0,0.46,0.0,0.0,0.0,0.0,0.19,0.0,0.0,0.0,0.0,0.8,600.2616818431247
0.4,0.1,0.0,0.0,0.0,0.14,0.0,0.0,0.0,0.13,0.28,0.26,0.0,0.19,0.0,0.0,0.57,0.52,0.36,0.55,0.1,613.8045275162996
0.3,0.3,0.0,0.0,0.15,0.24,0.0,0.0,0.2,0.0,0.0,0.23,0.0,0.0,0.0,0.18,0.33,0.17,0.16,0.34,0.3,309.7807664272485
0.7,0.4,0.0,0.2,0.0,0.0,0.28,0.16,0.0,0.0,0.0,0.0,0.0,0.0,0.36,0.0,0.0,0.0,0.0,0.0,0.2,384.6132238394481
0.5,0.3,0.25,0.0,0.26,0.26,0.0,0.0,0.0,0.0,0.0,0.23,0.0,0.0,0.0,0.0,0.24,0.13,0.3,0.33,0.2,395.4027874754982
0.7,0.0,0.0,0.17,0.0,0.25,0.0,0.0,0.0,0.18,0.0,0.0,0.26,0.0,0.0,0.14,0.0,0.0,0.0,0.0,0.2,330.51292358300435
0.6,0.2,0.0,0.31,0.0,0.27,0.0,0.0,0.3,0.0,0.0,0.0,0.12,0.0,0.0,0.0,0.0,0.0,0.0,0.0,0.1,363.9733853312542
0.1,0.1,0.0,0.0,0.29,0.0,0.0,0.0,0.19,0.0,0.0,0.32,0.0,0.0,0.0,0.2,0.59,0.57,0.62,0.22,0.5,343.7057960449627
0.3,0.4,0.0,0.0,0.0,0.0,0.29,0.17,0.0,0.0,0.0,0.23,0.0,0.31,0.0,0.0,0.0,0.0,0.0,0.0,0.3,171.2306608176327
0.1,0.4,0.0,0.0,0.0,0.0,0.0,0.24,0.2,0.4,0.0,0.0,0.16,0.0,0.0,0.0,0.0,0.0,0.0,0.0,0.4,430.23054326994554
0.4,0.0,0.0,0.22,0.0,0.0,0.0,0.17,0.0,0.21,0.0,0.0,0.0,0.24,0.16,0.0,0.0,0.0,0.0,0.0,0.2,347.16336683472684
0.4,0.0,0.22,0.0,0.0,0.0,0.0,0.0,0.0,0.13,0.23,0.25,0.0,0.0,0.17,0.0,0.0,0.0,0.0,0.0,0.3,366.17846719206983
0.7,0.0,0.0,0.24,0.21,0.0,0.0,0.11,0.0,0.0,0.0,0.0,0.2,0.0,0.24,0.0,0.0,0.0,0.0,0.0,0.4,387.4466044568508
0.5,0.5,0.0,0.0,0.0,0.28,0.0,0.17,0.19,0.22,0.0,0.0,0.14,0.0,0.0,0.0,0.0,0.0,0.0,0.0,0.4,359.5085357676708
0.7,0.2,0.0,0.13,0.16,0.0,0.0,0.0,0.37,0.0,0.0,0.0,0.0,0.34,0.0,0.0,0.0,0.0,0.0,0.0,0.7,377.91245654480554
0.4,0.2,0.13,0.0,0.0,0.0,0.0,0.32,0.0,0.18,0.13,0.0,0.24,0.0,0.0,0.0,0.0,0.0,0.0,0.0,0.7,474.9308730737995
0.3,0.1,0.19,0.21,0.0,0.0,0.19,0.0,0.0,0.0,0.0,0.26,0.15,0.0,0.0,0.0,0.63,0.32,0.29,0.76,0.8,414.9751650433444
0.5,0.3,0.18,0.18,0.0,0.15,0.18,0.0,0.0,0.0,0.0,0.0,0.0,0.31,0.0,0.0,0.4,0.11,0.29,0.2,0.3,327.4072550044353
0.2,0.3,0.28,0.0,0.28,0.0,0.0,0.0,0.0,0.0,0.0,0.29,0.0,0.0,0.15,0.0,0.13,0.38,0.33,0.16,0.4,343.5872600006685
0.6,0.5,0.0,0.0,0.0,0.14,0.0,0.16,0.0,0.0,0.0,0.0,0.23,0.23,0.0,0.24,0.0,0.0,0.0,0.0,0.5,498.545818264551
0.1,0.0,0.0,0.19,0.0,0.13,0.0,0.0,0.36,0.0,0.0,0.0,0.32,0.0,0.0,0.0,0.0,0.0,0.0,0.0,0.5,282.2440105897912
0.7,0.1,0.0,0.0,0.0,0.0,0.17,0.26,0.29,0.12,0.0,0.0,0.0,0.0,0.0,0.16,0.49,0.47,0.8,0.24,0.6,435.03830987370156
0.3,0.0,0.0,0.0,0.22,0.0,0.0,0.0,0.18,0.0,0.26,0.15,0.0,0.19,0.0,0.0,0.0,0.0,0.0,0.0,0.5,430.35379184631273
0.7,0.3,0.0,0.0,0.0,0.0,0.18,0.0,0.0,0.17,0.0,0.22,0.27,0.16,0.0,0.0,0.31,0.16,0.31,0.22,0.2,356.9050238098002
0.4,0.5,0.0,0.16,0.0,0.0,0.0,0.0,0.24,0.0,0.0,0.18,0.0,0.0,0.18,0.24,0.0,0.0,0.0,0.0,0.8,462.47377061418763
0.1,0.1,0.0,0.0,0.18,0.27,0.0,0.0,0.0,0.0,0.22,0.0,0.0,0.0,0.0,0.33,0.6,0.29,0.81,0.3,0.4,483.7388308932412
0.7,0.4,0.0,0.4,0.27,0.0,0.0,0.0,0.16,0.0,0.17,0.0,0.0,0.0,0.0,0.0,0.0,0.0,0.0,0.0,0.1,594.9740234757259
0.4,0.1,0.23,0.14,0.0,0.3,0.0,0.0,0.0,0.0,0.33,0.0,0.0,0.0,0.0,0.0,0.52,0.24,0.29,0.95,0.6,582.8936550266112
0.4,0.0,0.0,0.0,0.0,0.23,0.0,0.14,0.0,0.18,0.0,0.21,0.0,0.0,0.24,0.0,0.0,0.0,0.0,0.0,0.1,184.2679058886167
0.5,0.2,0.0,0.15,0.0,0.0,0.23,0.0,0.2,0.0,0.0,0.0,0.0,0.18,0.0,0.24,0.0,0.0,0.0,0.0,0.2,97.36069973868884
0.6,0.2,0.16,0.0,0.25,0.13,0.0,0.0,0.0,0.0,0.26,0.2,0.0,0.0,0.0,0.0,0.0,0.0,0.0,0.0,0.8,486.6939814650396
0.7,0.1,0.0,0.0,0.0,0.0,0.0,0.29,0.0,0.0,0.2799999999999999,0.0,0.0,0.0,0.2,0.23,0.54,0.68,0.51,0.27,0.4,542.6245851126662
0.4,0.4,0.0,0.0,0.17,0.0,0.0,0.27,0.0,0.23,0.0,0.2,0.0,0.0,0.0,0.13,0.0,0.0,0.0,0.0,0.8,427.9138041230173
0.4,0.1,0.18,0.0,0.0,0.0,0.0,0.23,0.25,0.0,0.15,0.19,0.0,0.0,0.0,0.0,0.21,0.42,0.41,0.96,0.5,507.1064027992684
0.4,0.1,0.0,0.0,0.0,0.14,0.0,0.0,0.0,0.27,0.17,0.0,0.23,0.0,0.19,0.0,0.33,0.69,0.65,0.33,0.4,440.2927621924993
0.6,0.3,0.37,0.24,0.0,0.0,0.0,0.0,0.23,0.0,0.0,0.0,0.0,0.16,0.0,0.0,0.22,0.1,0.33,0.35,0.2,332.59799962350775
0.7,0.0,0.23,0.0,0.19,0.18,0.0,0.0,0.0,0.0,0.0,0.2,0.0,0.0,0.0,0.2,0.0,0.0,0.0,0.0,0.7,327.9872648256903
0.3,0.0,0.0,0.26,0.0,0.0,0.13,0.0,0.14,0.0,0.0,0.0,0.0,0.0,0.2,0.27,0.0,0.0,0.0,0.0,0.7,279.0951537622684
0.4,0.3,0.0,0.0,0.0,0.0,0.0,0.0,0.0,0.0,0.23,0.2,0.16,0.18,0.23,0.0,0.34,0.3,0.09,0.27,0.2,550.7808145439477
0.1,0.2,0.0,0.0,0.0,0.0,0.19,0.45,0.15,0.21,0.0,0.0,0.0,0.0,0.0,0.0,0.0,0.0,0.0,0.0,0.7,448.2110932880294
0.7,0.3,0.0,0.31,0.18,0.18,0.0,0.0,0.17,0.0,0.16,0.0,0.0,0.0,0.0,0.0,0.37,0.22,0.14,0.27,0.7,584.093186806258
0.5,0.4,0.0,0.0,0.0,0.34,0.0,0.0,0.17,0.23,0.0,0.0,0.0,0.26,0.0,0.0,0.0,0.0,0.0,0.0,0.7,359.6431950845709
0.4,0.3,0.0,0.0,0.3,0.0,0.0,0.25,0.0,0.0,0.0,0.2,0.25,0.0,0.0,0.0,0.29,0.24,0.35,0.12,0.1,478.88649202392617
0.4,0.0,0.0,0.0,0.0,0.0,0.16,0.32,0.0,0.0,0.18,0.0,0.0,0.0,0.34,0.0,0.0,0.0,0.0,0.0,0.3,407.0642477284516
0.7,0.3,0.0,0.26,0.12,0.0,0.24,0.26,0.12,0.0,0.0,0.0,0.0,0.0,0.0,0.0,0.22,0.28,0.22,0.28,0.2,414.1093050162012
0.3,0.4,0.0,0.0,0.0,0.0,0.12,0.25,0.0,0.0,0.3399999999999999,0.0,0.0,0.29,0.0,0.0,0.0,0.0,0.0,0.0,0.3,374.91732506552216
0.6,0.2,0.24,0.0,0.0,0.27,0.27,0.0,0.0,0.11,0.0,0.0,0.0,0.11,0.0,0.0,0.0,0.0,0.0,0.0,0.3,93.44949027564435
0.4,0.3,0.0,0.32,0.0,0.0,0.33,0.0,0.0,0.0,0.17,0.0,0.0,0.0,0.18,0.0,0.3,0.26,0.31,0.13,0.8,435.1258175638536
0.2,0.4,0.22,0.0,0.0,0.0,0.31,0.0,0.0,0.22,0.0,0.25,0.0,0.0,0.0,0.0,0.0,0.0,0.0,0.0,0.5,127.10023026187893
0.6,0.2,0.0,0.0,0.18,0.0,0.0,0.0,0.0,0.0,0.31,0.0,0.22,0.0,0.0,0.29,0.0,0.0,0.0,0.0,0.3,454.045113950687
0.1,0.0,0.0,0.0,0.21,0.0,0.0,0.0,0.26,0.0,0.0,0.0,0.31,0.0,0.22,0.0,0.0,0.0,0.0,0.0,0.8,265.8546763645189
0.4,0.2,0.23,0.0,0.0,0.0,0.0,0.0,0.0,0.0,0.0,0.21,0.28,0.0,0.0,0.2799999999999999,0.0,0.0,0.0,0.0,0.4,290.0511097434794
0.4,0.5,0.21,0.25,0.19,0.0,0.1,0.0,0.0,0.25,0.0,0.0,0.0,0.0,0.0,0.0,0.0,0.0,0.0,0.0,0.4,424.0092532437214
0.3,0.5,0.0,0.0,0.17,0.0,0.3,0.18,0.0,0.0,0.19,0.0,0.0,0.0,0.16,0.0,0.0,0.0,0.0,0.0,0.2,348.36433788095894
0.5,0.3,0.0,0.0,0.18,0.13,0.24,0.0,0.0,0.0,0.0,0.31,0.0,0.14,0.0,0.0,0.13,0.11,0.4,0.36,0.8,334.6054835228183
0.6,0.4,0.0,0.0,0.23,0.0,0.0,0.19,0.0,0.0,0.0,0.0,0.32,0.0,0.26,0.0,0.0,0.0,0.0,0.0,0.6,471.56097578183306
0.6,0.2,0.3,0.0,0.0,0.0,0.0,0.25,0.18,0.0,0.0,0.0,0.27,0.0,0.0,0.0,0.0,0.0,0.0,0.0,0.3,388.4516486747253
0.7,0.5,0.0,0.26,0.27,0.0,0.0,0.0,0.0,0.0,0.0,0.0,0.18,0.29,0.0,0.0,0.0,0.0,0.0,0.0,0.6,578.8983710354925
0.7,0.5,0.29,0.22,0.0,0.0,0.0,0.25,0.0,0.0,0.0,0.24,0.0,0.0,0.0,0.0,0.0,0.0,0.0,0.0,0.1,441.85828249254314
0.4,0.1,0.0,0.0,0.2799999999999999,0.0,0.14,0.0,0.25,0.13,0.0,0.0,0.2,0.0,0.0,0.0,0.48,0.64,0.54,0.34,0.8,409.4684206266385
0.4,0.4,0.0,0.0,0.19,0.2,0.0,0.0,0.0,0.0,0.22,0.0,0.0,0.25,0.0,0.14,0.0,0.0,0.0,0.0,0.6,501.9032084308173
0.7,0.0,0.25,0.0,0.0,0.17,0.0,0.0,0.0,0.0,0.16,0.42,0.0,0.0,0.0,0.0,0.0,0.0,0.0,0.0,0.1,392.20555401746947
0.1,0.3,0.0,0.2,0.0,0.0,0.0,0.0,0.16,0.0,0.0,0.0,0.0,0.45,0.0,0.19,0.22,0.32,0.15,0.31,0.4,411.13009172539444
0.5,0.2,0.0,0.0,0.11,0.0,0.24,0.0,0.0,0.21,0.26,0.18,0.0,0.0,0.0,0.0,0.0,0.0,0.0,0.0,0.1,286.36716819582625
0.4,0.4,0.0,0.0,0.0,0.0,0.0,0.0,0.23,0.0,0.11,0.0,0.15,0.24,0.0,0.27,0.0,0.0,0.0,0.0,0.5,369.7085000773498
0.3,0.1,0.3,0.0,0.0,0.0,0.26,0.26,0.0,0.0,0.0,0.0,0.0,0.18,0.0,0.0,0.16,0.73,0.68,0.43,0.4,329.3551809671368
0.7,0.0,0.11,0.0,0.25,0.0,0.0,0.24,0.15,0.0,0.0,0.0,0.0,0.0,0.25,0.0,0.0,0.0,0.0,0.0,0.5,394.8991341464255
0.1,0.1,0.26,0.0,0.23,0.0,0.0,0.24,0.0,0.0,0.17,0.0,0.0,0.0,0.0,0.1,0.62,0.54,0.64,0.2,0.6,415.31937225243354
0.6,0.4,0.0,0.0,0.0,0.18,0.31,0.0,0.0,0.0,0.0,0.0,0.17,0.0,0.34,0.0,0.0,0.0,0.0,0.0,0.4,350.83925186345675
0.1,0.4,0.0,0.0,0.0,0.0,0.0,0.2,0.0,0.24,0.34,0.0,0.0,0.22,0.0,0.0,0.0,0.0,0.0,0.0,0.8,550.5464486068352
0.2,0.0,0.0,0.0,0.0,0.15,0.22,0.23,0.0,0.0,0.0,0.0,0.0,0.16,0.24,0.0,0.0,0.0,0.0,0.0,0.6,308.8661653118815
0.4,0.2,0.0,0.0,0.24,0.0,0.13,0.0,0.13,0.0,0.27,0.0,0.23,0.0,0.0,0.0,0.0,0.0,0.0,0.0,0.8,385.77669843115484
0.1,0.4,0.0,0.0,0.2,0.0,0.2,0.0,0.0,0.37,0.23,0.0,0.0,0.0,0.0,0.0,0.0,0.0,0.0,0.0,0.1,410.68232502298537
0.4,0.4,0.0,0.0,0.18,0.0,0.23,0.12,0.0,0.2,0.0,0.0,0.0,0.27,0.0,0.0,0.0,0.0,0.0,0.0,0.2,340.3174563664715
0.7,0.1,0.25,0.13,0.0,0.0,0.25,0.0,0.2,0.0,0.0,0.0,0.17,0.0,0.0,0.0,0.38,0.59,0.64,0.39,0.2,239.51100884461263
0.7,0.4,0.0,0.0,0.0,0.17,0.0,0.0,0.0,0.25,0.0,0.18,0.0,0.18,0.22,0.0,0.0,0.0,0.0,0.0,0.7,446.91943661664584
0.3,0.2,0.0,0.0,0.3,0.0,0.0,0.0,0.23,0.11,0.0,0.0,0.0,0.13,0.23,0.0,0.0,0.0,0.0,0.0,0.2,308.18577841007243
0.6,0.5,0.0,0.0,0.26,0.15,0.0,0.17,0.0,0.0,0.19,0.0,0.0,0.23,0.0,0.0,0.0,0.0,0.0,0.0,0.5,580.5180078178687
0.2,0.3,0.16,0.0,0.0,0.12,0.0,0.27,0.0,0.3,0.0,0.0,0.0,0.0,0.0,0.15,0.29,0.15,0.26,0.3,0.5,348.5248745493702
0.2,0.4,0.0,0.0,0.0,0.0,0.0,0.0,0.0,0.0,0.0,0.18,0.0,0.27,0.33,0.22,0.0,0.0,0.0,0.0,0.3,353.4152578931556
0.1,0.4,0.0,0.0,0.0,0.45,0.0,0.0,0.0,0.21,0.16,0.18,0.0,0.0,0.0,0.0,0.0,0.0,0.0,0.0,0.6,375.0498778880975
0.1,0.1,0.0,0.0,0.0,0.32,0.0,0.0,0.0,0.0,0.16,0.16,0.16,0.0,0.0,0.2,0.38,0.5,0.73,0.39,0.7,534.0838612709922
0.6,0.1,0.26,0.0,0.0,0.0,0.0,0.33,0.0,0.0,0.0,0.0,0.16,0.0,0.0,0.25,0.5,0.26,0.63,0.61,0.5,543.6642863378511
0.5,0.4,0.0,0.35,0.0,0.26,0.22,0.0,0.0,0.0,0.0,0.0,0.0,0.0,0.0,0.17,0.0,0.0,0.0,0.0,0.4,321.6015500306287
0.7,0.1,0.25,0.0,0.0,0.0,0.0,0.17,0.0,0.0,0.0,0.11,0.0,0.25,0.22,0.0,0.68,0.24,0.49,0.59,0.7,541.7125625987447
0.2,0.4,0.18,0.0,0.25,0.18,0.0,0.0,0.0,0.15,0.0,0.0,0.0,0.0,0.0,0.24,0.0,0.0,0.0,0.0,0.6,397.29176643008833
0.6,0.2,0.26,0.0,0.0,0.0,0.0,0.24,0.16,0.22,0.0,0.0,0.0,0.0,0.12,0.0,0.0,0.0,0.0,0.0,0.3,371.2952945871965
0.5,0.1,0.0,0.0,0.22,0.0,0.0,0.0,0.0,0.0,0.0,0.0,0.18,0.22,0.15,0.23,0.35,0.32,0.63,0.7,0.4,455.02034573547036
0.3,0.2,0.0,0.17,0.0,0.0,0.0,0.28,0.0,0.0,0.0,0.15,0.17,0.0,0.23,0.0,0.0,0.0,0.0,0.0,0.1,381.276788789769
0.5,0.2,0.0,0.13,0.0,0.0,0.0,0.27,0.25,0.0,0.0,0.35,0.0,0.0,0.0,0.0,0.0,0.0,0.0,0.0,0.8,332.86476425799657
0.1,0.1,0.0,0.0,0.0,0.29,0.0,0.0,0.0,0.0,0.0,0.0,0.29,0.25,0.0,0.17,0.41,0.59,0.33,0.67,0.4,374.2396691009589
0.5,0.3,0.0,0.13,0.0,0.1,0.0,0.22,0.0,0.0,0.0,0.26,0.29,0.0,0.0,0.0,0.19,0.31,0.16,0.34,0.5,484.07835803949087
0.2,0.4,0.0,0.25,0.0,0.2,0.0,0.0,0.0,0.27,0.0,0.0,0.0,0.28,0.0,0.0,0.0,0.0,0.0,0.0,0.6,510.4209482053621
0.1,0.0,0.0,0.2,0.0,0.0,0.0,0.0,0.26,0.0,0.32,0.22,0.0,0.0,0.0,0.0,0.0,0.0,0.0,0.0,0.8,592.0633659977943
0.1,0.0,0.13,0.0,0.0,0.0,0.0,0.0,0.0,0.36,0.0,0.34,0.0,0.0,0.0,0.17,0.0,0.0,0.0,0.0,0.2,172.1167010677012
0.2,0.3,0.0,0.17,0.0,0.0,0.0,0.0,0.0,0.33,0.24,0.0,0.0,0.26,0.0,0.0,0.2,0.15,0.3,0.35,0.5,551.6379234434564
0.2,0.5,0.0,0.2,0.0,0.0,0.0,0.19,0.0,0.0,0.18,0.0,0.0,0.18,0.25,0.0,0.0,0.0,0.0,0.0,0.8,523.8274435208415
0.3,0.1,0.31,0.16,0.3,0.0,0.0,0.0,0.0,0.0,0.0,0.0,0.0,0.23,0.0,0.0,0.33,0.69,0.54,0.44,0.1,374.33148962210527
0.4,0.1,0.0,0.22,0.23,0.0,0.0,0.0,0.0,0.0,0.18,0.0,0.19,0.18,0.0,0.0,0.39,0.46,0.78,0.37,0.1,530.0225513558405
0.3,0.4,0.0,0.0,0.0,0.15,0.0,0.19,0.0,0.0,0.3,0.0,0.0,0.0,0.0,0.36,0.0,0.0,0.0,0.0,0.5,501.0751606042064
0.6,0.0,0.0,0.0,0.0,0.16,0.2,0.22,0.0,0.0,0.0,0.23,0.0,0.0,0.19,0.0,0.0,0.0,0.0,0.0,0.7,288.5274093863983
0.4,0.5,0.0,0.32,0.0,0.17,0.0,0.0,0.26,0.0,0.0,0.0,0.0,0.0,0.0,0.25,0.0,0.0,0.0,0.0,0.4,450.89310831756296
0.4,0.0,0.0,0.27,0.0,0.14,0.0,0.0,0.0,0.0,0.0,0.15,0.27,0.0,0.17,0.0,0.0,0.0,0.0,0.0,0.7,406.1719981661641
0.5,0.2,0.2,0.0,0.0,0.0,0.0,0.0,0.0,0.0,0.14,0.16,0.35,0.0,0.15,0.0,0.0,0.0,0.0,0.0,0.2,369.0474635562995
0.2,0.4,0.0,0.0,0.0,0.27,0.0,0.0,0.22,0.32,0.0,0.0,0.0,0.0,0.19,0.0,0.0,0.0,0.0,0.0,0.7,324.3458110828648
0.4,0.5,0.0,0.0,0.0,0.0,0.0,0.16,0.31,0.0,0.0,0.0,0.0,0.0,0.18,0.35,0.0,0.0,0.0,0.0,0.2,324.9843552017381
0.3,0.2,0.22,0.0,0.0,0.28,0.0,0.0,0.0,0.0,0.0,0.0,0.28,0.0,0.0,0.22,0.0,0.0,0.0,0.0,0.1,234.32811480829878
0.5,0.1,0.24,0.25,0.0,0.0,0.0,0.0,0.0,0.0,0.11,0.0,0.0,0.18,0.0,0.22,0.77,0.2,0.39,0.64,0.5,422.42810428444716
0.1,0.3,0.0,0.19,0.0,0.0,0.0,0.0,0.0,0.18,0.21,0.0,0.0,0.0,0.0,0.42,0.45,0.31,0.11,0.13,0.4,433.7976293057918
0.1,0.5,0.24,0.2,0.0,0.21,0.16,0.0,0.0,0.0,0.0,0.19,0.0,0.0,0.0,0.0,0.0,0.0,0.0,0.0,0.5,284.4804519603403
0.6,0.0,0.0,0.27,0.0,0.0,0.0,0.13,0.0,0.0,0.0,0.0,0.0,0.3,0.0,0.3,0.0,0.0,0.0,0.0,0.3,345.0244433836968
0.7,0.1,0.0,0.15,0.0,0.0,0.27,0.1,0.0,0.0,0.26,0.0,0.0,0.0,0.22,0.0,0.55,0.61,0.65,0.19,0.8,481.05575469215705
0.7,0.5,0.0,0.0,0.28,0.0,0.0,0.19,0.0,0.12,0.0,0.0,0.12,0.0,0.0,0.29,0.0,0.0,0.0,0.0,0.4,516.7864877931299
0.1,0.0,0.0,0.0,0.0,0.0,0.3,0.0,0.0,0.13,0.0,0.0,0.0,0.26,0.31,0.0,0.0,0.0,0.0,0.0,0.3,203.16447650140978
0.2,0.2,0.0,0.0,0.22,0.0,0.0,0.0,0.0,0.25,0.16,0.21,0.0,0.16,0.0,0.0,0.0,0.0,0.0,0.0,0.6,448.0149997106244
0.3,0.0,0.0,0.21,0.0,0.16,0.35,0.0,0.0,0.28,0.0,0.0,0.0,0.0,0.0,0.0,0.0,0.0,0.0,0.0,0.8,267.4806943988568
0.7,0.2,0.0,0.36,0.0,0.0,0.0,0.0,0.0,0.18,0.0,0.22,0.24,0.0,0.0,0.0,0.0,0.0,0.0,0.0,0.6,448.1714549757289
0.1,0.2,0.0,0.0,0.0,0.0,0.0,0.17,0.28,0.0,0.0,0.0,0.0,0.24,0.16,0.15,0.0,0.0,0.0,0.0,0.1,331.62543106391894
0.3,0.3,0.0,0.0,0.19,0.0,0.0,0.0,0.3399999999999999,0.0,0.0,0.0,0.0,0.25,0.22,0.0,0.28,0.38,0.11,0.23,0.7,375.8394194667434
0.4,0.5,0.18,0.0,0.0,0.28,0.0,0.0,0.0,0.13,0.14,0.0,0.0,0.0,0.0,0.27,0.0,0.0,0.0,0.0,0.6,460.14683812445537
0.7,0.0,0.26,0.0,0.0,0.0,0.0,0.24,0.16,0.0,0.0,0.21,0.0,0.13,0.0,0.0,0.0,0.0,0.0,0.0,0.7,417.80633270947516
0.2,0.0,0.0,0.16,0.0,0.12,0.0,0.2,0.0,0.26,0.26,0.0,0.0,0.0,0.0,0.0,0.0,0.0,0.0,0.0,0.3,463.49542783616357
0.6,0.1,0.14,0.0,0.0,0.16,0.32,0.17,0.0,0.0,0.0,0.21,0.0,0.0,0.0,0.0,0.46,0.75,0.42,0.37,0.1,198.3652131650597
0.4,0.2,0.0,0.0,0.0,0.0,0.0,0.17,0.0,0.0,0.43,0.24,0.16,0.0,0.0,0.0,0.0,0.0,0.0,0.0,0.3,631.4910829388026
0.4,0.2,0.22,0.0,0.0,0.0,0.15,0.2799999999999999,0.0,0.0,0.18,0.0,0.0,0.17,0.0,0.0,0.0,0.0,0.0,0.0,0.7,344.8482363736148
0.7,0.1,0.0,0.0,0.0,0.0,0.0,0.29,0.0,0.0,0.22,0.36,0.0,0.0,0.13,0.0,0.21,0.44,0.65,0.7,0.3,620.5629636069034
0.1,0.5,0.24,0.0,0.24,0.0,0.0,0.0,0.16,0.22,0.0,0.0,0.14,0.0,0.0,0.0,0.0,0.0,0.0,0.0,0.3,406.8994571632031
0.6,0.0,0.15,0.17,0.0,0.0,0.0,0.0,0.0,0.0,0.0,0.0,0.37,0.0,0.31,0.0,0.0,0.0,0.0,0.0,0.7,339.02246626021474
0.3,0.0,0.0,0.0,0.0,0.0,0.21,0.12,0.2,0.0,0.0,0.0,0.0,0.26,0.0,0.21,0.0,0.0,0.0,0.0,0.6,219.9335895086856
0.5,0.1,0.2299999999999999,0.0,0.21,0.0,0.0,0.0,0.17,0.0,0.2,0.0,0.0,0.0,0.0,0.19,0.64,0.39,0.28,0.69,0.8,411.469968703284
0.6,0.2,0.14,0.0,0.0,0.0,0.0,0.23,0.32,0.0,0.31,0.0,0.0,0.0,0.0,0.0,0.0,0.0,0.0,0.0,0.4,466.9233173554659
0.4,0.1,0.0,0.0,0.0,0.27,0.15,0.24,0.0,0.0,0.0,0.0,0.0,0.0,0.22,0.12,0.6900000000000001,0.48,0.63,0.2,0.3,394.2472775350606
0.6,0.4,0.0,0.34,0.0,0.0,0.0,0.0,0.0,0.0,0.0,0.31,0.0,0.13,0.22,0.0,0.0,0.0,0.0,0.0,0.3,555.8498770477438
0.6,0.2,0.0,0.22,0.37,0.0,0.0,0.0,0.0,0.0,0.0,0.21,0.2,0.0,0.0,0.0,0.0,0.0,0.0,0.0,0.5,468.8695842787609
0.2,0.4,0.0,0.0,0.29,0.36,0.19,0.0,0.16,0.0,0.0,0.0,0.0,0.0,0.0,0.0,0.0,0.0,0.0,0.0,0.8,250.98569574308252
0.1,0.0,0.17,0.0,0.19,0.0,0.0,0.18,0.0,0.0,0.3,0.0,0.16,0.0,0.0,0.0,0.0,0.0,0.0,0.0,0.2,370.3698932123707
0.6,0.3,0.32,0.0,0.0,0.0,0.16,0.13,0.0,0.26,0.13,0.0,0.0,0.0,0.0,0.0,0.11,0.17,0.43,0.29,0.4,398.4432957552749
0.1,0.0,0.0,0.0,0.0,0.0,0.0,0.0,0.0,0.0,0.3,0.27,0.0,0.0,0.25,0.18,0.0,0.0,0.0,0.0,0.1,463.7946845553233
0.1,0.1,0.13,0.0,0.0,0.25,0.0,0.28,0.0,0.0,0.0,0.19,0.15,0.0,0.0,0.0,0.73,0.6,0.23,0.44,0.3,362.60127631445977
0.1,0.4,0.0,0.0,0.26,0.0,0.0,0.0,0.0,0.19,0.0,0.0,0.29,0.26,0.0,0.0,0.0,0.0,0.0,0.0,0.8,484.3712585384116
0.4,0.1,0.0,0.12,0.0,0.3,0.28,0.0,0.0,0.0,0.0,0.0,0.19,0.0,0.11,0.0,0.5,0.5,0.24,0.76,0.7,355.47866768875843
0.4,0.0,0.0,0.0,0.3,0.0,0.0,0.17,0.0,0.0,0.0,0.0,0.27,0.26,0.0,0.0,0.0,0.0,0.0,0.0,0.7,397.5187978766904
0.6,0.1,0.0,0.0,0.0,0.17,0.43,0.0,0.0,0.0,0.0,0.0,0.0,0.18,0.22,0.0,0.27,0.68,0.3,0.75,0.3,277.6422064055655
0.3,0.5,0.0,0.0,0.0,0.0,0.0,0.36,0.24,0.0,0.17,0.0,0.0,0.23,0.0,0.0,0.0,0.0,0.0,0.0,0.8,447.7363109481939
0.6,0.4,0.0,0.28,0.29,0.0,0.0,0.0,0.0,0.22,0.0,0.0,0.0,0.21,0.0,0.0,0.0,0.0,0.0,0.0,0.2,501.39993366557803
0.5,0.5,0.0,0.0,0.0,0.0,0.15,0.13,0.0,0.0,0.22,0.23,0.0,0.27,0.0,0.0,0.0,0.0,0.0,0.0,0.2,396.9097805393106
0.3,0.3,0.0,0.25,0.0,0.27,0.0,0.0,0.0,0.0,0.19,0.0,0.0,0.14,0.0,0.15,0.1,0.45,0.33,0.12,0.5,588.0225636234156
0.2,0.3,0.0,0.0,0.0,0.0,0.31,0.32,0.0,0.0,0.0,0.0,0.0,0.23,0.0,0.14,0.16,0.33,0.21,0.3,0.7,444.01325168700043
0.6,0.5,0.0,0.0,0.14,0.0,0.0,0.0,0.27,0.0,0.0,0.0,0.0,0.32,0.27,0.0,0.0,0.0,0.0,0.0,0.7,450.2255593029882
0.7,0.1,0.0,0.0,0.16,0.0,0.0,0.33,0.0,0.0,0.0,0.0,0.35,0.0,0.16,0.0,0.37,0.49,0.53,0.61,0.6,524.814453598049
0.3,0.0,0.0,0.0,0.29,0.29,0.0,0.0,0.3,0.12,0.0,0.0,0.0,0.0,0.0,0.0,0.0,0.0,0.0,0.0,0.8,205.33317001820933
0.4,0.3,0.0,0.29,0.0,0.0,0.29,0.0,0.16,0.0,0.0,0.26,0.0,0.0,0.0,0.0,0.23,0.33,0.1,0.34,0.8,315.14615887019204
0.1,0.2,0.0,0.0,0.0,0.0,0.0,0.0,0.0,0.27,0.0,0.29,0.0,0.0,0.29,0.15,0.0,0.0,0.0,0.0,0.3,163.88499468731783
0.6,0.1,0.32,0.0,0.26,0.0,0.0,0.0,0.0,0.22,0.0,0.0,0.0,0.2,0.0,0.0,0.71,0.44,0.25,0.6,0.4,368.48589209911387
0.6,0.2,0.0,0.0,0.0,0.0,0.32,0.0,0.16,0.0,0.0,0.0,0.0,0.37,0.0,0.15,0.0,0.0,0.0,0.0,0.8,155.51143501199326
0.7,0.1,0.0,0.21,0.19,0.0,0.0,0.0,0.19,0.0,0.0,0.0,0.27,0.0,0.0,0.14,0.21,0.74,0.57,0.48,0.8,533.0561222618979
0.5,0.5,0.2799999999999999,0.21,0.0,0.0,0.0,0.19,0.0,0.19,0.0,0.0,0.0,0.0,0.13,0.0,0.0,0.0,0.0,0.0,0.6,450.2346732697227
0.4,0.1,0.0,0.0,0.19,0.0,0.23,0.24,0.0,0.0,0.09,0.25,0.0,0.0,0.0,0.0,0.31,0.73,0.36,0.6,0.3,387.28303212053726
0.7,0.1,0.0,0.0,0.0,0.12,0.0,0.32,0.0,0.0,0.26,0.0,0.0,0.0,0.0,0.3,0.57,0.64,0.27,0.52,0.2,568.3996679262857
0.7,0.0,0.17,0.0,0.29,0.0,0.18,0.0,0.0,0.0,0.19,0.0,0.0,0.0,0.0,0.17,0.0,0.0,0.0,0.0,0.2,229.8792248771763
0.4,0.4,0.2799999999999999,0.0,0.0,0.0,0.22,0.0,0.17,0.18,0.15,0.0,0.0,0.0,0.0,0.0,0.0,0.0,0.0,0.0,0.2,205.48664550956673
0.2,0.1,0.24,0.0,0.0,0.09,0.0,0.0,0.0,0.19,0.0,0.25,0.23,0.0,0.0,0.0,0.56,0.36,0.52,0.56,0.2,280.9048801614061
0.4,0.2,0.0,0.0,0.24,0.0,0.0,0.18,0.11,0.24,0.0,0.23,0.0,0.0,0.0,0.0,0.0,0.0,0.0,0.0,0.6,340.8080411664438
0.4,0.5,0.0,0.0,0.19,0.27,0.0,0.0,0.0,0.0,0.0,0.28,0.0,0.0,0.26,0.0,0.0,0.0,0.0,0.0,0.2,399.85887518282544
0.6,0.3,0.0,0.0,0.0,0.0,0.0,0.11,0.0,0.0,0.0,0.24,0.25,0.0,0.15,0.25,0.12,0.24,0.29,0.35,0.6,456.92762458500493
0.4,0.5,0.0,0.0,0.0,0.33,0.0,0.0,0.2,0.0,0.0,0.0,0.14,0.33,0.0,0.0,0.0,0.0,0.0,0.0,0.6,379.30689786234757
0.5,0.2,0.2,0.0,0.0,0.0,0.19,0.0,0.18,0.0,0.18,0.0,0.0,0.25,0.0,0.0,0.0,0.0,0.0,0.0,0.8,263.8739724061392
0.4,0.3,0.0,0.17,0.0,0.0,0.0,0.0,0.15,0.2,0.0,0.0,0.0,0.0,0.22,0.26,0.25,0.38,0.13,0.24,0.1,362.03980778553665
0.3,0.3,0.0,0.0,0.18,0.0,0.0,0.0,0.27,0.0,0.0,0.22,0.0,0.18,0.0,0.15,0.2,0.21,0.28,0.31,0.6,379.1363810499325
0.2,0.3,0.0,0.0,0.14,0.24,0.0,0.0,0.13,0.0,0.29,0.2,0.0,0.0,0.0,0.0,0.12,0.29,0.35,0.24,0.2,578.2674559360477
0.5,0.2,0.32,0.0,0.0,0.0,0.27,0.29,0.0,0.0,0.0,0.0,0.0,0.0,0.12,0.0,0.0,0.0,0.0,0.0,0.8,349.45210631204463
0.2,0.0,0.21,0.0,0.11,0.0,0.26,0.0,0.0,0.16,0.0,0.26,0.0,0.0,0.0,0.0,0.0,0.0,0.0,0.0,0.7,97.44997960427642
0.4,0.5,0.0,0.0,0.19,0.0,0.0,0.27,0.0,0.31,0.0,0.0,0.0,0.23,0.0,0.0,0.0,0.0,0.0,0.0,0.1,532.7838653075921
0.4,0.4,0.0,0.0,0.0,0.0,0.0,0.12,0.0,0.14,0.0,0.23,0.17,0.34,0.0,0.0,0.0,0.0,0.0,0.0,0.3,392.20328003438453
0.5,0.3,0.21,0.0,0.0,0.0,0.0,0.28,0.0,0.0,0.25,0.0,0.26,0.0,0.0,0.0,0.4,0.3,0.2,0.1,0.6,449.5129384088461
0.1,0.1,0.0,0.34,0.0,0.15,0.0,0.0,0.0,0.16,0.0,0.0,0.15,0.0,0.0,0.2,0.75,0.53,0.47,0.25,0.2,324.20039854279696
0.7,0.3,0.0,0.19,0.0,0.0,0.0,0.0,0.0,0.29,0.0,0.21,0.0,0.0,0.31,0.0,0.37,0.29,0.17,0.17,0.1,414.0988255734113
0.3,0.0,0.0,0.0,0.0,0.32,0.0,0.12,0.13,0.0,0.0,0.0,0.0,0.28,0.15,0.0,0.0,0.0,0.0,0.0,0.6,263.71353571285823
0.4,0.0,0.0,0.0,0.0,0.0,0.18,0.0,0.28,0.0,0.24,0.0,0.0,0.0,0.3,0.0,0.0,0.0,0.0,0.0,0.7,357.69847841339333
0.5,0.4,0.0,0.0,0.17,0.42,0.0,0.0,0.0,0.0,0.0,0.0,0.22,0.0,0.19,0.0,0.0,0.0,0.0,0.0,0.8,411.78465121572566
0.5,0.1,0.0,0.26,0.0,0.0,0.0,0.0,0.0,0.15,0.0,0.0,0.27,0.0,0.11,0.21,0.77,0.22,0.77,0.24,0.5,423.6792463937414
0.5,0.1,0.0,0.38,0.0,0.0,0.0,0.0,0.0,0.0,0.27,0.18,0.0,0.17,0.0,0.0,0.8,0.23,0.2,0.77,0.6,704.056716447973
0.5,0.1,0.2,0.11,0.0,0.0,0.0,0.25,0.0,0.0,0.0,0.22,0.0,0.0,0.22,0.0,0.36,0.23,0.77,0.64,0.8,523.1975283948516
0.3,0.0,0.0,0.24,0.15,0.0,0.0,0.0,0.0,0.0,0.23,0.0,0.0,0.15,0.0,0.23,0.0,0.0,0.0,0.0,0.2,377.64433093448827
0.4,0.0,0.0,0.35,0.0,0.0,0.0,0.0,0.35,0.17,0.0,0.0,0.0,0.13,0.0,0.0,0.0,0.0,0.0,0.0,0.5,391.51932620077366
0.3,0.3,0.0,0.0,0.0,0.24,0.0,0.0,0.0,0.15,0.0,0.0,0.22,0.0,0.39,0.0,0.4,0.13,0.19,0.28,0.2,397.9943683717823
0.4,0.0,0.0,0.0,0.0,0.0,0.0,0.24,0.0,0.34,0.0,0.27,0.0,0.0,0.15,0.0,0.0,0.0,0.0,0.0,0.1,175.41926486554556
0.3,0.3,0.26,0.0,0.31,0.0,0.15,0.0,0.0,0.0,0.0,0.0,0.0,0.28,0.0,0.0,0.13,0.38,0.14,0.35,0.7,404.2577110120515
0.2,0.4,0.0,0.26,0.0,0.0,0.21,0.15,0.0,0.0,0.0,0.0,0.14,0.24,0.0,0.0,0.0,0.0,0.0,0.0,0.3,364.38852366991654
0.3,0.3,0.0,0.0,0.26,0.0,0.24,0.0,0.19,0.0,0.15,0.16,0.0,0.0,0.0,0.0,0.36,0.34,0.16,0.14,0.8,344.6436949987083
0.1,0.4,0.0,0.17,0.25,0.0,0.0,0.0,0.0,0.25,0.0,0.15,0.0,0.0,0.18,0.0,0.0,0.0,0.0,0.0,0.3,360.59135040405147
0.6,0.3,0.12,0.0,0.0,0.0,0.0,0.26,0.0,0.0,0.0,0.3,0.0,0.0,0.32,0.0,0.13,0.33,0.25,0.29,0.3,416.3903836746281
0.7,0.1,0.0,0.0,0.0,0.0,0.16,0.0,0.0,0.16,0.19,0.31,0.0,0.18,0.0,0.0,0.23,0.57,0.54,0.66,0.2,478.15196422423554
0.7,0.2,0.34,0.0,0.0,0.13,0.0,0.0,0.0,0.0,0.0,0.0,0.29,0.24,0.0,0.0,0.0,0.0,0.0,0.0,0.4,389.25974466517886
0.3,0.3,0.0,0.2,0.0,0.16,0.21,0.0,0.0,0.21,0.0,0.22,0.0,0.0,0.0,0.0,0.09,0.31,0.3,0.3,0.3,238.91507786510226
0.3,0.3,0.0,0.0,0.29,0.0,0.14,0.0,0.0,0.22,0.0,0.2,0.0,0.0,0.15,0.0,0.35,0.27,0.22,0.16,0.8,347.9661656583541
0.6,0.0,0.0,0.0,0.15,0.0,0.0,0.0,0.19,0.0,0.34,0.0,0.0,0.0,0.32,0.0,0.0,0.0,0.0,0.0,0.4,466.20018872575173
0.3,0.5,0.0,0.0,0.0,0.29,0.0,0.0,0.0,0.16,0.15,0.4,0.0,0.0,0.0,0.0,0.0,0.0,0.0,0.0,0.2,385.44255724451574
0.6,0.0,0.0,0.0,0.15,0.0,0.23,0.0,0.0,0.0,0.0,0.2,0.0,0.0,0.2,0.22,0.0,0.0,0.0,0.0,0.6,103.1112166665871
0.7,0.4,0.19,0.24,0.19,0.0,0.0,0.0,0.0,0.12,0.0,0.0,0.26,0.0,0.0,0.0,0.0,0.0,0.0,0.0,0.5,502.17372939063466
0.3,0.5,0.0,0.0,0.0,0.32,0.0,0.29,0.15,0.0,0.0,0.0,0.24,0.0,0.0,0.0,0.0,0.0,0.0,0.0,0.4,410.96836152709125
0.4,0.1,0.0,0.26,0.0,0.0,0.25,0.13,0.22,0.0,0.0,0.0,0.14,0.0,0.0,0.0,0.66,0.46,0.25,0.63,0.7,376.7219285885726
0.5,0.1,0.0,0.16,0.0,0.0,0.0,0.33,0.0,0.0,0.25,0.0,0.0,0.0,0.0,0.26,0.59,0.6,0.4,0.41,0.3,488.93873316742736
0.4,0.5,0.0,0.0,0.0,0.0,0.0,0.0,0.28,0.0,0.0,0.0,0.0,0.19,0.3,0.23,0.0,0.0,0.0,0.0,0.5,388.3585491137847
0.4,0.3,0.0,0.0,0.0,0.23,0.0,0.0,0.0,0.0,0.11,0.25,0.0,0.29,0.12,0.0,0.36,0.23,0.17,0.24,0.2,484.00664430493674
0.4,0.0,0.0,0.14,0.0,0.0,0.24,0.0,0.18,0.17,0.0,0.27,0.0,0.0,0.0,0.0,0.0,0.0,0.0,0.0,0.8,123.99088426726395
0.5,0.4,0.0,0.0,0.18,0.26,0.0,0.0,0.0,0.18,0.0,0.17,0.21,0.0,0.0,0.0,0.0,0.0,0.0,0.0,0.3,370.11858734953216
0.5,0.5,0.13,0.0,0.19,0.0,0.24,0.26,0.0,0.0,0.0,0.0,0.0,0.0,0.0,0.18,0.0,0.0,0.0,0.0,0.6,385.26386687652166
0.2,0.2,0.16,0.23,0.0,0.22,0.24,0.0,0.15,0.0,0.0,0.0,0.0,0.0,0.0,0.0,0.0,0.0,0.0,0.0,0.2,115.09183618425207
0.5,0.4,0.0,0.22,0.31,0.0,0.0,0.0,0.0,0.26,0.0,0.0,0.21,0.0,0.0,0.0,0.0,0.0,0.0,0.0,0.7,536.8077353512848
0.7,0.4,0.28,0.0,0.26,0.0,0.0,0.0,0.0,0.0,0.27,0.19,0.0,0.0,0.0,0.0,0.0,0.0,0.0,0.0,0.4,465.17119511736774
0.2,0.4,0.2,0.0,0.0,0.0,0.32,0.26,0.0,0.0,0.0,0.22,0.0,0.0,0.0,0.0,0.0,0.0,0.0,0.0,0.6,208.0841698356747
0.5,0.1,0.0,0.2,0.2,0.0,0.0,0.24,0.0,0.0,0.0,0.0,0.0,0.12,0.24,0.0,0.49,0.55,0.48,0.48,0.5,410.51503021183646
0.5,0.3,0.17,0.31,0.0,0.0,0.26,0.0,0.0,0.0,0.0,0.0,0.0,0.0,0.0,0.26,0.34,0.3,0.11,0.25,0.7,324.9073092830328
0.3,0.4,0.0,0.0,0.0,0.22,0.25,0.39,0.0,0.0,0.0,0.0,0.0,0.14,0.0,0.0,0.0,0.0,0.0,0.0,0.1,397.8937315396731
0.6,0.1,0.12,0.0,0.0,0.0,0.0,0.0,0.0,0.0,0.26,0.0,0.3,0.32,0.0,0.0,0.67,0.65,0.37,0.31,0.8,511.32979475465396
0.4,0.3,0.0,0.0,0.16,0.3,0.0,0.0,0.0,0.0,0.35,0.19,0.0,0.0,0.0,0.0,0.39,0.14,0.37,0.1,0.7,670.7049135914242
0.6,0.0,0.2,0.34,0.0,0.0,0.0,0.0,0.0,0.0,0.0,0.22,0.0,0.24,0.0,0.0,0.0,0.0,0.0,0.0,0.4,390.08188272944807
0.6,0.4,0.17,0.0,0.0,0.0,0.0,0.0,0.0,0.15,0.0,0.23,0.0,0.0,0.23,0.22,0.0,0.0,0.0,0.0,0.2,311.32186228396
0.4,0.4,0.29,0.0,0.0,0.0,0.0,0.18,0.0,0.0,0.0,0.0,0.0,0.29,0.0,0.24,0.0,0.0,0.0,0.0,0.1,284.13388131237207
0.5,0.4,0.0,0.29,0.0,0.0,0.0,0.21,0.0,0.0,0.0,0.0,0.21,0.29,0.0,0.0,0.0,0.0,0.0,0.0,0.8,487.42406551645286
0.7,0.1,0.23,0.0,0.0,0.21,0.0,0.0,0.18,0.0,0.0,0.0,0.0,0.0,0.38,0.0,0.2,0.61,0.6,0.59,0.2,400.3927463028849
0.4,0.0,0.0,0.14,0.0,0.0,0.0,0.0,0.0,0.0,0.3399999999999999,0.14,0.0,0.0,0.16,0.22,0.0,0.0,0.0,0.0,0.6,541.3464650483941
0.5,0.0,0.3,0.0,0.0,0.0,0.21,0.0,0.0,0.3,0.19,0.0,0.0,0.0,0.0,0.0,0.0,0.0,0.0,0.0,0.1,201.23631425796572
0.4,0.5,0.0,0.0,0.23,0.11,0.0,0.0,0.3,0.15,0.0,0.0,0.0,0.21,0.0,0.0,0.0,0.0,0.0,0.0,0.8,465.22175001380407
0.2,0.2,0.0,0.28,0.0,0.0,0.0,0.19,0.12,0.0,0.0,0.15,0.0,0.0,0.26,0.0,0.0,0.0,0.0,0.0,0.4,399.5220486149626
0.3,0.1,0.0,0.0,0.0,0.0,0.28,0.3,0.12,0.0,0.0,0.14,0.0,0.0,0.0,0.16,0.44,0.43,0.78,0.35,0.3,303.7511761086444
0.4,0.1,0.26,0.18,0.1,0.0,0.0,0.0,0.29,0.0,0.0,0.17,0.0,0.0,0.0,0.0,0.62,0.57,0.36,0.45,0.8,391.4277037665552
0.4,0.0,0.0,0.12,0.0,0.0,0.0,0.0,0.0,0.0,0.0,0.35,0.0,0.0,0.25,0.28,0.0,0.0,0.0,0.0,0.3,290.3833749344278
0.6,0.5,0.0,0.0,0.0,0.0,0.22,0.0,0.0,0.0,0.25,0.0,0.22,0.0,0.0,0.31,0.0,0.0,0.0,0.0,0.7,400.912876477275
0.2,0.4,0.0,0.24,0.0,0.3,0.0,0.16,0.0,0.0,0.0,0.3,0.0,0.0,0.0,0.0,0.0,0.0,0.0,0.0,0.4,397.2905599352205
0.1,0.4,0.0,0.0,0.11,0.0,0.0,0.27,0.0,0.0,0.26,0.0,0.0,0.22,0.14,0.0,0.0,0.0,0.0,0.0,0.5,417.1447268421842
0.7,0.1,0.0,0.0,0.0,0.33,0.0,0.0,0.0,0.35,0.19,0.13,0.0,0.0,0.0,0.0,0.55,0.41,0.52,0.52,0.7,469.993797198583
0.7,0.5,0.0,0.0,0.15,0.2799999999999999,0.0,0.0,0.0,0.0,0.28,0.0,0.0,0.0,0.29,0.0,0.0,0.0,0.0,0.0,0.7,616.2316182307491
0.2,0.1,0.0,0.21,0.0,0.0,0.25,0.0,0.2,0.0,0.0,0.0,0.0,0.0,0.13,0.21,0.63,0.3,0.63,0.44,0.6,294.7611780190107
0.2,0.1,0.15,0.0,0.2,0.0,0.21,0.0,0.0,0.23,0.0,0.0,0.0,0.21,0.0,0.0,0.52,0.64,0.33,0.51,0.6,367.5565714771092
0.2,0.5,0.0,0.0,0.0,0.0,0.14,0.22,0.0,0.0,0.0,0.2,0.0,0.22,0.22,0.0,0.0,0.0,0.0,0.0,0.2,293.63128190105607
0.6,0.4,0.2,0.2,0.0,0.0,0.0,0.0,0.0,0.0,0.0,0.21,0.0,0.18,0.0,0.21,0.0,0.0,0.0,0.0,0.1,367.63552943731986
0.5,0.0,0.0,0.0,0.18,0.29,0.0,0.0,0.0,0.26,0.0,0.0,0.0,0.0,0.0,0.27,0.0,0.0,0.0,0.0,0.4,243.08231419487038
0.4,0.3,0.24,0.0,0.0,0.0,0.0,0.0,0.0,0.12,0.0,0.0,0.13,0.28,0.0,0.23,0.3,0.18,0.25,0.27,0.8,420.51931619020297
0.4,0.4,0.23,0.0,0.0,0.0,0.36,0.0,0.0,0.0,0.0,0.0,0.0,0.23,0.0,0.18,0.0,0.0,0.0,0.0,0.1,36.96655065627742
0.1,0.4,0.0,0.0,0.0,0.0,0.0,0.0,0.24,0.17,0.0,0.15,0.16,0.28,0.0,0.0,0.0,0.0,0.0,0.0,0.3,339.35595975200596
0.6,0.4,0.0,0.35,0.0,0.0,0.0,0.0,0.0,0.14,0.0,0.34,0.0,0.0,0.0,0.17,0.0,0.0,0.0,0.0,0.8,499.45473197525746
0.6,0.3,0.19,0.0,0.21,0.0,0.24,0.25,0.0,0.0,0.0,0.0,0.0,0.11,0.0,0.0,0.21,0.15,0.3,0.34,0.6,450.8980649075684
0.7,0.5,0.0,0.0,0.0,0.0,0.0,0.0,0.17,0.0,0.31,0.0,0.0,0.0,0.22,0.3,0.0,0.0,0.0,0.0,0.8,608.2397053686614
0.3,0.4,0.0,0.29,0.2,0.0,0.0,0.19,0.0,0.0,0.32,0.0,0.0,0.0,0.0,0.0,0.0,0.0,0.0,0.0,0.5,498.49250540356695
0.7,0.4,0.0,0.0,0.0,0.0,0.25,0.0,0.0,0.34,0.0,0.0,0.17,0.24,0.0,0.0,0.0,0.0,0.0,0.0,0.7,439.10779509359185
0.7,0.3,0.0,0.0,0.0,0.0,0.0,0.0,0.0,0.22,0.16,0.31,0.15,0.0,0.16,0.0,0.33,0.18,0.28,0.21,0.6,518.9348519576699
0.2,0.5,0.38,0.0,0.0,0.0,0.0,0.0,0.0,0.24,0.0,0.25,0.0,0.0,0.0,0.13,0.0,0.0,0.0,0.0,0.2,291.6277048712561
0.6,0.4,0.0,0.0,0.0,0.14,0.0,0.36,0.26,0.0,0.0,0.0,0.0,0.0,0.24,0.0,0.0,0.0,0.0,0.0,0.3,529.6212716556698
0.3,0.2,0.17,0.0,0.0,0.15,0.0,0.0,0.0,0.0,0.25,0.0,0.18,0.0,0.0,0.25,0.0,0.0,0.0,0.0,0.5,393.41877810564444
0.6,0.5,0.16,0.3,0.0,0.0,0.0,0.0,0.13,0.22,0.0,0.19,0.0,0.0,0.0,0.0,0.0,0.0,0.0,0.0,0.8,488.54379386038033
0.3,0.4,0.0,0.13,0.0,0.0,0.0,0.24,0.14,0.0,0.0,0.0,0.3,0.0,0.19,0.0,0.0,0.0,0.0,0.0,0.6,411.28937152004875
0.6,0.0,0.25,0.0,0.0,0.0,0.17,0.32,0.0,0.0,0.0,0.26,0.0,0.0,0.0,0.0,0.0,0.0,0.0,0.0,0.5,308.0798166888566
0.4,0.3,0.0,0.14,0.0,0.0,0.0,0.0,0.36,0.0,0.0,0.0,0.31,0.19,0.0,0.0,0.2,0.28,0.35,0.17,0.1,399.17157240098453
0.2,0.4,0.0,0.0,0.0,0.0,0.19,0.21,0.0,0.21,0.0,0.22,0.17,0.0,0.0,0.0,0.0,0.0,0.0,0.0,0.4,247.57743495104532
0.1,0.3,0.0,0.19,0.0,0.0,0.0,0.24,0.0,0.27,0.18,0.12,0.0,0.0,0.0,0.0,0.13,0.11,0.44,0.32,0.5,446.8977172953457
0.5,0.0,0.14,0.0,0.0,0.18,0.0,0.31,0.15,0.0,0.0,0.0,0.0,0.0,0.22,0.0,0.0,0.0,0.0,0.0,0.5,447.9666007909942
0.4,0.1,0.25,0.0,0.0,0.28,0.26,0.0,0.0,0.0,0.0,0.0,0.0,0.0,0.21,0.0,0.33,0.52,0.46,0.69,0.5,276.08832387114666
0.1,0.1,0.0,0.0,0.0,0.19,0.0,0.0,0.0,0.27,0.15,0.0,0.0,0.39,0.0,0.0,0.42,0.64,0.31,0.63,0.8,441.64028282991825
0.7,0.2,0.0,0.0,0.0,0.0,0.0,0.0,0.2,0.16,0.0,0.31,0.0,0.0,0.33,0.0,0.0,0.0,0.0,0.0,0.4,289.9716803687624
0.3,0.0,0.0,0.0,0.0,0.32,0.21,0.0,0.13,0.0,0.0,0.0,0.34,0.0,0.0,0.0,0.0,0.0,0.0,0.0,0.6,156.68590279195325
0.7,0.4,0.0,0.0,0.0,0.0,0.29,0.0,0.0,0.29,0.17,0.0,0.0,0.0,0.0,0.25,0.0,0.0,0.0,0.0,0.2,289.22508945227753
0.2,0.3,0.29,0.0,0.0,0.15,0.0,0.0,0.0,0.0,0.39,0.0,0.0,0.0,0.17,0.0,0.49,0.2,0.12,0.19,0.3,470.9026784459659
0.1,0.5,0.0,0.0,0.32,0.0,0.0,0.2,0.0,0.0,0.15,0.0,0.0,0.0,0.14,0.19,0.0,0.0,0.0,0.0,0.7,491.69974657035795
0.6,0.4,0.0,0.0,0.0,0.24,0.0,0.0,0.2,0.32,0.24,0.0,0.0,0.0,0.0,0.0,0.0,0.0,0.0,0.0,0.7,501.2240166585198
0.1,0.4,0.0,0.0,0.0,0.0,0.0,0.16,0.0,0.19,0.0,0.28,0.18,0.0,0.19,0.0,0.0,0.0,0.0,0.0,0.5,288.024034002397
0.4,0.4,0.0,0.0,0.27,0.0,0.0,0.0,0.18,0.0,0.0,0.3,0.25,0.0,0.0,0.0,0.0,0.0,0.0,0.0,0.3,399.17658849380945
0.4,0.5,0.0,0.0,0.0,0.0,0.21,0.15,0.25,0.0,0.0,0.0,0.0,0.0,0.24,0.15,0.0,0.0,0.0,0.0,0.1,227.16251885743733
0.7,0.1,0.0,0.0,0.16,0.37,0.0,0.0,0.0,0.0,0.19,0.0,0.0,0.0,0.0,0.28,0.36,0.53,0.59,0.52,0.7,535.8459696980975
0.5,0.4,0.0,0.3,0.0,0.25,0.0,0.0,0.0,0.0,0.0,0.0,0.0,0.16,0.29,0.0,0.0,0.0,0.0,0.0,0.2,534.7132309364272
0.4,0.0,0.0,0.24,0.0,0.0,0.0,0.0,0.0,0.0,0.19,0.0,0.14,0.17,0.26,0.0,0.0,0.0,0.0,0.0,0.3,409.7204202462093
0.1,0.2,0.0,0.0,0.0,0.0,0.13,0.0,0.0,0.0,0.28,0.0,0.13,0.0,0.24,0.22,0.0,0.0,0.0,0.0,0.5,388.3163752258822
0.3,0.0,0.0,0.0,0.31,0.14,0.0,0.0,0.0,0.11,0.27,0.0,0.0,0.0,0.0,0.17,0.0,0.0,0.0,0.0,0.2,398.87255279254293
0.4,0.2,0.0,0.0,0.0,0.0,0.22,0.0,0.39,0.0,0.23,0.0,0.0,0.0,0.0,0.16,0.0,0.0,0.0,0.0,0.2,197.71395785476676
0.5,0.5,0.17,0.2,0.0,0.0,0.0,0.0,0.22,0.0,0.0,0.0,0.2,0.21,0.0,0.0,0.0,0.0,0.0,0.0,0.2,395.2316000809002
0.6,0.2,0.0,0.0,0.0,0.24,0.0,0.0,0.0,0.0,0.0,0.25,0.0,0.0,0.28,0.23,0.0,0.0,0.0,0.0,0.3,354.0085282727762
0.5,0.5,0.23,0.1,0.0,0.28,0.0,0.28,0.0,0.0,0.0,0.11,0.0,0.0,0.0,0.0,0.0,0.0,0.0,0.0,0.4,468.39465395898577
0.4,0.5,0.0,0.0,0.0,0.0,0.13,0.0,0.23,0.0,0.0,0.17,0.24,0.23,0.0,0.0,0.0,0.0,0.0,0.0,0.6,299.46237082382396
0.2,0.2,0.0,0.22,0.0,0.0,0.17,0.0,0.0,0.0,0.0,0.33,0.28,0.0,0.0,0.0,0.0,0.0,0.0,0.0,0.1,214.15658722218123
0.3,0.5,0.0,0.15,0.0,0.0,0.3,0.27,0.16,0.12,0.0,0.0,0.0,0.0,0.0,0.0,0.0,0.0,0.0,0.0,0.1,260.7457275027378
0.5,0.0,0.0,0.0,0.0,0.0,0.0,0.0,0.0,0.2,0.0,0.34,0.0,0.0,0.3,0.16,0.0,0.0,0.0,0.0,0.6,167.7490108536082
0.3,0.1,0.21,0.0,0.0,0.0,0.0,0.0,0.12,0.21,0.0,0.21,0.0,0.25,0.0,0.0,0.3,0.45,0.54,0.71,0.5,325.3714101141626
0.3,0.3,0.0,0.0,0.22,0.0,0.21,0.15,0.0,0.2,0.22,0.0,0.0,0.0,0.0,0.0,0.16,0.33,0.35,0.16,0.3,427.7626696744539
0.7,0.1,0.2,0.0,0.0,0.0,0.0,0.0,0.0,0.0,0.0,0.18,0.0,0.0,0.38,0.24,0.71,0.48,0.23,0.58,0.7,454.8966023724842
0.4,0.1,0.0,0.0,0.0,0.15,0.0,0.0,0.0,0.0,0.21,0.2,0.22,0.0,0.22,0.0,0.6,0.21,0.29,0.9,0.4,585.4924433355952
0.2,0.0,0.0,0.0,0.22,0.18,0.0,0.0,0.0,0.19,0.0,0.0,0.0,0.27,0.0,0.14,0.0,0.0,0.0,0.0,0.8,327.8429450561452
0.7,0.2,0.26,0.0,0.0,0.0,0.0,0.36,0.19,0.0,0.0,0.0,0.0,0.19,0.0,0.0,0.0,0.0,0.0,0.0,0.2,420.85019470236875
0.7,0.1,0.0,0.34,0.0,0.0,0.2,0.0,0.0,0.0,0.0,0.28,0.0,0.18,0.0,0.0,0.67,0.32,0.7,0.31,0.6,479.20210736371337
0.3,0.4,0.12,0.0,0.22,0.22,0.0,0.0,0.0,0.0,0.0,0.0,0.19,0.25,0.0,0.0,0.0,0.0,0.0,0.0,0.7,454.79945669015495
0.1,0.2,0.0,0.0,0.0,0.0,0.27,0.0,0.0,0.0,0.0,0.22,0.0,0.37,0.0,0.14,0.0,0.0,0.0,0.0,0.4,148.78489386896737
0.7,0.0,0.0,0.0,0.0,0.0,0.0,0.24,0.0,0.2,0.3399999999999999,0.22,0.0,0.0,0.0,0.0,0.0,0.0,0.0,0.0,0.2,604.0284398386049
0.2,0.1,0.0,0.0,0.26,0.35,0.0,0.0,0.0,0.0,0.0,0.14,0.25,0.0,0.0,0.0,0.76,0.36,0.59,0.29,0.3,418.9996015929493
0.5,0.1,0.0,0.0,0.0,0.0,0.27,0.25,0.0,0.1,0.21,0.0,0.0,0.17,0.0,0.0,0.38,0.6,0.75,0.27,0.8,503.47605242351756
0.2,0.5,0.0,0.22,0.0,0.0,0.0,0.19,0.0,0.29,0.0,0.0,0.0,0.0,0.3,0.0,0.0,0.0,0.0,0.0,0.5,496.87780872884406
0.4,0.4,0.21,0.0,0.0,0.0,0.17,0.0,0.0,0.0,0.2,0.0,0.0,0.0,0.2299999999999999,0.19,0.0,0.0,0.0,0.0,0.3,258.03758532371415
0.3,0.1,0.0,0.13,0.0,0.0,0.1,0.0,0.0,0.25,0.0,0.0,0.0,0.27,0.0,0.25,0.24,0.7,0.47,0.59,0.1,273.96688337694644
0.5,0.4,0.0,0.26,0.0,0.0,0.21,0.37,0.0,0.0,0.0,0.16,0.0,0.0,0.0,0.0,0.0,0.0,0.0,0.0,0.2,318.79034362789844
0.6,0.0,0.0,0.28,0.0,0.0,0.0,0.0,0.25,0.0,0.0,0.0,0.23,0.0,0.24,0.0,0.0,0.0,0.0,0.0,0.2,398.35841685108335
0.6,0.5,0.28,0.18,0.0,0.0,0.17,0.0,0.0,0.0,0.0,0.0,0.0,0.23,0.14,0.0,0.0,0.0,0.0,0.0,0.8,344.0286138367424
0.2,0.2,0.0,0.0,0.27,0.21,0.0,0.0,0.0,0.0,0.0,0.19,0.0,0.0,0.0,0.33,0.0,0.0,0.0,0.0,0.4,316.46953190189544
0.4,0.4,0.16,0.0,0.0,0.18,0.0,0.0,0.28,0.38,0.0,0.0,0.0,0.0,0.0,0.0,0.0,0.0,0.0,0.0,0.4,313.06158746884097
0.3,0.0,0.0,0.29,0.0,0.0,0.21,0.0,0.16,0.0,0.0,0.0,0.0,0.34,0.0,0.0,0.0,0.0,0.0,0.0,0.3,197.72768096221054
0.4,0.4,0.39,0.0,0.0,0.0,0.0,0.0,0.17,0.27,0.0,0.17,0.0,0.0,0.0,0.0,0.0,0.0,0.0,0.0,0.4,334.4170954456175
0.5,0.4,0.0,0.21,0.0,0.2799999999999999,0.0,0.0,0.0,0.0,0.0,0.24,0.0,0.0,0.27,0.0,0.0,0.0,0.0,0.0,0.3,494.67087791113545
0.6,0.0,0.0,0.0,0.33,0.21,0.0,0.0,0.13,0.0,0.0,0.0,0.0,0.0,0.0,0.33,0.0,0.0,0.0,0.0,0.8,306.55332192319196
0.4,0.4,0.0,0.0,0.0,0.12,0.24,0.0,0.0,0.0,0.28,0.0,0.0,0.16,0.2,0.0,0.0,0.0,0.0,0.0,0.5,421.72013027524264
0.2,0.5,0.0,0.0,0.0,0.18,0.21,0.0,0.0,0.0,0.0,0.0,0.2299999999999999,0.0,0.18,0.2,0.0,0.0,0.0,0.0,0.3,322.9619103330032
0.5,0.1,0.0,0.0,0.0,0.0,0.0,0.0,0.11,0.0,0.0,0.0,0.32,0.32,0.25,0.0,0.58,0.29,0.6,0.53,0.2,486.7315157431302
0.6,0.4,0.0,0.0,0.0,0.16,0.0,0.21,0.0,0.0,0.29,0.34,0.0,0.0,0.0,0.0,0.0,0.0,0.0,0.0,0.8,627.5064457562665
0.2,0.5,0.0,0.0,0.0,0.0,0.0,0.16,0.24,0.0,0.0,0.0,0.41,0.0,0.19,0.0,0.0,0.0,0.0,0.0,0.8,379.9593371901119
0.2,0.5,0.0,0.0,0.24,0.0,0.0,0.14,0.29,0.18,0.15,0.0,0.0,0.0,0.0,0.0,0.0,0.0,0.0,0.0,0.4,519.2976626122204
0.3,0.3,0.0,0.0,0.28,0.25,0.0,0.0,0.0,0.0,0.0,0.11,0.0,0.0,0.16,0.2,0.24,0.28,0.26,0.22,0.2,342.988642513606
0.1,0.3,0.0,0.19,0.0,0.0,0.0,0.16,0.23,0.0,0.25,0.0,0.17,0.0,0.0,0.0,0.3,0.13,0.2,0.37,0.5,468.25971173200946
0.5,0.5,0.0,0.0,0.24,0.0,0.0,0.0,0.26,0.11,0.0,0.13,0.0,0.26,0.0,0.0,0.0,0.0,0.0,0.0,0.3,413.45443112044904
0.7,0.0,0.0,0.26,0.0,0.0,0.0,0.28,0.0,0.2,0.0,0.26,0.0,0.0,0.0,0.0,0.0,0.0,0.0,0.0,0.5,360.8397402795185
0.5,0.1,0.22,0.29,0.0,0.22,0.0,0.0,0.0,0.0,0.0,0.0,0.27,0.0,0.0,0.0,0.51,0.81,0.5,0.18,0.8,465.4023227964899
0.5,0.5,0.0,0.0,0.0,0.16,0.0,0.0,0.0,0.23,0.24,0.14,0.0,0.0,0.23,0.0,0.0,0.0,0.0,0.0,0.1,526.9732724700362
0.5,0.3,0.27,0.0,0.0,0.0,0.14,0.17,0.0,0.0,0.0,0.0,0.0,0.0,0.13,0.29,0.35,0.14,0.38,0.13,0.7,379.4355496731078
0.1,0.2,0.18,0.0,0.0,0.0,0.0,0.16,0.0,0.21,0.0,0.23,0.0,0.0,0.0,0.22,0.0,0.0,0.0,0.0,0.5,282.7027097054294
0.1,0.1,0.0,0.0,0.0,0.0,0.0,0.21,0.0,0.3,0.0,0.0,0.35,0.0,0.14,0.0,0.74,0.52,0.33,0.41,0.1,228.79082216585533
0.2,0.5,0.25,0.0,0.0,0.0,0.0,0.12,0.24,0.0,0.0,0.19,0.0,0.0,0.2,0.0,0.0,0.0,0.0,0.0,0.2,286.33846173674186
0.3,0.3,0.0,0.0,0.0,0.27,0.24,0.0,0.25,0.0,0.24,0.0,0.0,0.0,0.0,0.0,0.13,0.33,0.22,0.32,0.3,314.1226896720369
0.2,0.3,0.0,0.22,0.2299999999999999,0.0,0.0,0.21,0.0,0.0,0.17,0.0,0.17,0.0,0.0,0.0,0.13,0.3,0.32,0.25,0.3,466.5620612579844
0.5,0.3,0.0,0.2799999999999999,0.0,0.0,0.0,0.24,0.0,0.0,0.22,0.0,0.0,0.0,0.0,0.26,0.23,0.31,0.14,0.32,0.2,469.9714899475654
0.3,0.4,0.14,0.0,0.0,0.23,0.0,0.0,0.0,0.0,0.0,0.22,0.0,0.0,0.22,0.19,0.0,0.0,0.0,0.0,0.3,366.55935011783873
0.1,0.1,0.0,0.0,0.0,0.0,0.0,0.18,0.19,0.0,0.0,0.35,0.0,0.28,0.0,0.0,0.27,0.59,0.3,0.84,0.2,374.2881227205602
0.7,0.5,0.0,0.0,0.0,0.0,0.24,0.0,0.0,0.21,0.0,0.18,0.0,0.0,0.37,0.0,0.0,0.0,0.0,0.0,0.8,336.7291909738466
0.6,0.0,0.0,0.0,0.0,0.0,0.0,0.0,0.0,0.0,0.33,0.25,0.0,0.13,0.29,0.0,0.0,0.0,0.0,0.0,0.7,560.635701237369
0.5,0.3,0.18,0.0,0.2,0.34,0.0,0.0,0.0,0.0,0.0,0.0,0.0,0.0,0.0,0.28,0.21,0.32,0.38,0.09,0.4,407.3929269196177
0.1,0.5,0.2,0.0,0.0,0.0,0.24,0.0,0.0,0.0,0.2,0.0,0.0,0.0,0.0,0.36,0.0,0.0,0.0,0.0,0.7,333.2384280511485
0.7,0.4,0.0,0.22,0.15,0.0,0.0,0.0,0.2,0.0,0.0,0.19,0.24,0.0,0.0,0.0,0.0,0.0,0.0,0.0,0.7,527.756844015104
0.7,0.0,0.0,0.0,0.17,0.0,0.0,0.12,0.0,0.0,0.26,0.0,0.0,0.0,0.3,0.15,0.0,0.0,0.0,0.0,0.4,424.86434099470915
0.3,0.2,0.0,0.17,0.0,0.0,0.24,0.0,0.25,0.0,0.0,0.0,0.0,0.0,0.34,0.0,0.0,0.0,0.0,0.0,0.8,303.6320378330139
0.1,0.3,0.0,0.1,0.0,0.0,0.0,0.0,0.0,0.0,0.25,0.0,0.24,0.0,0.21,0.2,0.15,0.36,0.15,0.34,0.7,556.001737651597
0.7,0.4,0.0,0.0,0.32,0.19,0.0,0.0,0.0,0.26,0.0,0.0,0.0,0.0,0.23,0.0,0.0,0.0,0.0,0.0,0.2,387.3812516211271
0.3,0.1,0.18,0.0,0.0,0.22,0.0,0.0,0.24,0.2,0.16,0.0,0.0,0.0,0.0,0.0,0.55,0.52,0.31,0.62,0.6,304.6341430953438
0.3,0.5,0.0,0.0,0.19,0.0,0.0,0.24,0.0,0.0,0.15,0.0,0.0,0.19,0.23,0.0,0.0,0.0,0.0,0.0,0.1,492.4639083652804
0.2,0.2,0.0,0.25,0.0,0.0,0.0,0.0,0.0,0.0,0.13,0.0,0.19,0.17,0.26,0.0,0.0,0.0,0.0,0.0,0.3,439.73506657182315
0.4,0.4,0.0,0.0,0.31,0.0,0.0,0.0,0.16,0.0,0.18,0.0,0.0,0.0,0.0,0.35,0.0,0.0,0.0,0.0,0.2,396.1431077628785
0.1,0.2,0.13,0.25,0.0,0.0,0.14,0.0,0.0,0.0,0.0,0.27,0.0,0.0,0.21,0.0,0.0,0.0,0.0,0.0,0.4,217.12015048882452
0.5,0.2,0.0,0.23,0.0,0.0,0.0,0.32,0.18,0.0,0.27,0.0,0.0,0.0,0.0,0.0,0.0,0.0,0.0,0.0,0.5,505.80797137836686
0.7,0.4,0.0,0.23,0.0,0.0,0.28,0.0,0.29,0.0,0.0,0.0,0.2,0.0,0.0,0.0,0.0,0.0,0.0,0.0,0.5,258.42371792096304
0.4,0.1,0.0,0.0,0.22,0.27,0.22,0.0,0.0,0.0,0.0,0.0,0.0,0.0,0.29,0.0,0.44,0.59,0.42,0.55,0.2,210.6554681613116
0.3,0.3,0.15,0.0,0.26,0.0,0.12,0.0,0.0,0.25,0.0,0.0,0.0,0.0,0.0,0.22,0.36,0.21,0.25,0.18,0.3,363.2080371320898
0.4,0.4,0.0,0.24,0.09,0.2,0.0,0.0,0.0,0.24,0.0,0.0,0.0,0.0,0.0,0.23,0.0,0.0,0.0,0.0,0.2,403.3643594963814
0.6,0.3,0.0,0.0,0.0,0.36,0.15,0.0,0.19,0.0,0.0,0.3,0.0,0.0,0.0,0.0,0.25,0.2,0.18,0.37,0.5,216.96426769486757
0.2,0.5,0.0,0.0,0.0,0.16,0.0,0.3,0.0,0.24,0.11,0.0,0.19,0.0,0.0,0.0,0.0,0.0,0.0,0.0,0.6,440.80527016481614
0.7,0.1,0.0,0.0,0.0,0.12,0.26,0.0,0.0,0.16,0.23,0.0,0.23,0.0,0.0,0.0,0.7,0.51,0.21,0.58,0.6,426.4174773456429
0.5,0.3,0.0,0.0,0.21,0.0,0.0,0.0,0.17,0.0,0.0,0.37,0.0,0.25,0.0,0.0,0.22,0.3,0.36,0.12,0.2,449.6721844648126
0.6,0.4,0.35,0.17,0.0,0.0,0.18,0.0,0.3,0.0,0.0,0.0,0.0,0.0,0.0,0.0,0.0,0.0,0.0,0.0,0.8,233.06056884591632
0.3,0.3,0.0,0.0,0.0,0.0,0.14,0.0,0.0,0.13,0.0,0.0,0.2,0.0,0.18,0.35,0.3,0.19,0.27,0.24,0.8,397.30619471501353
0.4,0.4,0.2,0.0,0.16,0.2,0.0,0.0,0.2299999999999999,0.0,0.21,0.0,0.0,0.0,0.0,0.0,0.0,0.0,0.0,0.0,0.3,378.64036595324114
0.1,0.1,0.0,0.0,0.0,0.0,0.27,0.23,0.0,0.24,0.0,0.0,0.0,0.0,0.0,0.26,0.32,0.79,0.59,0.3,0.6,360.64311497490576
0.7,0.1,0.0,0.0,0.0,0.24,0.0,0.17,0.0,0.23,0.0,0.19,0.0,0.17,0.0,0.0,0.5,0.38,0.57,0.55,0.6,462.83558461559926
0.2,0.5,0.0,0.0,0.0,0.23,0.0,0.0,0.0,0.0,0.32,0.0,0.0,0.23,0.22,0.0,0.0,0.0,0.0,0.0,0.4,597.2206000467672
0.4,0.1,0.27,0.0,0.0,0.0,0.0,0.0,0.0,0.0,0.0,0.0,0.0,0.21,0.35,0.17,0.42,0.37,0.49,0.72,0.6,447.03037137423064
0.2,0.0,0.0,0.0,0.16,0.33,0.28,0.0,0.0,0.0,0.0,0.0,0.23,0.0,0.0,0.0,0.0,0.0,0.0,0.0,0.2,114.29988699391032
0.2,0.4,0.0,0.0,0.0,0.0,0.0,0.21,0.27,0.0,0.0,0.0,0.13,0.26,0.0,0.13,0.0,0.0,0.0,0.0,0.5,305.18722097200725
0.7,0.0,0.0,0.0,0.24,0.0,0.0,0.0,0.14,0.0,0.19,0.0,0.18,0.0,0.0,0.25,0.0,0.0,0.0,0.0,0.5,429.3478870379836
0.2,0.2,0.16,0.0,0.0,0.15,0.36,0.0,0.16,0.0,0.0,0.0,0.0,0.0,0.17,0.0,0.0,0.0,0.0,0.0,0.1,-2.2443056714034766
0.3,0.2,0.0,0.0,0.0,0.0,0.0,0.24,0.0,0.35,0.0,0.19,0.0,0.0,0.22,0.0,0.0,0.0,0.0,0.0,0.6,258.38706487286
0.7,0.5,0.0,0.0,0.24,0.0,0.31,0.0,0.0,0.0,0.19,0.26,0.0,0.0,0.0,0.0,0.0,0.0,0.0,0.0,0.4,297.47971696903204
0.2,0.4,0.0,0.0,0.0,0.0,0.0,0.19,0.14,0.0,0.0,0.0,0.17,0.27,0.0,0.23,0.0,0.0,0.0,0.0,0.6,339.9884239062151
0.4,0.0,0.11,0.0,0.0,0.31,0.0,0.0,0.15,0.0,0.0,0.29,0.0,0.14,0.0,0.0,0.0,0.0,0.0,0.0,0.5,210.91446089508565
0.3,0.0,0.0,0.25,0.0,0.0,0.0,0.0,0.0,0.0,0.27,0.0,0.2,0.0,0.0,0.28,0.0,0.0,0.0,0.0,0.3,437.5297348744792
0.4,0.1,0.29,0.0,0.0,0.0,0.2,0.13,0.0,0.0,0.0,0.0,0.0,0.0,0.26,0.12,0.52,0.52,0.45,0.51,0.7,329.2909264109923
0.6,0.0,0.0,0.24,0.0,0.0,0.0,0.0,0.0,0.22,0.14,0.0,0.0,0.26,0.14,0.0,0.0,0.0,0.0,0.0,0.6,458.3674162767433
0.2,0.0,0.0,0.17,0.18,0.0,0.0,0.0,0.26,0.0,0.22,0.0,0.0,0.0,0.17,0.0,0.0,0.0,0.0,0.0,0.2,398.8522174517432
0.7,0.4,0.0,0.19,0.36,0.0,0.0,0.0,0.19,0.0,0.0,0.0,0.26,0.0,0.0,0.0,0.0,0.0,0.0,0.0,0.2,541.5774178694938
0.7,0.5,0.0,0.0,0.0,0.0,0.26,0.0,0.0,0.26,0.12,0.22,0.0,0.0,0.14,0.0,0.0,0.0,0.0,0.0,0.3,279.07581189187226
0.4,0.5,0.0,0.0,0.0,0.19,0.0,0.34,0.0,0.21,0.0,0.0,0.0,0.0,0.26,0.0,0.0,0.0,0.0,0.0,0.5,433.442129696008
0.2,0.3,0.0,0.27,0.28,0.29,0.0,0.0,0.0,0.0,0.0,0.0,0.0,0.0,0.0,0.16,0.45,0.14,0.2,0.21,0.3,398.0440495520826
0.6,0.1,0.0,0.17,0.0,0.0,0.16,0.0,0.0,0.0,0.0,0.17,0.27,0.23,0.0,0.0,0.52,0.23,0.89,0.36,0.8,543.6265221855955
0.3,0.2,0.25,0.17,0.29,0.0,0.13,0.16,0.0,0.0,0.0,0.0,0.0,0.0,0.0,0.0,0.0,0.0,0.0,0.0,0.2,262.93173015451276
0.3,0.1,0.0,0.34,0.18,0.0,0.0,0.0,0.26,0.0,0.22,0.0,0.0,0.0,0.0,0.0,0.29,0.5,0.75,0.46,0.8,480.6181426956702
0.3,0.3,0.0,0.0,0.0,0.0,0.0,0.0,0.0,0.15,0.0,0.21,0.0,0.14,0.3,0.2,0.27,0.3,0.24,0.19,0.1,335.9835331965357
0.7,0.2,0.0,0.0,0.15,0.0,0.0,0.0,0.0,0.0,0.19,0.38,0.0,0.0,0.0,0.28,0.0,0.0,0.0,0.0,0.6,449.9660521258703
0.7,0.1,0.0,0.0,0.28,0.0,0.26,0.0,0.0,0.0,0.0,0.0,0.0,0.3,0.0,0.16,0.34,0.4,0.81,0.45,0.7,430.05050915032444
0.5,0.2,0.15,0.0,0.29,0.0,0.0,0.0,0.0,0.0,0.27,0.0,0.12,0.17,0.0,0.0,0.0,0.0,0.0,0.0,0.3,409.827438545383
0.7,0.5,0.13,0.0,0.0,0.0,0.0,0.33,0.0,0.0,0.25,0.0,0.0,0.29,0.0,0.0,0.0,0.0,0.0,0.0,0.6,521.8152664104334
0.7,0.2,0.0,0.18,0.0,0.0,0.18,0.0,0.0,0.0,0.0,0.0,0.35,0.0,0.29,0.0,0.0,0.0,0.0,0.0,0.5,387.97536247762815
0.3,0.3,0.0,0.0,0.0,0.12,0.0,0.22,0.21,0.0,0.0,0.21,0.0,0.0,0.0,0.24,0.24,0.25,0.27,0.24,0.7,412.91969662972656
0.7,0.0,0.0,0.0,0.37,0.0,0.17,0.15,0.0,0.0,0.0,0.31,0.0,0.0,0.0,0.0,0.0,0.0,0.0,0.0,0.5,239.52291968023917
0.6,0.5,0.0,0.0,0.25,0.0,0.0,0.27,0.0,0.29,0.0,0.0,0.0,0.0,0.0,0.19,0.0,0.0,0.0,0.0,0.6,534.0009134315353
0.6,0.4,0.0,0.26,0.0,0.0,0.21,0.0,0.26,0.0,0.27,0.0,0.0,0.0,0.0,0.0,0.0,0.0,0.0,0.0,0.6,436.43247179916085
0.3,0.4,0.19,0.0,0.0,0.0,0.0,0.0,0.13,0.17,0.28,0.0,0.23,0.0,0.0,0.0,0.0,0.0,0.0,0.0,0.1,378.06429342088455
0.6,0.2,0.0,0.21,0.0,0.0,0.0,0.19,0.14,0.0,0.29,0.0,0.0,0.0,0.17,0.0,0.0,0.0,0.0,0.0,0.2,495.3637608951907
0.4,0.1,0.15,0.2799999999999999,0.0,0.0,0.29,0.0,0.0,0.0,0.0,0.0,0.0,0.0,0.0,0.28,0.29,0.35,0.65,0.71,0.8,387.02116014713187
0.6,0.5,0.27,0.0,0.16,0.0,0.0,0.36,0.21,0.0,0.0,0.0,0.0,0.0,0.0,0.0,0.0,0.0,0.0,0.0,0.2,416.35753497185544
0.2,0.5,0.0,0.0,0.0,0.0,0.0,0.24,0.0,0.21,0.0,0.13,0.0,0.0,0.29,0.13,0.0,0.0,0.0,0.0,0.2,345.8695903736175
0.2,0.0,0.15,0.0,0.0,0.17,0.35,0.0,0.0,0.33,0.0,0.0,0.0,0.0,0.0,0.0,0.0,0.0,0.0,0.0,0.6,133.8934117044839
0.5,0.2,0.0,0.2799999999999999,0.0,0.0,0.0,0.0,0.21,0.0,0.0,0.13,0.21,0.0,0.17,0.0,0.0,0.0,0.0,0.0,0.7,465.6280203341464
0.2,0.4,0.0,0.0,0.0,0.16,0.32,0.0,0.0,0.3,0.22,0.0,0.0,0.0,0.0,0.0,0.0,0.0,0.0,0.0,0.1,229.81837064393508
0.5,0.1,0.26,0.0,0.0,0.21,0.0,0.0,0.0,0.0,0.21,0.0,0.32,0.0,0.0,0.0,0.29,0.51,0.9,0.3,0.2,540.3351627763407
0.4,0.1,0.0,0.0,0.22,0.0,0.0,0.15,0.17,0.0,0.0,0.19,0.0,0.0,0.0,0.27,0.39,0.44,0.47,0.7,0.4,402.1383136813245
0.6,0.5,0.0,0.24,0.0,0.0,0.0,0.0,0.14,0.0,0.0,0.24,0.0,0.26,0.0,0.12,0.0,0.0,0.0,0.0,0.2,474.7364961859137
0.4,0.0,0.0,0.17,0.0,0.0,0.0,0.12,0.17,0.0,0.26,0.0,0.2799999999999999,0.0,0.0,0.0,0.0,0.0,0.0,0.0,0.8,477.4736816758401
0.3,0.1,0.0,0.24,0.14,0.14,0.2,0.0,0.0,0.0,0.28,0.0,0.0,0.0,0.0,0.0,0.65,0.46,0.3,0.59,0.1,428.814437051787
0.7,0.1,0.0,0.0,0.0,0.0,0.0,0.0,0.14,0.29,0.27,0.0,0.17,0.13,0.0,0.0,0.18,0.72,0.49,0.61,0.6,571.8692327300544
0.5,0.3,0.0,0.0,0.18,0.0,0.0,0.0,0.0,0.0,0.19,0.28,0.0,0.35,0.0,0.0,0.28,0.18,0.29,0.25,0.8,599.3132812232527
0.6,0.4,0.12,0.0,0.0,0.0,0.0,0.27,0.0,0.23,0.26,0.0,0.0,0.12,0.0,0.0,0.0,0.0,0.0,0.0,0.3,475.0308553324252
0.7,0.2,0.21,0.0,0.0,0.0,0.0,0.22,0.0,0.0,0.21,0.0,0.0,0.14,0.0,0.22,0.0,0.0,0.0,0.0,0.2,389.88900211994513
0.6,0.2,0.0,0.17,0.29,0.0,0.0,0.0,0.0,0.0,0.0,0.0,0.0,0.24,0.0,0.3,0.0,0.0,0.0,0.0,0.5,383.73723578220233
0.6,0.5,0.0,0.0,0.3,0.0,0.25,0.0,0.24,0.0,0.0,0.0,0.0,0.21,0.0,0.0,0.0,0.0,0.0,0.0,0.3,245.07784673149615
0.7,0.0,0.0,0.0,0.0,0.0,0.29,0.12,0.0,0.0,0.3,0.0,0.0,0.0,0.0,0.29,0.0,0.0,0.0,0.0,0.3,249.04045001704355
0.7,0.3,0.0,0.0,0.0,0.0,0.17,0.0,0.0,0.15,0.14,0.19,0.0,0.0,0.0,0.35,0.27,0.21,0.21,0.31,0.1,327.76438103186973
0.5,0.1,0.19,0.0,0.0,0.0,0.0,0.0,0.43,0.0,0.18,0.0,0.0,0.0,0.0,0.2,0.6,0.2,0.68,0.52,0.2,329.69908969538557
0.3,0.2,0.0,0.0,0.29,0.21,0.2,0.0,0.17,0.0,0.0,0.13,0.0,0.0,0.0,0.0,0.0,0.0,0.0,0.0,0.3,98.43847205466085
0.5,0.1,0.0,0.0,0.0,0.3,0.2,0.0,0.0,0.0,0.34,0.16,0.0,0.0,0.0,0.0,0.7,0.68,0.39,0.23,0.3,493.8045071971468
0.3,0.2,0.0,0.0,0.0,0.0,0.2,0.0,0.0,0.25,0.0,0.0,0.0,0.0,0.28,0.27,0.0,0.0,0.0,0.0,0.4,227.58793248919127
0.1,0.5,0.2,0.27,0.25,0.0,0.0,0.0,0.0,0.28,0.0,0.0,0.0,0.0,0.0,0.0,0.0,0.0,0.0,0.0,0.7,518.1508050218697
0.4,0.4,0.0,0.0,0.23,0.16,0.13,0.2,0.0,0.0,0.0,0.0,0.0,0.0,0.28,0.0,0.0,0.0,0.0,0.0,0.2,384.15468744032097
0.3,0.3,0.0,0.0,0.0,0.0,0.4,0.2,0.0,0.0,0.0,0.19,0.0,0.0,0.0,0.21,0.18,0.16,0.35,0.31,0.5,267.42958697142967
0.6,0.2,0.0,0.23,0.21,0.0,0.0,0.0,0.0,0.18,0.0,0.2,0.0,0.18,0.0,0.0,0.0,0.0,0.0,0.0,0.6,407.06746384942926
0.1,0.2,0.2,0.21,0.0,0.0,0.2,0.0,0.0,0.0,0.0,0.0,0.0,0.14,0.0,0.25,0.0,0.0,0.0,0.0,0.5,236.3837598324778
0.4,0.1,0.0,0.0,0.19,0.0,0.0,0.0,0.16,0.0,0.32,0.0,0.22,0.11,0.0,0.0,0.3,0.64,0.41,0.65,0.3,559.1973538057231
0.5,0.3,0.13,0.0,0.3,0.0,0.0,0.0,0.0,0.0,0.24,0.18,0.15,0.0,0.0,0.0,0.38,0.26,0.09,0.27,0.7,513.3529026890272
0.6,0.1,0.2,0.0,0.0,0.25,0.0,0.0,0.0,0.0,0.0,0.0,0.0,0.28,0.0,0.27,0.28,1.1,0.35,0.27,0.5,411.34701510860634
0.4,0.0,0.23,0.25,0.0,0.0,0.28,0.0,0.0,0.24,0.0,0.0,0.0,0.0,0.0,0.0,0.0,0.0,0.0,0.0,0.2,164.96879142267707
0.7,0.4,0.0,0.0,0.0,0.31,0.0,0.0,0.15,0.0,0.15,0.0,0.22,0.0,0.17,0.0,0.0,0.0,0.0,0.0,0.2,475.64211639036466
0.1,0.4,0.26,0.0,0.27,0.0,0.0,0.0,0.0,0.0,0.26,0.0,0.0,0.21,0.0,0.0,0.0,0.0,0.0,0.0,0.8,458.2457455865004
0.4,0.5,0.0,0.0,0.0,0.24,0.2,0.0,0.14,0.0,0.21,0.0,0.21,0.0,0.0,0.0,0.0,0.0,0.0,0.0,0.6,387.82829814165905
0.5,0.3,0.17,0.23,0.0,0.0,0.0,0.0,0.0,0.0,0.0,0.18,0.21,0.21,0.0,0.0,0.27,0.31,0.07,0.35,0.3,475.0873569948412
0.1,0.0,0.0,0.0,0.3,0.0,0.0,0.2,0.0,0.35,0.0,0.0,0.15,0.0,0.0,0.0,0.0,0.0,0.0,0.0,0.5,369.2771934841937
0.7,0.0,0.24,0.24,0.0,0.23,0.0,0.09,0.0,0.0,0.0,0.0,0.0,0.0,0.0,0.2,0.0,0.0,0.0,0.0,0.5,391.7336873726993
0.1,0.3,0.1,0.29,0.0,0.0,0.0,0.0,0.0,0.0,0.0,0.0,0.1,0.0,0.27,0.24,0.13,0.31,0.29,0.27,0.5,417.81948828287176
0.5,0.0,0.0,0.0,0.0,0.17,0.0,0.0,0.32,0.26,0.25,0.0,0.0,0.0,0.0,0.0,0.0,0.0,0.0,0.0,0.8,482.7734175666849
0.6,0.5,0.0,0.16,0.0,0.0,0.0,0.16,0.0,0.0,0.0,0.2,0.18,0.0,0.3,0.0,0.0,0.0,0.0,0.0,0.1,492.4912441195262
0.1,0.5,0.2,0.28,0.0,0.0,0.11,0.0,0.0,0.15,0.0,0.0,0.0,0.0,0.0,0.26,0.0,0.0,0.0,0.0,0.7,424.66871631806436
0.5,0.0,0.31,0.22,0.0,0.0,0.0,0.0,0.0,0.0,0.0,0.0,0.0,0.0,0.34,0.13,0.0,0.0,0.0,0.0,0.1,249.43801733446975
0.5,0.4,0.32,0.0,0.0,0.13,0.0,0.0,0.0,0.0,0.29,0.0,0.0,0.26,0.0,0.0,0.0,0.0,0.0,0.0,0.5,458.91792626585686
0.7,0.4,0.13,0.0,0.0,0.0,0.19,0.0,0.12,0.28,0.0,0.0,0.0,0.28,0.0,0.0,0.0,0.0,0.0,0.0,0.1,268.11912920835215
0.3,0.1,0.3,0.0,0.2,0.0,0.0,0.0,0.28,0.0,0.0,0.0,0.0,0.0,0.22,0.0,0.26,0.65,0.42,0.67,0.3,278.56326893186355
0.1,0.3,0.0,0.0,0.28,0.17,0.0,0.0,0.0,0.0,0.22,0.0,0.0,0.33,0.0,0.0,0.16,0.17,0.32,0.35,0.1,510.9179159840568
0.3,0.2,0.0,0.0,0.0,0.24,0.0,0.0,0.0,0.0,0.15,0.15,0.0,0.24,0.0,0.22,0.0,0.0,0.0,0.0,0.2,422.6468492665925
0.7,0.2,0.0,0.25,0.0,0.0,0.0,0.13,0.0,0.0,0.19,0.0,0.0,0.29,0.0,0.14,0.0,0.0,0.0,0.0,0.2,454.2219213177044
0.1,0.1,0.29,0.0,0.27,0.0,0.0,0.16,0.0,0.0,0.28,0.0,0.0,0.0,0.0,0.0,0.61,0.2,0.96,0.23,0.7,473.5684241458058
0.1,0.2,0.0,0.0,0.0,0.38,0.0,0.0,0.0,0.19,0.0,0.0,0.24,0.0,0.19,0.0,0.0,0.0,0.0,0.0,0.7,270.8428571488276
0.6,0.4,0.0,0.0,0.0,0.29,0.0,0.0,0.0,0.0,0.0,0.0,0.16,0.12,0.15,0.2799999999999999,0.0,0.0,0.0,0.0,0.8,493.8045240350352
0.6,0.3,0.0,0.15,0.18,0.0,0.0,0.0,0.0,0.19,0.21,0.0,0.0,0.27,0.0,0.0,0.13,0.3,0.28,0.29,0.6,552.0331652242575
0.1,0.5,0.0,0.12,0.0,0.0,0.0,0.0,0.0,0.2,0.0,0.0,0.21,0.23,0.24,0.0,0.0,0.0,0.0,0.0,0.5,503.6154839087829
0.2,0.5,0.0,0.17,0.0,0.0,0.3,0.24,0.0,0.0,0.0,0.29,0.0,0.0,0.0,0.0,0.0,0.0,0.0,0.0,0.5,273.76695928865263
0.6,0.1,0.0,0.0,0.0,0.0,0.0,0.15,0.0,0.0,0.27,0.2799999999999999,0.0,0.0,0.13,0.17,0.59,0.42,0.45,0.54,0.4,598.6197381434893
0.7,0.4,0.0,0.0,0.0,0.0,0.19,0.0,0.0,0.0,0.0,0.0,0.32,0.0,0.35,0.14,0.0,0.0,0.0,0.0,0.7,426.69686639198903
0.2,0.5,0.0,0.0,0.3,0.0,0.0,0.14,0.0,0.0,0.0,0.28,0.0,0.0,0.28,0.0,0.0,0.0,0.0,0.0,0.7,341.67617717675955
0.4,0.2,0.18,0.0,0.27,0.24,0.31,0.0,0.0,0.0,0.0,0.0,0.0,0.0,0.0,0.0,0.0,0.0,0.0,0.0,0.6,131.39443931659284
0.3,0.1,0.0,0.17,0.0,0.0,0.0,0.24,0.0,0.0,0.0,0.0,0.19,0.22,0.18,0.0,0.43,0.42,0.43,0.72,0.8,451.35366278786177
0.2,0.0,0.0,0.14,0.0,0.0,0.21,0.0,0.19,0.0,0.25,0.0,0.21,0.0,0.0,0.0,0.0,0.0,0.0,0.0,0.5,302.3601633869513
0.7,0.2,0.0,0.23,0.0,0.0,0.0,0.0,0.18,0.0,0.0,0.0,0.0,0.15,0.13,0.31,0.0,0.0,0.0,0.0,0.1,342.1616967594306
0.3,0.1,0.0,0.22,0.17,0.0,0.0,0.0,0.21,0.0,0.0,0.19,0.21,0.0,0.0,0.0,0.21,0.41,0.78,0.6,0.8,441.01612796655064
0.4,0.3,0.0,0.0,0.0,0.13,0.0,0.32,0.0,0.0,0.0,0.0,0.28,0.0,0.27,0.0,0.41,0.3,0.16,0.13,0.1,482.4370362588158
0.5,0.0,0.0,0.0,0.0,0.32,0.18,0.0,0.28,0.22,0.0,0.0,0.0,0.0,0.0,0.0,0.0,0.0,0.0,0.0,0.6,73.5776908332621
0.3,0.5,0.24,0.0,0.0,0.0,0.31,0.0,0.25,0.0,0.2,0.0,0.0,0.0,0.0,0.0,0.0,0.0,0.0,0.0,0.3,171.77506808743888
0.7,0.1,0.0,0.0,0.0,0.3,0.3,0.0,0.0,0.0,0.0,0.0,0.0,0.26,0.14,0.0,0.43,0.42,0.28,0.87,0.7,357.6907684619861
0.5,0.4,0.0,0.19,0.0,0.0,0.0,0.0,0.0,0.17,0.0,0.35,0.0,0.29,0.0,0.0,0.0,0.0,0.0,0.0,0.3,439.1492592557117
0.2,0.4,0.0,0.0,0.0,0.26,0.0,0.22,0.0,0.12,0.21,0.0,0.0,0.0,0.0,0.19,0.0,0.0,0.0,0.0,0.4,416.5733950558106
0.3,0.4,0.26,0.16,0.0,0.0,0.21,0.0,0.0,0.0,0.0,0.0,0.16,0.0,0.0,0.21,0.0,0.0,0.0,0.0,0.4,205.36886256987322
0.4,0.3,0.0,0.14,0.0,0.0,0.12,0.0,0.26,0.19,0.0,0.0,0.0,0.0,0.0,0.29,0.25,0.35,0.19,0.21,0.3,298.2697178068213
0.2,0.1,0.0,0.0,0.0,0.0,0.0,0.0,0.0,0.29,0.13,0.24,0.0,0.0,0.17,0.17,0.74,0.81,0.25,0.2,0.7,403.8245479273079
0.1,0.1,0.0,0.18,0.0,0.0,0.26,0.21,0.0,0.17,0.0,0.0,0.0,0.18,0.0,0.0,0.57,0.49,0.59,0.35,0.6,371.4004263162096
0.1,0.1,0.15,0.0,0.16,0.23,0.0,0.0,0.27,0.0,0.0,0.0,0.19,0.0,0.0,0.0,0.37,0.58,0.35,0.7,0.8,279.89710928631945
0.7,0.5,0.0,0.0,0.19,0.1,0.27,0.0,0.0,0.0,0.24,0.0,0.0,0.0,0.2,0.0,0.0,0.0,0.0,0.0,0.2,403.746897753301
0.4,0.2,0.0,0.0,0.0,0.21,0.0,0.0,0.0,0.25,0.18,0.0,0.0,0.15,0.21,0.0,0.0,0.0,0.0,0.0,0.3,426.68513786314577
0.7,0.0,0.0,0.0,0.0,0.2,0.13,0.13,0.0,0.0,0.0,0.0,0.28,0.26,0.0,0.0,0.0,0.0,0.0,0.0,0.4,353.16185956407
0.4,0.1,0.0,0.0,0.27,0.0,0.0,0.0,0.15,0.0,0.41,0.0,0.0,0.0,0.0,0.17,0.39,0.72,0.58,0.31,0.5,521.1179350837729
0.5,0.3,0.0,0.0,0.24,0.0,0.0,0.0,0.0,0.19,0.3,0.13,0.14,0.0,0.0,0.0,0.13,0.31,0.15,0.41,0.5,544.2172168643568
0.3,0.2,0.0,0.0,0.0,0.21,0.3,0.19,0.0,0.0,0.0,0.0,0.0,0.0,0.0,0.3,0.0,0.0,0.0,0.0,0.6,248.6208075033462
0.4,0.2,0.24,0.0,0.0,0.0,0.0,0.0,0.1,0.0,0.24,0.0,0.21,0.0,0.0,0.21,0.0,0.0,0.0,0.0,0.7,361.17674219181487
0.7,0.4,0.0,0.26,0.0,0.16,0.23,0.0,0.0,0.0,0.0,0.0,0.35,0.0,0.0,0.0,0.0,0.0,0.0,0.0,0.3,374.14367506659005
0.2,0.2,0.0,0.27,0.0,0.0,0.21,0.0,0.0,0.0,0.0,0.2,0.0,0.0,0.17,0.15,0.0,0.0,0.0,0.0,0.6,255.62367149605674
0.6,0.0,0.0,0.21,0.0,0.0,0.0,0.26,0.0,0.16,0.0,0.0,0.0,0.12,0.0,0.25,0.0,0.0,0.0,0.0,0.5,422.7236912542897
0.1,0.0,0.15,0.2,0.0,0.19,0.0,0.0,0.0,0.0,0.0,0.0,0.22,0.24,0.0,0.0,0.0,0.0,0.0,0.0,0.3,265.46260740621307
0.2,0.5,0.0,0.12,0.21,0.0,0.27,0.0,0.0,0.0,0.0,0.0,0.0,0.19,0.21,0.0,0.0,0.0,0.0,0.0,0.5,353.0867613424613
0.4,0.2,0.0,0.0,0.0,0.0,0.15,0.0,0.21,0.0,0.21,0.0,0.3,0.0,0.13,0.0,0.0,0.0,0.0,0.0,0.5,363.0788152156854
0.3,0.2,0.35,0.21,0.0,0.24,0.0,0.0,0.0,0.0,0.2,0.0,0.0,0.0,0.0,0.0,0.0,0.0,0.0,0.0,0.4,366.6426434643847
0.1,0.0,0.0,0.0,0.0,0.24,0.12,0.0,0.29,0.21,0.0,0.0,0.0,0.14,0.0,0.0,0.0,0.0,0.0,0.0,0.7,156.04486876689143
0.5,0.2,0.0,0.26,0.0,0.0,0.0,0.0,0.0,0.21,0.0,0.0,0.0,0.27,0.0,0.26,0.0,0.0,0.0,0.0,0.4,423.4728580610783
0.1,0.1,0.27,0.0,0.0,0.0,0.0,0.0,0.27,0.0,0.3,0.0,0.0,0.16,0.0,0.0,0.24,0.58,0.78,0.4,0.6,411.6613143735994
0.3,0.5,0.0,0.0,0.0,0.0,0.0,0.3,0.0,0.17,0.0,0.15,0.16,0.0,0.0,0.22,0.0,0.0,0.0,0.0,0.8,428.11927819017706
0.7,0.3,0.0,0.21,0.0,0.0,0.0,0.0,0.22,0.0,0.0,0.0,0.24,0.0,0.15,0.18,0.29,0.2,0.24,0.27,0.8,536.0158974581989
0.5,0.2,0.1,0.0,0.0,0.26,0.0,0.17,0.0,0.23,0.0,0.0,0.0,0.24,0.0,0.0,0.0,0.0,0.0,0.0,0.2,320.951431841226
0.3,0.2,0.0,0.18,0.0,0.13,0.0,0.0,0.0,0.0,0.27,0.0,0.19,0.0,0.0,0.23,0.0,0.0,0.0,0.0,0.3,506.4159917814219
0.4,0.2,0.23,0.0,0.0,0.17,0.21,0.21,0.0,0.0,0.0,0.0,0.0,0.0,0.18,0.0,0.0,0.0,0.0,0.0,0.7,305.7788275020741
0.3,0.2,0.0,0.0,0.0,0.0,0.16,0.23,0.0,0.19,0.0,0.0,0.19,0.0,0.23,0.0,0.0,0.0,0.0,0.0,0.8,332.17057774443265
0.1,0.1,0.19,0.0,0.24,0.13,0.0,0.22,0.0,0.0,0.0,0.0,0.0,0.0,0.22,0.0,0.49,0.56,0.61,0.34,0.3,320.2946925860436
0.4,0.2,0.0,0.0,0.17,0.0,0.0,0.0,0.0,0.0,0.0,0.26,0.33,0.24,0.0,0.0,0.0,0.0,0.0,0.0,0.8,383.41516550723907
0.4,0.0,0.24,0.0,0.0,0.24,0.0,0.0,0.16,0.0,0.0,0.0,0.0,0.36,0.0,0.0,0.0,0.0,0.0,0.0,0.1,195.2242822108959
0.4,0.0,0.0,0.0,0.09,0.0,0.0,0.0,0.0,0.0,0.24,0.23,0.19,0.25,0.0,0.0,0.0,0.0,0.0,0.0,0.1,489.1165628280662
0.1,0.2,0.0,0.12,0.0,0.0,0.18,0.15,0.29,0.0,0.0,0.0,0.0,0.26,0.0,0.0,0.0,0.0,0.0,0.0,0.7,253.64607369595896
0.2,0.4,0.26,0.14,0.0,0.0,0.0,0.0,0.2,0.0,0.0,0.19,0.0,0.0,0.21,0.0,0.0,0.0,0.0,0.0,0.1,272.1778650916527
0.1,0.3,0.2799999999999999,0.13,0.18,0.0,0.19,0.0,0.0,0.0,0.0,0.0,0.0,0.0,0.22,0.0,0.13,0.28,0.24,0.35,0.5,275.7981279941898
0.3,0.2,0.0,0.0,0.0,0.19,0.0,0.28,0.0,0.12,0.0,0.0,0.18,0.0,0.0,0.23,0.0,0.0,0.0,0.0,0.5,340.9926171775862
0.1,0.4,0.0,0.0,0.15,0.0,0.0,0.0,0.0,0.0,0.25,0.0,0.0,0.35,0.0,0.25,0.0,0.0,0.0,0.0,0.7,491.0995882545977
0.2,0.0,0.29,0.0,0.0,0.0,0.16,0.0,0.0,0.26,0.0,0.13,0.0,0.0,0.16,0.0,0.0,0.0,0.0,0.0,0.5,104.14722904849188
0.2,0.1,0.0,0.0,0.0,0.0,0.25,0.25,0.0,0.0,0.23,0.0,0.0,0.27,0.0,0.0,0.73,0.44,0.49,0.34,0.6,414.53619869119717
0.5,0.4,0.16,0.0,0.0,0.0,0.0,0.2,0.15,0.33,0.0,0.0,0.16,0.0,0.0,0.0,0.0,0.0,0.0,0.0,0.7,483.418505955479
0.3,0.3,0.0,0.12,0.23,0.0,0.0,0.0,0.12,0.23,0.0,0.0,0.0,0.3,0.0,0.0,0.22,0.26,0.25,0.27,0.7,485.45892623605954
0.2,0.5,0.0,0.0,0.0,0.0,0.21,0.23,0.13,0.0,0.0,0.19,0.0,0.24,0.0,0.0,0.0,0.0,0.0,0.0,0.4,224.72992491578788
0.5,0.0,0.17,0.0,0.0,0.0,0.0,0.0,0.0,0.28,0.12,0.0,0.0,0.0,0.29,0.14,0.0,0.0,0.0,0.0,0.6,329.5481118422636
0.2,0.4,0.0,0.0,0.13,0.18,0.0,0.0,0.21,0.22,0.0,0.0,0.0,0.0,0.26,0.0,0.0,0.0,0.0,0.0,0.4,335.05800765673956
0.5,0.5,0.0,0.0,0.13,0.0,0.0,0.0,0.0,0.27,0.0,0.26,0.0,0.34,0.0,0.0,0.0,0.0,0.0,0.0,0.3,432.08810130377975
0.7,0.5,0.0,0.0,0.0,0.18,0.43,0.0,0.0,0.0,0.0,0.0,0.17,0.22,0.0,0.0,0.0,0.0,0.0,0.0,0.4,210.9578955759362
0.4,0.3,0.28,0.0,0.0,0.22,0.0,0.18,0.0,0.32,0.0,0.0,0.0,0.0,0.0,0.0,0.15,0.25,0.14,0.46,0.3,248.6601993973052
0.6,0.4,0.0,0.0,0.18,0.0,0.0,0.25,0.14,0.0,0.0,0.18,0.0,0.25,0.0,0.0,0.0,0.0,0.0,0.0,0.6,427.46438279733894
0.4,0.2,0.0,0.0,0.0,0.0,0.15,0.0,0.18,0.2,0.17,0.0,0.3,0.0,0.0,0.0,0.0,0.0,0.0,0.0,0.7,374.5271052897279
0.2,0.3,0.0,0.17,0.24,0.22,0.0,0.22,0.0,0.0,0.0,0.0,0.15,0.0,0.0,0.0,0.3,0.36,0.15,0.19,0.3,439.2752316221342
0.7,0.2,0.0,0.0,0.26,0.24,0.0,0.0,0.0,0.0,0.24,0.0,0.26,0.0,0.0,0.0,0.0,0.0,0.0,0.0,0.7,512.4892516116005
0.7,0.0,0.0,0.11,0.0,0.0,0.0,0.0,0.19,0.27,0.0,0.0,0.0,0.17,0.26,0.0,0.0,0.0,0.0,0.0,0.7,372.4913464278838
0.6,0.3,0.0,0.0,0.29,0.0,0.23,0.33,0.15,0.0,0.0,0.0,0.0,0.0,0.0,0.0,0.36,0.22,0.26,0.16,0.8,490.08077811197484
0.6,0.0,0.0,0.0,0.0,0.14,0.0,0.0,0.0,0.39,0.0,0.31,0.0,0.16,0.0,0.0,0.0,0.0,0.0,0.0,0.1,231.59583460127632
0.5,0.2,0.0,0.0,0.0,0.0,0.0,0.0,0.12,0.0,0.24,0.25,0.0,0.0,0.2,0.19,0.0,0.0,0.0,0.0,0.3,480.78686763365215
0.7,0.0,0.0,0.0,0.24,0.0,0.19,0.0,0.0,0.0,0.16,0.0,0.23,0.0,0.0,0.18,0.0,0.0,0.0,0.0,0.4,307.98266086420426
0.5,0.2,0.28,0.0,0.0,0.0,0.0,0.0,0.0,0.0,0.0,0.19,0.13,0.0,0.12,0.28,0.0,0.0,0.0,0.0,0.5,289.9098435612442
0.1,0.5,0.0,0.0,0.0,0.0,0.14,0.29,0.0,0.0,0.0,0.0,0.0,0.26,0.31,0.0,0.0,0.0,0.0,0.0,0.6,470.2827595587141
0.5,0.1,0.0,0.0,0.0,0.0,0.27,0.0,0.0,0.16,0.0,0.3,0.27,0.0,0.0,0.0,0.62,0.57,0.34,0.47,0.3,252.74318867254993
0.2,0.2,0.0,0.0,0.0,0.0,0.0,0.0,0.34,0.0,0.0,0.25,0.15,0.0,0.0,0.26,0.0,0.0,0.0,0.0,0.4,208.48980778002104
0.1,0.2,0.31,0.0,0.0,0.15,0.0,0.0,0.13,0.0,0.0,0.0,0.2,0.0,0.0,0.21,0.0,0.0,0.0,0.0,0.6,248.61783998054688
0.3,0.1,0.0,0.0,0.17,0.23,0.0,0.0,0.0,0.21,0.22,0.0,0.0,0.0,0.17,0.0,0.22,0.7,0.42,0.66,0.6,412.10148585655753
0.7,0.2,0.0,0.13,0.0,0.0,0.31,0.0,0.0,0.0,0.3,0.0,0.26,0.0,0.0,0.0,0.0,0.0,0.0,0.0,0.8,384.5274179339499
0.3,0.1,0.23,0.0,0.0,0.0,0.0,0.13,0.25,0.0,0.0,0.27,0.12,0.0,0.0,0.0,0.3,0.74,0.5,0.46,0.8,381.89735982128116
0.1,0.2,0.26,0.32,0.0,0.25,0.0,0.0,0.0,0.0,0.17,0.0,0.0,0.0,0.0,0.0,0.0,0.0,0.0,0.0,0.3,377.9144408358025
0.4,0.2,0.12,0.16,0.25,0.22,0.0,0.0,0.0,0.0,0.0,0.0,0.0,0.0,0.0,0.25,0.0,0.0,0.0,0.0,0.6,376.4350732558083
0.6,0.2,0.0,0.0,0.35,0.0,0.24,0.0,0.2,0.0,0.0,0.0,0.0,0.21,0.0,0.0,0.0,0.0,0.0,0.0,0.7,230.055950174849
0.2,0.1,0.0,0.0,0.0,0.15,0.0,0.29,0.21,0.14,0.0,0.0,0.0,0.0,0.0,0.21,0.84,0.44,0.32,0.4,0.3,278.2559287303592
0.5,0.5,0.28,0.25,0.0,0.0,0.0,0.26,0.0,0.0,0.0,0.0,0.0,0.21,0.0,0.0,0.0,0.0,0.0,0.0,0.1,400.8719505779057
0.7,0.1,0.0,0.36,0.27,0.0,0.0,0.0,0.0,0.0,0.0,0.22,0.0,0.0,0.15,0.0,0.35,0.58,0.57,0.5,0.7,531.6947536451561
0.2,0.4,0.0,0.28,0.23,0.0,0.0,0.0,0.23,0.26,0.0,0.0,0.0,0.0,0.0,0.0,0.0,0.0,0.0,0.0,0.8,520.9078535691926
0.4,0.0,0.16,0.0,0.0,0.0,0.0,0.0,0.0,0.0,0.0,0.0,0.26,0.21,0.14,0.23,0.0,0.0,0.0,0.0,0.3,269.9279066809485
0.4,0.3,0.0,0.0,0.0,0.0,0.0,0.21,0.0,0.25,0.0,0.0,0.2,0.23,0.0,0.11,0.23,0.27,0.27,0.23,0.6,440.79009796980546
0.7,0.3,0.23,0.0,0.24,0.0,0.0,0.0,0.24,0.0,0.0,0.0,0.0,0.18,0.11,0.0,0.39,0.33,0.15,0.13,0.8,415.62321945606334
0.5,0.4,0.15,0.2,0.0,0.0,0.0,0.0,0.0,0.28,0.0,0.0,0.16,0.0,0.21,0.0,0.0,0.0,0.0,0.0,0.5,456.6274382145175
0.5,0.5,0.0,0.0,0.0,0.17,0.0,0.0,0.0,0.0,0.0,0.23,0.29,0.31,0.0,0.0,0.0,0.0,0.0,0.0,0.1,453.56772496982757
0.7,0.5,0.0,0.0,0.0,0.13,0.0,0.0,0.0,0.0,0.2,0.26,0.0,0.23,0.18,0.0,0.0,0.0,0.0,0.0,0.6,622.1065720156076
0.5,0.5,0.0,0.32,0.0,0.34,0.16,0.0,0.0,0.0,0.0,0.0,0.0,0.18,0.0,0.0,0.0,0.0,0.0,0.0,0.2,387.4923413376849
0.3,0.4,0.12,0.0,0.0,0.2,0.28,0.0,0.0,0.0,0.0,0.0,0.22,0.18,0.0,0.0,0.0,0.0,0.0,0.0,0.2,163.7969674037221
0.6,0.5,0.0,0.34,0.0,0.12,0.0,0.0,0.23,0.31,0.0,0.0,0.0,0.0,0.0,0.0,0.0,0.0,0.0,0.0,0.8,590.3168474013395
0.1,0.2,0.0,0.0,0.0,0.17,0.26,0.17,0.17,0.0,0.0,0.0,0.0,0.23,0.0,0.0,0.0,0.0,0.0,0.0,0.3,195.860408232162
0.4,0.4,0.0,0.21,0.27,0.13,0.0,0.0,0.0,0.0,0.0,0.0,0.17,0.0,0.22,0.0,0.0,0.0,0.0,0.0,0.2,470.9343113484005
0.6,0.3,0.0,0.0,0.0,0.3,0.0,0.0,0.0,0.3,0.0,0.0,0.17,0.23,0.0,0.0,0.35,0.09,0.22,0.34,0.1,362.74588705756395
0.4,0.2,0.0,0.0,0.0,0.0,0.28,0.0,0.22,0.2,0.19,0.0,0.0,0.11,0.0,0.0,0.0,0.0,0.0,0.0,0.6,321.7992468859528
0.5,0.0,0.0,0.0,0.0,0.12,0.0,0.15,0.0,0.0,0.0,0.2,0.24,0.29,0.0,0.0,0.0,0.0,0.0,0.0,0.4,351.2809964983837
0.4,0.5,0.0,0.21,0.0,0.21,0.24,0.0,0.23,0.0,0.0,0.0,0.0,0.11,0.0,0.0,0.0,0.0,0.0,0.0,0.7,281.44466230283405
0.5,0.1,0.34,0.0,0.17,0.0,0.0,0.3399999999999999,0.0,0.0,0.0,0.0,0.0,0.0,0.0,0.15,0.25,0.69,0.44,0.62,0.1,447.8351360129809
0.6,0.3,0.0,0.0,0.33,0.0,0.16,0.27,0.0,0.0,0.0,0.24,0.0,0.0,0.0,0.0,0.16,0.33,0.24,0.27,0.8,487.26258654229855
0.5,0.2,0.0,0.0,0.23,0.0,0.37,0.0,0.24,0.0,0.0,0.0,0.0,0.0,0.0,0.16,0.0,0.0,0.0,0.0,0.4,61.517957760340394
0.3,0.1,0.0,0.0,0.0,0.0,0.0,0.21,0.14,0.0,0.0,0.26,0.12,0.27,0.0,0.0,0.36,0.86,0.5,0.28,0.3,385.59991640075503
0.3,0.1,0.25,0.0,0.0,0.0,0.15,0.0,0.0,0.0,0.0,0.29,0.31,0.0,0.0,0.0,0.45,0.47,0.43,0.65,0.6,366.6467689532579
0.2,0.3,0.32,0.17,0.0,0.0,0.33,0.0,0.18,0.0,0.0,0.0,0.0,0.0,0.0,0.0,0.3,0.09,0.33,0.28,0.7,255.72798609103373
0.6,0.3,0.25,0.0,0.0,0.0,0.0,0.0,0.0,0.0,0.29,0.0,0.0,0.26,0.2,0.0,0.37,0.36,0.09,0.18,0.5,501.656464730971
0.2,0.0,0.0,0.0,0.0,0.0,0.0,0.0,0.0,0.38,0.26,0.2,0.0,0.0,0.0,0.16,0.0,0.0,0.0,0.0,0.8,500.67322931725903
0.3,0.1,0.3,0.0,0.36,0.0,0.0,0.0,0.0,0.0,0.21,0.0,0.0,0.13,0.0,0.0,0.69,0.63,0.35,0.33,0.5,381.1147482432737
0.1,0.3,0.25,0.0,0.21,0.0,0.11,0.28,0.0,0.0,0.0,0.0,0.0,0.0,0.0,0.15,0.25,0.48,0.15,0.12,0.8,443.45835418666536
0.1,0.1,0.0,0.24,0.0,0.0,0.12,0.29,0.0,0.0,0.0,0.25,0.0,0.0,0.0,0.1,0.63,0.6,0.37,0.4,0.6,298.80079425101025
0.6,0.0,0.31,0.0,0.23,0.0,0.0,0.0,0.0,0.0,0.0,0.27,0.0,0.19,0.0,0.0,0.0,0.0,0.0,0.0,0.5,323.9555180244433
0.7,0.2,0.0,0.23,0.22,0.0,0.2,0.26,0.0,0.0,0.0,0.09,0.0,0.0,0.0,0.0,0.0,0.0,0.0,0.0,0.6,409.7429498443793
0.4,0.1,0.0,0.0,0.0,0.0,0.0,0.0,0.13,0.0,0.0,0.26,0.18,0.0,0.18,0.25,0.6,0.52,0.45,0.43,0.4,421.1905521142698
0.5,0.2,0.0,0.24,0.0,0.18,0.0,0.0,0.0,0.21,0.16,0.0,0.21,0.0,0.0,0.0,0.0,0.0,0.0,0.0,0.6,483.8100992440798
0.6,0.1,0.0,0.22,0.0,0.26,0.0,0.0,0.0,0.21,0.17,0.0,0.14,0.0,0.0,0.0,0.8,0.25,0.32,0.63,0.6,474.2363421006607
0.5,0.1,0.0,0.21,0.0,0.0,0.23,0.0,0.0,0.0,0.0,0.0,0.3,0.26,0.0,0.0,0.37,0.55,0.55,0.53,0.2,402.5854550258248
0.7,0.2,0.0,0.0,0.0,0.29,0.27,0.0,0.0,0.0,0.24,0.0,0.0,0.0,0.0,0.2,0.0,0.0,0.0,0.0,0.7,328.9926368228146
0.5,0.4,0.0,0.0,0.23,0.0,0.22,0.0,0.23,0.0,0.0,0.0,0.0,0.0,0.32,0.0,0.0,0.0,0.0,0.0,0.5,258.16216596581484
0.3,0.0,0.0,0.25,0.13,0.21,0.0,0.0,0.22,0.0,0.0,0.0,0.0,0.0,0.19,0.0,0.0,0.0,0.0,0.0,0.3,271.8864131806567
0.7,0.2,0.24,0.0,0.0,0.14,0.0,0.0,0.22,0.0,0.23,0.0,0.0,0.0,0.17,0.0,0.0,0.0,0.0,0.0,0.5,436.00050425772645
0.6,0.2,0.0,0.0,0.15,0.19,0.0,0.0,0.0,0.0,0.22,0.0,0.25,0.19,0.0,0.0,0.0,0.0,0.0,0.0,0.3,458.94797142158126
0.5,0.1,0.0,0.0,0.0,0.16,0.18,0.0,0.0,0.0,0.15,0.18,0.33,0.0,0.0,0.0,0.62,0.51,0.68,0.19,0.1,431.48633917860315
0.2,0.4,0.2,0.0,0.0,0.0,0.0,0.0,0.26,0.0,0.36,0.0,0.0,0.0,0.18,0.0,0.0,0.0,0.0,0.0,0.5,486.8839425655827
0.3,0.0,0.29,0.26,0.0,0.0,0.23,0.0,0.0,0.0,0.0,0.22,0.0,0.0,0.0,0.0,0.0,0.0,0.0,0.0,0.8,160.5160924449196
0.4,0.5,0.15,0.24,0.0,0.0,0.2,0.0,0.0,0.0,0.0,0.0,0.23,0.0,0.18,0.0,0.0,0.0,0.0,0.0,0.2,331.5834688628143
0.4,0.4,0.0,0.23,0.15,0.0,0.0,0.22,0.0,0.0,0.0,0.0,0.2,0.0,0.0,0.2,0.0,0.0,0.0,0.0,0.5,444.28243092051656
0.6,0.4,0.0,0.0,0.0,0.28,0.0,0.0,0.0,0.35,0.0,0.17,0.2,0.0,0.0,0.0,0.0,0.0,0.0,0.0,0.2,317.3146105148776
0.3,0.1,0.0,0.0,0.0,0.0,0.0,0.26,0.21,0.0,0.17,0.0,0.0,0.0,0.0,0.36,0.49,0.69,0.58,0.24,0.4,406.45360480963177
0.3,0.2,0.0,0.0,0.0,0.0,0.0,0.22,0.0,0.27,0.25,0.26,0.0,0.0,0.0,0.0,0.0,0.0,0.0,0.0,0.6,479.16669181670176
0.2,0.4,0.0,0.0,0.0,0.0,0.21,0.0,0.16,0.0,0.0,0.0,0.24,0.0,0.24,0.15,0.0,0.0,0.0,0.0,0.7,279.36758117728493
0.1,0.4,0.28,0.0,0.0,0.0,0.28,0.0,0.0,0.0,0.0,0.0,0.22,0.22,0.0,0.0,0.0,0.0,0.0,0.0,0.1,124.95542105827491
0.5,0.5,0.14,0.0,0.0,0.15,0.0,0.0,0.34,0.0,0.2,0.0,0.0,0.17,0.0,0.0,0.0,0.0,0.0,0.0,0.7,459.5638299102428
0.3,0.4,0.0,0.0,0.0,0.13,0.0,0.0,0.19,0.0,0.0,0.0,0.0,0.27,0.25,0.16,0.0,0.0,0.0,0.0,0.3,361.69515441699235
0.2,0.2,0.44,0.18,0.0,0.0,0.0,0.0,0.0,0.0,0.0,0.0,0.16,0.0,0.22,0.0,0.0,0.0,0.0,0.0,0.5,274.45348928207886
0.3,0.5,0.0,0.0,0.0,0.28,0.0,0.0,0.15,0.23,0.15,0.0,0.0,0.19,0.0,0.0,0.0,0.0,0.0,0.0,0.5,445.2097246116952
0.7,0.2,0.0,0.0,0.0,0.0,0.27,0.18,0.17,0.24,0.0,0.0,0.0,0.0,0.0,0.14,0.0,0.0,0.0,0.0,0.7,360.5118644106623
0.3,0.3,0.0,0.2,0.0,0.15,0.25,0.0,0.0,0.0,0.15,0.0,0.0,0.0,0.25,0.0,0.17,0.29,0.27,0.27,0.5,420.63361767765883
0.5,0.2,0.0,0.2,0.0,0.0,0.0,0.0,0.27,0.11,0.0,0.15,0.0,0.0,0.27,0.0,0.0,0.0,0.0,0.0,0.2,355.9503512405409
0.2,0.3,0.32,0.0,0.0,0.0,0.0,0.21,0.0,0.0,0.29,0.0,0.0,0.18,0.0,0.0,0.25,0.23,0.27,0.25,0.5,389.7268581035468
0.7,0.3,0.0,0.0,0.22,0.0,0.0,0.26,0.0,0.26,0.0,0.0,0.26,0.0,0.0,0.0,0.32,0.11,0.33,0.24,0.6,532.9325901612606
0.4,0.4,0.3,0.0,0.0,0.31,0.0,0.0,0.0,0.0,0.15,0.24,0.0,0.0,0.0,0.0,0.0,0.0,0.0,0.0,0.8,433.58484029467746
0.6,0.4,0.29,0.0,0.28,0.0,0.24,0.0,0.19,0.0,0.0,0.0,0.0,0.0,0.0,0.0,0.0,0.0,0.0,0.0,0.6,211.03431633194486
0.4,0.0,0.0,0.0,0.0,0.0,0.0,0.26,0.0,0.0,0.35,0.0,0.16,0.0,0.23,0.0,0.0,0.0,0.0,0.0,0.5,497.19338948837935
0.4,0.3,0.0,0.0,0.0,0.3,0.0,0.0,0.0,0.0,0.0,0.25,0.2,0.25,0.0,0.0,0.26,0.25,0.23,0.26,0.3,445.98242935176575
0.5,0.3,0.0,0.14,0.0,0.22,0.0,0.0,0.0,0.0,0.0,0.19,0.0,0.0,0.15,0.3,0.39,0.25,0.18,0.18,0.5,486.25499007916875
0.4,0.1,0.0,0.0,0.0,0.0,0.3,0.3,0.24,0.16,0.0,0.0,0.0,0.0,0.0,0.0,0.59,0.51,0.59,0.31,0.5,323.36143819180114
0.4,0.0,0.0,0.0,0.0,0.0,0.0,0.2,0.29,0.0,0.2,0.31,0.0,0.0,0.0,0.0,0.0,0.0,0.0,0.0,0.6,414.03644634705034
0.7,0.5,0.0,0.0,0.0,0.0,0.0,0.12,0.0,0.0,0.26,0.15,0.26,0.0,0.21,0.0,0.0,0.0,0.0,0.0,0.6,621.0590728040439
0.5,0.3,0.0,0.2,0.0,0.0,0.0,0.0,0.19,0.0,0.0,0.23,0.0,0.0,0.0,0.38,0.38,0.15,0.35,0.12,0.6,446.28910215285225
0.5,0.4,0.0,0.0,0.0,0.0,0.0,0.27,0.0,0.0,0.0,0.24,0.22,0.0,0.27,0.0,0.0,0.0,0.0,0.0,0.8,416.0801203173224
0.3,0.2,0.0,0.0,0.0,0.23,0.22,0.25,0.0,0.0,0.0,0.0,0.3,0.0,0.0,0.0,0.0,0.0,0.0,0.0,0.7,361.4798729632461
0.5,0.5,0.0,0.25,0.0,0.0,0.0,0.21,0.0,0.0,0.0,0.17,0.0,0.24,0.13,0.0,0.0,0.0,0.0,0.0,0.6,467.8046914230041
0.6,0.2,0.0,0.29,0.28,0.0,0.0,0.0,0.0,0.0,0.0,0.0,0.18,0.0,0.0,0.25,0.0,0.0,0.0,0.0,0.6,442.87805550942363
0.6,0.1,0.0,0.0,0.3,0.16,0.19,0.0,0.21,0.0,0.0,0.0,0.0,0.14,0.0,0.0,0.6,0.3,0.65,0.45,0.1,283.1136020754296
0.7,0.3,0.0,0.23,0.0,0.0,0.0,0.24,0.0,0.29,0.0,0.0,0.0,0.0,0.0,0.24,0.32,0.13,0.15,0.4,0.2,406.27711275167985
0.1,0.1,0.0,0.22,0.0,0.29,0.22,0.0,0.0,0.0,0.0,0.0,0.0,0.0,0.16,0.11,0.46,0.33,0.66,0.55,0.5,352.76678387469093
0.7,0.1,0.18,0.0,0.11,0.22,0.28,0.0,0.0,0.0,0.0,0.0,0.21,0.0,0.0,0.0,0.39,0.22,0.78,0.61,0.1,299.10625697512006
0.2,0.2,0.0,0.26,0.17,0.0,0.0,0.0,0.0,0.0,0.3399999999999999,0.0,0.0,0.0,0.23,0.0,0.0,0.0,0.0,0.0,0.1,462.1695820149299
0.4,0.0,0.26,0.0,0.0,0.0,0.29,0.0,0.0,0.2,0.0,0.0,0.0,0.0,0.25,0.0,0.0,0.0,0.0,0.0,0.1,71.16827666003496
0.4,0.4,0.3,0.31,0.0,0.0,0.0,0.12,0.0,0.0,0.0,0.15,0.0,0.0,0.12,0.0,0.0,0.0,0.0,0.0,0.4,388.3358599880159
0.4,0.1,0.0,0.28,0.0,0.17,0.19,0.0,0.0,0.0,0.0,0.0,0.0,0.36,0.0,0.0,0.43,0.62,0.31,0.64,0.7,451.7132524866552
0.6,0.3,0.0,0.0,0.22,0.0,0.0,0.3,0.0,0.0,0.21,0.0,0.27,0.0,0.0,0.0,0.31,0.26,0.18,0.25,0.7,582.4061961607326
0.6,0.5,0.32,0.0,0.0,0.14,0.0,0.0,0.0,0.0,0.0,0.0,0.36,0.18,0.0,0.0,0.0,0.0,0.0,0.0,0.6,493.4788358250398
0.1,0.1,0.0,0.0,0.23,0.0,0.0,0.0,0.32,0.0,0.0,0.25,0.0,0.2,0.0,0.0,0.43,0.45,0.65,0.47,0.4,329.4359300061136
0.4,0.3,0.0,0.29,0.0,0.0,0.21,0.0,0.0,0.12,0.25,0.0,0.13,0.0,0.0,0.0,0.18,0.2,0.32,0.3,0.5,473.4084714999883
0.7,0.1,0.0,0.0,0.14,0.0,0.0,0.0,0.0,0.25,0.0,0.0,0.15,0.0,0.23,0.23,0.58,0.55,0.51,0.36,0.5,408.27945627318303
0.5,0.3,0.0,0.0,0.0,0.0,0.0,0.27,0.0,0.0,0.14,0.0,0.23,0.36,0.0,0.0,0.31,0.1,0.31,0.28,0.8,563.722749232554
0.5,0.4,0.0,0.0,0.13,0.27,0.0,0.0,0.0,0.0,0.0,0.28,0.0,0.32,0.0,0.0,0.0,0.0,0.0,0.0,0.2,403.7018008459335
0.1,0.2,0.3,0.0,0.0,0.0,0.0,0.23,0.0,0.19,0.0,0.0,0.0,0.0,0.0,0.28,0.0,0.0,0.0,0.0,0.1,287.7519841933878
0.7,0.5,0.0,0.24,0.0,0.0,0.24,0.0,0.0,0.11,0.0,0.29,0.0,0.12,0.0,0.0,0.0,0.0,0.0,0.0,0.3,313.9833689637178
0.4,0.5,0.0,0.0,0.23,0.0,0.0,0.18,0.0,0.29,0.11,0.0,0.0,0.0,0.19,0.0,0.0,0.0,0.0,0.0,0.2,496.25836339317027
0.4,0.1,0.12,0.18,0.0,0.0,0.31,0.0,0.0,0.0,0.14,0.0,0.0,0.0,0.25,0.0,0.67,0.47,0.3,0.56,0.4,313.12744230722944
0.4,0.2,0.13,0.28,0.0,0.0,0.0,0.14,0.19,0.26,0.0,0.0,0.0,0.0,0.0,0.0,0.0,0.0,0.0,0.0,0.3,382.49106236784985
0.3,0.5,0.0,0.26,0.0,0.0,0.0,0.0,0.15,0.15,0.24,0.0,0.0,0.2,0.0,0.0,0.0,0.0,0.0,0.0,0.1,561.2733779686641
0.5,0.4,0.0,0.0,0.0,0.0,0.0,0.0,0.0,0.17,0.0,0.3399999999999999,0.0,0.0,0.28,0.21,0.0,0.0,0.0,0.0,0.8,375.745913051845
0.6,0.5,0.0,0.0,0.21,0.0,0.21,0.22,0.0,0.0,0.16,0.0,0.0,0.2,0.0,0.0,0.0,0.0,0.0,0.0,0.3,420.3415175277529
0.3,0.5,0.0,0.0,0.0,0.0,0.13,0.0,0.23,0.0,0.18,0.22,0.24,0.0,0.0,0.0,0.0,0.0,0.0,0.0,0.3,329.1760115987771
0.2,0.2,0.0,0.0,0.0,0.28,0.0,0.0,0.29,0.0,0.0,0.0,0.0,0.28,0.15,0.0,0.0,0.0,0.0,0.0,0.3,233.1841485763431
0.3,0.0,0.16,0.36,0.0,0.0,0.0,0.0,0.18,0.14,0.0,0.0,0.16,0.0,0.0,0.0,0.0,0.0,0.0,0.0,0.6,310.02776812631265
0.3,0.0,0.0,0.0,0.0,0.2,0.0,0.21,0.0,0.27,0.0,0.0,0.0,0.0,0.0,0.32,0.0,0.0,0.0,0.0,0.4,274.8453353078922
0.1,0.5,0.15,0.0,0.0,0.2,0.0,0.0,0.0,0.21,0.0,0.0,0.0,0.17,0.27,0.0,0.0,0.0,0.0,0.0,0.7,414.8030089285951
0.7,0.2,0.0,0.0,0.0,0.0,0.17,0.0,0.0,0.0,0.0,0.36,0.0,0.31,0.16,0.0,0.0,0.0,0.0,0.0,0.6,245.26119373645133
0.1,0.2,0.31,0.0,0.0,0.0,0.0,0.0,0.28,0.0,0.0,0.11,0.3,0.0,0.0,0.0,0.0,0.0,0.0,0.0,0.3,227.13246191059386
0.7,0.1,0.0,0.0,0.0,0.21,0.23,0.23,0.0,0.0,0.0,0.0,0.0,0.13,0.0,0.2,0.32,0.61,0.46,0.61,0.4,463.6180310966673
0.2,0.2,0.0,0.31,0.0,0.3,0.0,0.13,0.0,0.0,0.26,0.0,0.0,0.0,0.0,0.0,0.0,0.0,0.0,0.0,0.5,576.8627876409298
0.2,0.5,0.0,0.2,0.25,0.0,0.17,0.0,0.0,0.17,0.0,0.0,0.0,0.0,0.21,0.0,0.0,0.0,0.0,0.0,0.8,461.544592553068
0.3,0.0,0.0,0.21,0.0,0.2,0.35,0.0,0.0,0.0,0.0,0.0,0.24,0.0,0.0,0.0,0.0,0.0,0.0,0.0,0.1,145.05258513891727
0.7,0.4,0.0,0.0,0.0,0.25,0.22,0.19,0.0,0.0,0.0,0.15,0.19,0.0,0.0,0.0,0.0,0.0,0.0,0.0,0.8,402.6522212320999
0.1,0.5,0.16,0.0,0.13,0.0,0.0,0.0,0.0,0.27,0.0,0.16,0.0,0.0,0.2799999999999999,0.0,0.0,0.0,0.0,0.0,0.3,328.4893329161088
0.7,0.2,0.22,0.22,0.36,0.0,0.0,0.0,0.2,0.0,0.0,0.0,0.0,0.0,0.0,0.0,0.0,0.0,0.0,0.0,0.6,408.5728586002196
0.5,0.4,0.0,0.0,0.2,0.0,0.25,0.1,0.0,0.0,0.21,0.0,0.0,0.0,0.24,0.0,0.0,0.0,0.0,0.0,0.7,384.11930947166803
0.4,0.2,0.15,0.0,0.0,0.0,0.0,0.32,0.0,0.0,0.0,0.32,0.0,0.21,0.0,0.0,0.0,0.0,0.0,0.0,0.8,383.73974584638563
0.6,0.1,0.0,0.0,0.0,0.15,0.0,0.31,0.0,0.0,0.0,0.0,0.38,0.0,0.16,0.0,0.29,0.33,0.45,0.93,0.4,549.7413097921657
0.4,0.4,0.0,0.23,0.0,0.25,0.0,0.0,0.0,0.16,0.0,0.18,0.18,0.0,0.0,0.0,0.0,0.0,0.0,0.0,0.4,429.4945305113017
0.7,0.5,0.0,0.0,0.22,0.0,0.0,0.14,0.0,0.26,0.38,0.0,0.0,0.0,0.0,0.0,0.0,0.0,0.0,0.0,0.2,555.8536865199869
0.7,0.2,0.27,0.14,0.0,0.15,0.0,0.31,0.0,0.0,0.0,0.13,0.0,0.0,0.0,0.0,0.0,0.0,0.0,0.0,0.8,534.0711265439519
0.6,0.4,0.0,0.0,0.29,0.34,0.0,0.0,0.0,0.18,0.0,0.0,0.19,0.0,0.0,0.0,0.0,0.0,0.0,0.0,0.6,426.7243879690905
0.2,0.2,0.0,0.0,0.0,0.0,0.32,0.0,0.32,0.0,0.16,0.0,0.2,0.0,0.0,0.0,0.0,0.0,0.0,0.0,0.1,139.0820401207232
0.6,0.5,0.0,0.0,0.27,0.0,0.15,0.0,0.0,0.31,0.0,0.0,0.0,0.0,0.27,0.0,0.0,0.0,0.0,0.0,0.5,431.0728967736278
0.1,0.0,0.21,0.26,0.0,0.0,0.0,0.18,0.14,0.0,0.0,0.0,0.21,0.0,0.0,0.0,0.0,0.0,0.0,0.0,0.4,309.2376477459199
0.1,0.4,0.0,0.0,0.0,0.18,0.28,0.0,0.0,0.0,0.0,0.0,0.24,0.0,0.0,0.3,0.0,0.0,0.0,0.0,0.1,160.71452218307562
0.3,0.4,0.0,0.0,0.0,0.0,0.0,0.0,0.23,0.0,0.0,0.0,0.36,0.0,0.26,0.15,0.0,0.0,0.0,0.0,0.4,377.49584761470106
0.7,0.4,0.0,0.14,0.0,0.0,0.0,0.22,0.0,0.16,0.0,0.24,0.0,0.0,0.0,0.24,0.0,0.0,0.0,0.0,0.3,379.13643840790434
0.5,0.4,0.27,0.0,0.33,0.0,0.0,0.0,0.0,0.0,0.0,0.2,0.0,0.0,0.0,0.2,0.0,0.0,0.0,0.0,0.5,388.91908987773365
0.2,0.2,0.22,0.21,0.0,0.25,0.0,0.0,0.0,0.0,0.0,0.0,0.0,0.32,0.0,0.0,0.0,0.0,0.0,0.0,0.8,365.85124858474717
0.5,0.0,0.0,0.0,0.2,0.25,0.0,0.0,0.21,0.0,0.0,0.0,0.34,0.0,0.0,0.0,0.0,0.0,0.0,0.0,0.5,298.13882347887557
0.7,0.5,0.16,0.0,0.0,0.19,0.0,0.0,0.0,0.27,0.0,0.0,0.1,0.0,0.0,0.28,0.0,0.0,0.0,0.0,0.4,427.6527953016167
0.6,0.5,0.0,0.21,0.25,0.0,0.0,0.0,0.0,0.0,0.0,0.0,0.21,0.2,0.13,0.0,0.0,0.0,0.0,0.0,0.1,527.4123910999315
0.5,0.3,0.0,0.0,0.25,0.27,0.0,0.0,0.13,0.0,0.0,0.0,0.25,0.0,0.1,0.0,0.25,0.27,0.21,0.27,0.1,369.47221455314275
0.4,0.2,0.0,0.0,0.0,0.0,0.25,0.0,0.0,0.0,0.2,0.0,0.0,0.31,0.24,0.0,0.0,0.0,0.0,0.0,0.4,306.4133381010063
0.2,0.5,0.24,0.24,0.0,0.0,0.0,0.0,0.0,0.0,0.0,0.17,0.0,0.21,0.14,0.0,0.0,0.0,0.0,0.0,0.4,400.04955875707833
0.7,0.4,0.34,0.0,0.0,0.16,0.0,0.0,0.0,0.0,0.0,0.0,0.0,0.16,0.0,0.34,0.0,0.0,0.0,0.0,0.1,320.81751968925226
0.7,0.0,0.21,0.19,0.0,0.0,0.0,0.0,0.0,0.0,0.15,0.0,0.0,0.12,0.0,0.33,0.0,0.0,0.0,0.0,0.1,302.0442556316119
0.6,0.5,0.0,0.22,0.0,0.26,0.0,0.0,0.18,0.34,0.0,0.0,0.0,0.0,0.0,0.0,0.0,0.0,0.0,0.0,0.8,507.1740679840133
0.3,0.1,0.0,0.0,0.31,0.0,0.2,0.0,0.0,0.0,0.0,0.0,0.0,0.27,0.22,0.0,0.47,0.66,0.19,0.68,0.1,268.42382910787893
0.6,0.3,0.22,0.2,0.0,0.15,0.0,0.26,0.0,0.0,0.0,0.17,0.0,0.0,0.0,0.0,0.16,0.23,0.26,0.35,0.1,470.4804811643496
0.7,0.0,0.0,0.0,0.0,0.0,0.23,0.0,0.0,0.21,0.0,0.09,0.23,0.24,0.0,0.0,0.0,0.0,0.0,0.0,0.6,254.02828633300183
0.3,0.0,0.19,0.0,0.23,0.0,0.22,0.0,0.22,0.0,0.0,0.14,0.0,0.0,0.0,0.0,0.0,0.0,0.0,0.0,0.1,-6.256338738749792
0.6,0.1,0.0,0.0,0.22,0.0,0.0,0.24,0.0,0.0,0.19,0.24,0.11,0.0,0.0,0.0,0.42,0.4,0.33,0.85,0.1,588.5436102848971
0.2,0.1,0.0,0.0,0.3,0.26,0.0,0.15,0.0,0.0,0.0,0.14,0.0,0.15,0.0,0.0,0.39,0.31,0.55,0.75,0.6,428.3803895543125
0.3,0.3,0.0,0.3,0.0,0.12,0.0,0.0,0.0,0.0,0.14,0.13,0.31,0.0,0.0,0.0,0.29,0.25,0.34,0.12,0.1,594.0018441565416
0.5,0.0,0.0,0.0,0.0,0.26,0.0,0.0,0.0,0.0,0.27,0.0,0.17,0.0,0.0,0.3,0.0,0.0,0.0,0.0,0.7,436.88276804986015
0.4,0.4,0.0,0.0,0.0,0.25,0.0,0.0,0.0,0.2,0.0,0.27,0.0,0.0,0.2799999999999999,0.0,0.0,0.0,0.0,0.0,0.5,350.68850266974727
0.5,0.5,0.0,0.0,0.0,0.0,0.0,0.0,0.17,0.0,0.0,0.0,0.15,0.18,0.28,0.22,0.0,0.0,0.0,0.0,0.4,411.1366902418269
0.5,0.0,0.28,0.0,0.0,0.0,0.0,0.34,0.15,0.0,0.0,0.0,0.23,0.0,0.0,0.0,0.0,0.0,0.0,0.0,0.4,408.8237152367279
0.6,0.4,0.2,0.0,0.0,0.0,0.0,0.23,0.0,0.0,0.2,0.0,0.37,0.0,0.0,0.0,0.0,0.0,0.0,0.0,0.2,429.75709689487417
0.6,0.5,0.0,0.1,0.24,0.0,0.2299999999999999,0.0,0.0,0.2,0.0,0.0,0.0,0.23,0.0,0.0,0.0,0.0,0.0,0.0,0.3,422.8596933711393
0.1,0.1,0.0,0.0,0.0,0.0,0.19,0.0,0.0,0.35,0.0,0.32,0.14,0.0,0.0,0.0,0.47,0.43,0.59,0.51,0.2,202.45976753910506
0.6,0.0,0.0,0.0,0.0,0.0,0.0,0.0,0.0,0.24,0.0,0.0,0.26,0.25,0.25,0.0,0.0,0.0,0.0,0.0,0.3,326.82507667540165
0.1,0.3,0.0,0.0,0.0,0.0,0.31,0.31,0.26,0.12,0.0,0.0,0.0,0.0,0.0,0.0,0.24,0.29,0.25,0.22,0.3,268.50994800715887
0.3,0.5,0.0,0.0,0.2,0.39,0.0,0.19,0.0,0.0,0.0,0.0,0.0,0.0,0.0,0.22,0.0,0.0,0.0,0.0,0.6,428.93872369731423
0.1,0.5,0.0,0.0,0.0,0.0,0.0,0.19,0.21,0.2,0.0,0.0,0.19,0.0,0.0,0.21,0.0,0.0,0.0,0.0,0.1,323.5245956121014
0.1,0.0,0.0,0.23,0.27,0.0,0.0,0.0,0.0,0.0,0.18,0.0,0.16,0.0,0.16,0.0,0.0,0.0,0.0,0.0,0.4,320.2570602048261
0.5,0.5,0.0,0.0,0.0,0.0,0.0,0.0,0.25,0.16,0.0,0.18,0.0,0.2,0.21,0.0,0.0,0.0,0.0,0.0,0.7,421.51287326351485
0.3,0.4,0.0,0.0,0.0,0.26,0.0,0.26,0.0,0.0,0.0,0.21,0.0,0.27,0.0,0.0,0.0,0.0,0.0,0.0,0.5,409.16619693152427
0.1,0.3,0.23,0.0,0.16,0.0,0.25,0.18,0.0,0.18,0.0,0.0,0.0,0.0,0.0,0.0,0.36,0.32,0.15,0.17,0.4,298.8899733276177
0.4,0.5,0.22,0.14,0.0,0.0,0.0,0.23,0.17,0.0,0.0,0.24,0.0,0.0,0.0,0.0,0.0,0.0,0.0,0.0,0.4,372.4424468136062
0.5,0.4,0.21,0.22,0.0,0.0,0.0,0.0,0.0,0.17,0.0,0.28,0.0,0.12,0.0,0.0,0.0,0.0,0.0,0.0,0.1,335.3076294815645
0.4,0.1,0.0,0.15,0.12,0.0,0.0,0.0,0.0,0.0,0.0,0.0,0.15,0.29,0.0,0.29,0.38,0.68,0.43,0.51,0.8,474.3666381043473
0.3,0.5,0.0,0.0,0.0,0.0,0.0,0.17,0.0,0.25,0.0,0.35,0.0,0.0,0.0,0.23,0.0,0.0,0.0,0.0,0.6,352.6792140883386
0.6,0.3,0.0,0.13,0.0,0.0,0.0,0.21,0.0,0.18,0.25,0.0,0.0,0.0,0.0,0.23,0.17,0.37,0.33,0.13,0.7,536.8921461535126
0.7,0.2,0.0,0.0,0.32,0.18,0.0,0.0,0.0,0.0,0.27,0.0,0.0,0.23,0.0,0.0,0.0,0.0,0.0,0.0,0.1,466.2577539839709
0.1,0.2,0.0,0.0,0.0,0.25,0.0,0.0,0.0,0.22,0.0,0.0,0.31,0.22,0.0,0.0,0.0,0.0,0.0,0.0,0.7,302.4113951046934
0.7,0.3,0.0,0.0,0.0,0.0,0.19,0.13,0.26,0.0,0.0,0.0,0.17,0.0,0.25,0.0,0.38,0.39,0.13,0.1,0.4,359.28843372669394
0.4,0.2,0.23,0.23,0.0,0.0,0.2,0.0,0.2,0.0,0.0,0.0,0.0,0.0,0.14,0.0,0.0,0.0,0.0,0.0,0.5,186.06152314105486
0.2,0.5,0.0,0.0,0.23,0.18,0.17,0.21,0.0,0.0,0.0,0.0,0.0,0.0,0.21,0.0,0.0,0.0,0.0,0.0,0.5,392.94348509727905
0.4,0.2,0.29,0.0,0.2,0.0,0.1,0.0,0.16,0.0,0.0,0.0,0.0,0.0,0.0,0.25,0.0,0.0,0.0,0.0,0.3,178.73208562934326
0.5,0.5,0.0,0.12,0.2,0.17,0.0,0.0,0.0,0.0,0.0,0.0,0.0,0.0,0.25,0.26,0.0,0.0,0.0,0.0,0.8,531.2387777093447
0.7,0.4,0.0,0.0,0.0,0.0,0.33,0.16,0.0,0.0,0.14,0.0,0.0,0.37,0.0,0.0,0.0,0.0,0.0,0.0,0.1,270.9576143229849
0.7,0.3,0.0,0.24,0.0,0.22,0.0,0.0,0.0,0.0,0.0,0.0,0.0,0.0,0.26,0.28,0.17,0.13,0.33,0.37,0.1,526.9997513301093
0.7,0.1,0.0,0.0,0.0,0.25,0.0,0.0,0.22,0.0,0.0,0.31,0.0,0.22,0.0,0.0,0.54,0.71,0.42,0.33,0.7,452.23165155741026
0.6,0.0,0.0,0.0,0.0,0.0,0.0,0.0,0.0,0.31,0.0,0.0,0.15,0.28,0.0,0.26,0.0,0.0,0.0,0.0,0.2,383.594601984316
0.7,0.4,0.26,0.27,0.23,0.0,0.0,0.14,0.0,0.0,0.1,0.0,0.0,0.0,0.0,0.0,0.0,0.0,0.0,0.0,0.3,477.15517163255623
0.3,0.0,0.27,0.0,0.0,0.24,0.0,0.0,0.0,0.1,0.0,0.24,0.0,0.0,0.15,0.0,0.0,0.0,0.0,0.0,0.8,218.53519942936498
0.6,0.0,0.29,0.0,0.0,0.19,0.0,0.0,0.2,0.14,0.0,0.0,0.18,0.0,0.0,0.0,0.0,0.0,0.0,0.0,0.6,300.95762474133875
0.7,0.5,0.0,0.0,0.0,0.13,0.0,0.22,0.0,0.0,0.0,0.0,0.21,0.25,0.0,0.19,0.0,0.0,0.0,0.0,0.1,502.52938440596887
0.5,0.2,0.0,0.26,0.0,0.0,0.0,0.17,0.29,0.28,0.0,0.0,0.0,0.0,0.0,0.0,0.0,0.0,0.0,0.0,0.1,415.61265385884445
0.6,0.5,0.0,0.0,0.0,0.0,0.0,0.26,0.0,0.0,0.17,0.0,0.15,0.2799999999999999,0.0,0.14,0.0,0.0,0.0,0.0,0.7,519.125204334649
0.6,0.3,0.22,0.0,0.0,0.0,0.21,0.0,0.0,0.0,0.0,0.3,0.0,0.0,0.27,0.0,0.25,0.12,0.36,0.27,0.1,232.99299852116457
0.5,0.5,0.0,0.0,0.25,0.14,0.21,0.0,0.0,0.0,0.0,0.0,0.13,0.27,0.0,0.0,0.0,0.0,0.0,0.0,0.2,341.8794151764463
0.2,0.0,0.0,0.0,0.0,0.16,0.0,0.0,0.13,0.0,0.3,0.0,0.0,0.0,0.23,0.18,0.0,0.0,0.0,0.0,0.7,494.9147420294416
0.4,0.1,0.21,0.0,0.17,0.0,0.0,0.0,0.0,0.0,0.0,0.0,0.0,0.17,0.23,0.22,0.5,0.23,0.59,0.68,0.6,414.9480439924934
0.5,0.5,0.0,0.0,0.23,0.27,0.0,0.0,0.0,0.1,0.1,0.3,0.0,0.0,0.0,0.0,0.0,0.0,0.0,0.0,0.4,448.18274355903816
0.7,0.1,0.0,0.0,0.0,0.0,0.0,0.0,0.0,0.25,0.17,0.0,0.32,0.0,0.26,0.0,0.55,0.59,0.52,0.34,0.4,473.0235896143491
0.1,0.1,0.0,0.0,0.0,0.0,0.27,0.19,0.18,0.0,0.0,0.19,0.17,0.0,0.0,0.0,0.5,0.47,0.39,0.64,0.1,157.99050164708615
0.6,0.5,0.23,0.13,0.2299999999999999,0.0,0.0,0.0,0.2,0.0,0.0,0.0,0.0,0.21,0.0,0.0,0.0,0.0,0.0,0.0,0.6,430.77155226338004
0.4,0.5,0.0,0.0,0.0,0.0,0.0,0.35,0.0,0.14,0.0,0.18,0.33,0.0,0.0,0.0,0.0,0.0,0.0,0.0,0.1,360.38477875502406
0.3,0.3,0.0,0.29,0.0,0.2,0.0,0.0,0.0,0.0,0.0,0.0,0.22,0.13,0.16,0.0,0.42,0.22,0.25,0.11,0.1,531.0581741368989
0.4,0.1,0.0,0.0,0.0,0.0,0.0,0.0,0.0,0.27,0.0,0.35,0.0,0.16,0.0,0.22,0.61,0.42,0.33,0.64,0.3,327.6730902090573
0.3,0.3,0.0,0.0,0.0,0.0,0.0,0.33,0.2,0.24,0.23,0.0,0.0,0.0,0.0,0.0,0.29,0.3,0.18,0.23,0.4,471.10411199536134
0.6,0.0,0.0,0.0,0.0,0.0,0.13,0.0,0.14,0.0,0.0,0.17,0.0,0.25,0.31,0.0,0.0,0.0,0.0,0.0,0.3,196.60038750621763
0.2,0.0,0.2,0.0,0.15,0.0,0.0,0.0,0.0,0.0,0.26,0.0,0.0,0.17,0.22,0.0,0.0,0.0,0.0,0.0,0.1,277.9301562421807
0.7,0.5,0.0,0.0,0.0,0.0,0.0,0.0,0.18,0.29,0.24,0.0,0.0,0.15,0.0,0.14,0.0,0.0,0.0,0.0,0.7,604.9072844780397
0.1,0.0,0.0,0.0,0.0,0.0,0.26,0.0,0.0,0.0,0.18,0.0,0.0,0.0,0.15,0.41,0.0,0.0,0.0,0.0,0.6,296.31706080781777
0.7,0.2,0.0,0.0,0.17,0.0,0.0,0.0,0.0,0.23,0.0,0.17,0.0,0.22,0.0,0.21,0.0,0.0,0.0,0.0,0.8,374.99423900610503
0.7,0.1,0.0,0.14,0.26,0.0,0.0,0.3,0.0,0.14,0.16,0.0,0.0,0.0,0.0,0.0,0.79,0.33,0.43,0.45,0.5,491.09108182715096
0.7,0.0,0.0,0.26,0.24,0.0,0.0,0.0,0.0,0.16,0.0,0.13,0.0,0.0,0.21,0.0,0.0,0.0,0.0,0.0,0.7,347.70995817289685
0.4,0.4,0.0,0.21,0.0,0.0,0.0,0.0,0.0,0.25,0.0,0.0,0.14,0.23,0.0,0.17,0.0,0.0,0.0,0.0,0.1,449.7541457933907
0.5,0.2,0.0,0.0,0.0,0.29,0.0,0.0,0.0,0.22,0.29,0.0,0.2,0.0,0.0,0.0,0.0,0.0,0.0,0.0,0.3,464.8109863922746
0.3,0.1,0.15,0.0,0.0,0.0,0.16,0.0,0.0,0.34,0.0,0.35,0.0,0.0,0.0,0.0,0.54,0.28,0.26,0.92,0.1,175.93218057702956
0.3,0.0,0.0,0.0,0.0,0.0,0.3,0.12,0.0,0.0,0.0,0.0,0.26,0.32,0.0,0.0,0.0,0.0,0.0,0.0,0.4,234.6149272735166
0.6,0.5,0.0,0.0,0.0,0.0,0.0,0.0,0.0,0.3,0.23,0.0,0.2,0.27,0.0,0.0,0.0,0.0,0.0,0.0,0.5,589.7246553120617
0.5,0.3,0.0,0.0,0.22,0.0,0.0,0.0,0.0,0.0,0.22,0.31,0.0,0.0,0.25,0.0,0.36,0.14,0.22,0.28,0.4,539.0119569090251
0.1,0.2,0.0,0.0,0.0,0.14,0.0,0.29,0.0,0.12,0.2,0.0,0.0,0.0,0.25,0.0,0.0,0.0,0.0,0.0,0.7,422.91452236644596
0.4,0.2,0.0,0.0,0.0,0.0,0.0,0.27,0.0,0.0,0.0,0.16,0.0,0.0,0.25,0.32,0.0,0.0,0.0,0.0,0.4,366.9083940103231
0.6,0.0,0.0,0.27,0.17,0.21,0.0,0.0,0.1,0.0,0.0,0.0,0.0,0.0,0.0,0.25,0.0,0.0,0.0,0.0,0.4,319.0002237351937
0.3,0.4,0.0,0.27,0.0,0.0,0.25,0.0,0.29,0.0,0.0,0.0,0.0,0.0,0.0,0.19,0.0,0.0,0.0,0.0,0.6,251.61724674674204
0.3,0.1,0.0,0.2,0.0,0.0,0.2,0.0,0.0,0.0,0.0,0.22,0.2,0.0,0.18,0.0,0.49,0.26,0.49,0.76,0.6,423.71716110998045
0.3,0.5,0.0,0.32,0.21,0.0,0.0,0.0,0.21,0.0,0.0,0.0,0.26,0.0,0.0,0.0,0.0,0.0,0.0,0.0,0.2,501.59340705853975
0.6,0.5,0.21,0.0,0.0,0.16,0.3,0.19,0.0,0.0,0.0,0.14,0.0,0.0,0.0,0.0,0.0,0.0,0.0,0.0,0.5,257.38181483346534
0.7,0.3,0.0,0.0,0.0,0.0,0.2,0.0,0.0,0.2,0.0,0.33,0.0,0.0,0.27,0.0,0.18,0.17,0.26,0.39,0.8,316.52626709005534
0.3,0.2,0.11,0.0,0.0,0.0,0.0,0.27,0.23,0.0,0.0,0.0,0.0,0.28,0.0,0.11,0.0,0.0,0.0,0.0,0.2,331.59208479867334
0.4,0.4,0.0,0.3,0.0,0.0,0.0,0.0,0.18,0.0,0.0,0.0,0.16,0.0,0.0,0.36,0.0,0.0,0.0,0.0,0.3,376.8025715484498
0.3,0.3,0.0,0.19,0.0,0.0,0.19,0.0,0.32,0.0,0.0,0.0,0.0,0.0,0.0,0.3,0.21,0.37,0.19,0.23,0.5,225.55713118783729
0.6,0.5,0.0,0.0,0.0,0.27,0.0,0.23,0.0,0.0,0.0,0.0,0.0,0.21,0.0,0.29,0.0,0.0,0.0,0.0,0.2,468.39124152053733
0.4,0.5,0.0,0.0,0.15,0.13,0.0,0.0,0.32,0.0,0.14,0.0,0.0,0.0,0.0,0.26,0.0,0.0,0.0,0.0,0.6,420.7614710318927
0.3,0.0,0.0,0.0,0.15,0.16,0.0,0.0,0.0,0.0,0.0,0.0,0.0,0.32,0.0,0.37,0.0,0.0,0.0,0.0,0.3,277.07012617249933
0.3,0.5,0.0,0.0,0.0,0.31,0.15,0.0,0.16,0.0,0.25,0.0,0.0,0.13,0.0,0.0,0.0,0.0,0.0,0.0,0.2,382.74347711177154
0.3,0.4,0.19,0.0,0.0,0.0,0.0,0.0,0.24,0.0,0.2,0.0,0.24,0.0,0.0,0.13,0.0,0.0,0.0,0.0,0.1,305.80163505712795
0.7,0.3,0.0,0.0,0.0,0.0,0.32,0.22,0.0,0.0,0.0,0.0,0.0,0.19,0.0,0.27,0.17,0.18,0.33,0.32,0.3,340.6228870396318
0.4,0.0,0.22,0.0,0.0,0.0,0.0,0.0,0.0,0.0,0.21,0.0,0.36,0.0,0.0,0.21,0.0,0.0,0.0,0.0,0.6,328.83144475075403
0.2,0.1,0.0,0.0,0.0,0.0,0.31,0.23,0.0,0.0,0.0,0.0,0.24,0.0,0.0,0.22,0.53,0.37,0.55,0.55,0.5,377.61923484952524
0.1,0.1,0.0,0.28,0.0,0.0,0.0,0.2,0.17,0.35,0.0,0.0,0.0,0.0,0.0,0.0,0.52,0.55,0.51,0.42,0.1,321.589264382526
0.2,0.0,0.18,0.15,0.0,0.0,0.0,0.0,0.28,0.0,0.0,0.25,0.0,0.14,0.0,0.0,0.0,0.0,0.0,0.0,0.6,261.08100365014883
0.3,0.0,0.0,0.27,0.21,0.0,0.0,0.12,0.0,0.0,0.18,0.0,0.0,0.0,0.22,0.0,0.0,0.0,0.0,0.0,0.6,360.8868366206499
0.3,0.3,0.0,0.0,0.26,0.0,0.26,0.0,0.0,0.0,0.0,0.0,0.22,0.0,0.26,0.0,0.27,0.1,0.21,0.42,0.3,359.91408956401847
0.3,0.5,0.0,0.0,0.13,0.0,0.35,0.0,0.0,0.22,0.0,0.0,0.3,0.0,0.0,0.0,0.0,0.0,0.0,0.0,0.4,373.3156941502815
0.6,0.4,0.0,0.26,0.0,0.0,0.0,0.13,0.0,0.0,0.23,0.22,0.0,0.0,0.16,0.0,0.0,0.0,0.0,0.0,0.2,552.8819635457264
0.4,0.0,0.0,0.0,0.0,0.0,0.27,0.0,0.32,0.25,0.0,0.0,0.16,0.0,0.0,0.0,0.0,0.0,0.0,0.0,0.2,164.98708897636072
0.3,0.3,0.22,0.0,0.0,0.0,0.24,0.0,0.0,0.12,0.0,0.25,0.17,0.0,0.0,0.0,0.25,0.27,0.19,0.29,0.3,180.4443375036941
0.3,0.4,0.0,0.0,0.0,0.0,0.0,0.24,0.0,0.0,0.0,0.0,0.15,0.36,0.25,0.0,0.0,0.0,0.0,0.0,0.8,458.81450182750416
0.7,0.2,0.0,0.26,0.19,0.0,0.16,0.0,0.0,0.0,0.0,0.0,0.21,0.0,0.0,0.18,0.0,0.0,0.0,0.0,0.8,403.252802951089
0.6,0.5,0.0,0.0,0.27,0.0,0.0,0.3,0.3,0.0,0.0,0.13,0.0,0.0,0.0,0.0,0.0,0.0,0.0,0.0,0.1,413.8639262035353
0.6,0.3,0.24,0.0,0.26,0.0,0.0,0.0,0.0,0.27,0.0,0.0,0.23,0.0,0.0,0.0,0.19,0.25,0.23,0.33,0.6,467.5637012218595
0.3,0.0,0.0,0.0,0.0,0.0,0.34,0.0,0.21,0.0,0.28,0.0,0.0,0.0,0.17,0.0,0.0,0.0,0.0,0.0,0.2,185.90856009173345
0.1,0.3,0.0,0.19,0.31,0.0,0.0,0.0,0.0,0.0,0.0,0.26,0.0,0.24,0.0,0.0,0.53,0.17,0.14,0.16,0.5,490.5308989584602
0.6,0.4,0.25,0.0,0.0,0.0,0.13,0.0,0.0,0.0,0.0,0.25,0.13,0.0,0.0,0.24,0.0,0.0,0.0,0.0,0.6,248.90453760737378
0.3,0.5,0.0,0.0,0.0,0.36,0.0,0.21,0.25,0.0,0.0,0.0,0.0,0.0,0.18,0.0,0.0,0.0,0.0,0.0,0.7,404.9633285485848
0.5,0.0,0.25,0.0,0.11,0.0,0.0,0.0,0.0,0.0,0.0,0.23,0.0,0.21,0.0,0.2,0.0,0.0,0.0,0.0,0.7,318.0094024842801
0.7,0.3,0.0,0.0,0.0,0.26,0.25,0.26,0.0,0.0,0.0,0.0,0.0,0.23,0.0,0.0,0.26,0.26,0.16,0.32,0.6,483.8756672163463
0.4,0.3,0.25,0.33,0.0,0.0,0.0,0.13,0.0,0.12,0.0,0.0,0.0,0.0,0.0,0.17,0.26,0.13,0.18,0.43,0.4,359.5946517383054
0.4,0.3,0.0,0.0,0.0,0.0,0.0,0.0,0.0,0.19,0.0,0.0,0.22,0.21,0.19,0.19,0.51,0.15,0.12,0.22,0.7,429.30883621242197
0.2,0.1,0.0,0.0,0.0,0.0,0.0,0.0,0.23,0.0,0.22,0.0,0.0,0.0,0.18,0.37,0.84,0.75,0.18,0.23,0.7,409.0578060447007
0.3,0.1,0.0,0.0,0.0,0.0,0.21,0.25,0.15,0.0,0.0,0.0,0.24,0.0,0.0,0.15,0.39,0.84,0.29,0.48,0.1,270.3092506095208
0.7,0.0,0.26,0.25,0.0,0.11,0.23,0.0,0.0,0.0,0.0,0.15,0.0,0.0,0.0,0.0,0.0,0.0,0.0,0.0,0.7,182.3118597149868
0.4,0.2,0.14,0.0,0.21,0.0,0.0,0.0,0.0,0.3,0.0,0.13,0.0,0.22,0.0,0.0,0.0,0.0,0.0,0.0,0.4,355.2793389779166
0.1,0.0,0.0,0.0,0.0,0.21,0.0,0.0,0.24,0.0,0.0,0.23,0.0,0.1,0.22,0.0,0.0,0.0,0.0,0.0,0.4,178.94827722526276
0.5,0.2,0.37,0.0,0.0,0.0,0.0,0.0,0.0,0.0,0.2,0.0,0.0,0.0,0.19,0.24,0.0,0.0,0.0,0.0,0.8,403.19549420917133
0.6,0.2,0.0,0.0,0.0,0.0,0.0,0.0,0.39,0.0,0.3,0.0,0.15,0.0,0.0,0.16,0.0,0.0,0.0,0.0,0.4,466.6655481338566
0.1,0.5,0.0,0.3,0.0,0.0,0.26,0.0,0.0,0.0,0.0,0.0,0.29,0.15,0.0,0.0,0.0,0.0,0.0,0.0,0.4,410.92835234418004
0.4,0.4,0.0,0.0,0.0,0.24,0.0,0.19,0.0,0.0,0.37,0.0,0.0,0.0,0.2,0.0,0.0,0.0,0.0,0.0,0.3,588.248511798036
0.4,0.5,0.19,0.0,0.14,0.0,0.0,0.22,0.21,0.0,0.0,0.0,0.0,0.24,0.0,0.0,0.0,0.0,0.0,0.0,0.4,389.62059204238534
0.4,0.0,0.0,0.14,0.0,0.0,0.26,0.0,0.0,0.0,0.23,0.0,0.0,0.0,0.37,0.0,0.0,0.0,0.0,0.0,0.3,282.44751483670683
0.6,0.0,0.2799999999999999,0.24,0.24,0.0,0.0,0.0,0.0,0.0,0.0,0.24,0.0,0.0,0.0,0.0,0.0,0.0,0.0,0.0,0.2,331.68810358451873
0.2,0.5,0.11,0.0,0.0,0.29,0.18,0.0,0.0,0.15,0.0,0.0,0.0,0.0,0.0,0.27,0.0,0.0,0.0,0.0,0.7,266.71509431890127
0.2,0.3,0.24,0.26,0.15,0.0,0.0,0.0,0.0,0.0,0.0,0.0,0.24,0.11,0.0,0.0,0.2,0.37,0.16,0.27,0.8,459.85472562717854
0.6,0.3,0.0,0.0,0.0,0.17,0.0,0.12,0.32,0.21,0.18,0.0,0.0,0.0,0.0,0.0,0.34,0.26,0.18,0.22,0.6,477.67586703065433
0.7,0.0,0.17,0.0,0.27,0.13,0.0,0.0,0.22,0.0,0.0,0.0,0.0,0.21,0.0,0.0,0.0,0.0,0.0,0.0,0.7,342.2295253274921
0.7,0.0,0.17,0.0,0.0,0.0,0.0,0.16,0.13,0.0,0.0,0.0,0.28,0.0,0.0,0.26,0.0,0.0,0.0,0.0,0.6,420.87233311567957
0.3,0.5,0.0,0.0,0.16,0.17,0.29,0.0,0.0,0.17,0.0,0.0,0.0,0.0,0.0,0.21,0.0,0.0,0.0,0.0,0.5,273.798830309778
0.2,0.0,0.15,0.0,0.0,0.2,0.0,0.22,0.0,0.25,0.0,0.0,0.0,0.0,0.0,0.18,0.0,0.0,0.0,0.0,0.4,258.1635574604268
0.2,0.2,0.0,0.2,0.0,0.0,0.24,0.0,0.0,0.31,0.25,0.0,0.0,0.0,0.0,0.0,0.0,0.0,0.0,0.0,0.1,347.2506663998052
0.6,0.4,0.0,0.0,0.23,0.0,0.0,0.0,0.0,0.0,0.0,0.23,0.0,0.4,0.0,0.14,0.0,0.0,0.0,0.0,0.6,460.0453174379746
0.6,0.3,0.0,0.0,0.0,0.0,0.0,0.0,0.0,0.22,0.19,0.0,0.16,0.17,0.0,0.26,0.27,0.09,0.38,0.26,0.3,514.2236154610788
0.4,0.1,0.0,0.19,0.0,0.37,0.0,0.0,0.0,0.0,0.0,0.21,0.23,0.0,0.0,0.0,0.75,0.47,0.56,0.22,0.3,455.4722098451764
0.1,0.1,0.0,0.0,0.13,0.24,0.0,0.25,0.13,0.0,0.0,0.0,0.25,0.0,0.0,0.0,0.47,0.6,0.55,0.38,0.8,411.33021380427164
0.3,0.5,0.0,0.3399999999999999,0.0,0.0,0.21,0.0,0.2,0.0,0.0,0.0,0.25,0.0,0.0,0.0,0.0,0.0,0.0,0.0,0.5,386.39199660568295
0.6,0.3,0.0,0.0,0.0,0.0,0.22,0.13,0.0,0.25,0.0,0.27,0.13,0.0,0.0,0.0,0.25,0.35,0.12,0.28,0.7,328.66352154238984
0.7,0.1,0.14,0.0,0.31,0.35,0.2,0.0,0.0,0.0,0.0,0.0,0.0,0.0,0.0,0.0,0.59,0.47,0.44,0.5,0.2,265.3553633596357
0.3,0.3,0.0,0.0,0.0,0.2,0.0,0.11,0.0,0.0,0.25,0.0,0.17,0.0,0.0,0.27,0.15,0.1,0.35,0.4,0.6,553.0066902429437
0.2,0.0,0.0,0.0,0.0,0.0,0.31,0.14,0.0,0.0,0.0,0.35,0.0,0.0,0.0,0.2,0.0,0.0,0.0,0.0,0.8,139.720441316487
0.3,0.1,0.17,0.0,0.0,0.16,0.0,0.26,0.0,0.16,0.0,0.25,0.0,0.0,0.0,0.0,0.63,0.32,0.73,0.32,0.6,404.44362129418033
0.4,0.1,0.0,0.27,0.0,0.24,0.0,0.21,0.0,0.0,0.0,0.28,0.0,0.0,0.0,0.0,0.44,0.58,0.42,0.56,0.2,486.5450113428063
0.6,0.3,0.0,0.0,0.0,0.25,0.24,0.26,0.25,0.0,0.0,0.0,0.0,0.0,0.0,0.0,0.14,0.32,0.31,0.23,0.4,368.808767032539
0.1,0.0,0.0,0.0,0.0,0.0,0.0,0.0,0.0,0.31,0.0,0.0,0.0,0.15,0.3,0.24,0.0,0.0,0.0,0.0,0.8,271.43682430514303
0.5,0.1,0.0,0.0,0.0,0.0,0.0,0.14,0.39,0.0,0.0,0.0,0.0,0.0,0.27,0.2,0.39,0.94,0.3,0.37,0.3,359.17287456408474
0.2,0.4,0.11,0.0,0.0,0.21,0.0,0.0,0.0,0.0,0.0,0.27,0.0,0.0,0.2,0.21,0.0,0.0,0.0,0.0,0.5,397.64406630509393
0.3,0.3,0.0,0.32,0.0,0.21,0.0,0.27,0.0,0.2,0.0,0.0,0.0,0.0,0.0,0.0,0.25,0.21,0.18,0.36,0.7,415.56070800859226
0.1,0.2,0.0,0.0,0.26,0.0,0.0,0.17,0.0,0.0,0.13,0.0,0.26,0.18,0.0,0.0,0.0,0.0,0.0,0.0,0.8,408.18352245204204
0.5,0.3,0.0,0.0,0.0,0.21,0.0,0.0,0.0,0.23,0.0,0.0,0.0,0.0,0.33,0.23,0.29,0.07,0.33,0.31,0.8,418.2943312014196
0.5,0.1,0.25,0.0,0.0,0.0,0.22,0.12,0.0,0.0,0.25,0.0,0.0,0.0,0.16,0.0,0.22,0.57,0.61,0.6,0.8,390.55340628798893
