Morphology,Phase,Ni ,Co ,Fe ,Al ,Mo ,Zn ,Mn ,Cr ,Cu,Mg,Nb,Sn,Ga,Al,Fe,Zn,La,WE,Overpotential(mV),Prediction_Std
0.5,0.5,0.0,0.32,0.0,0.0,0.0,0.0,0.0,0.0,0.23,0.3,0.0,0.15,0.0,0.0,0.0,0.0,0.0,0.1,547.0661098991917,4.946402988516767e-05
0.3,0.1,0.0,0.0,0.23,0.0,0.0,0.22,0.18,0.2,0.17,0.0,0.0,0.0,0.0,0.6,0.76,0.4,0.24,0.6,405.5315582561655,3.343653909755182e-05
0.4,0.3,0.25,0.0,0.2,0.0,0.0,0.27,0.0,0.0,0.0,0.15,0.13,0.0,0.0,0.28,0.14,0.29,0.29,0.8,346.0107460087124,3.417018042038384e-05
0.7,0.3,0.0,0.22,0.0,0.0,0.0,0.0,0.0,0.0,0.26,0.0,0.16,0.36,0.0,0.14,0.34,0.32,0.2,0.3,472.99026612950865,3.358912581021828e-05
0.1,0.4,0.0,0.15,0.0,0.2,0.18,0.0,0.0,0.0,0.0,0.27,0.0,0.0,0.2,0.0,0.0,0.0,0.0,0.4,317.75322569994603,3.5535583429947635e-05
0.7,0.4,0.15,0.17,0.22,0.0,0.0,0.0,0.25,0.0,0.21,0.0,0.0,0.0,0.0,0.0,0.0,0.0,0.0,0.5,438.0848958073423,3.5018210200265243e-05
0.6,0.1,0.19,0.0,0.0,0.0,0.0,0.19,0.0,0.0,0.26,0.24,0.12,0.0,0.0,0.25,0.81,0.36,0.58,0.7,489.7093535951808,3.915268896259839e-05
0.3,0.5,0.0,0.16,0.22,0.0,0.0,0.0,0.37,0.0,0.0,0.0,0.0,0.0,0.25,0.0,0.0,0.0,0.0,0.7,323.8175931991877,3.718183192291395e-05
0.4,0.0,0.0,0.0,0.0,0.0,0.0,0.16,0.0,0.0,0.0,0.27,0.33,0.0,0.24,0.0,0.0,0.0,0.0,0.5,355.34772230722257,3.0353716314749502e-05
0.5,0.4,0.0,0.0,0.0,0.0,0.0,0.34,0.0,0.18,0.19,0.0,0.0,0.29,0.0,0.0,0.0,0.0,0.0,0.6,477.32170197001665,3.57905711285185e-05
0.5,0.5,0.0,0.0,0.33,0.0,0.18,0.0,0.0,0.0,0.18,0.31,0.0,0.0,0.0,0.0,0.0,0.0,0.0,0.7,517.9226891057344,5.478246679594023e-05
0.3,0.3,0.0,0.0,0.0,0.19,0.0,0.0,0.12,0.18,0.0,0.0,0.29,0.22,0.0,0.29,0.26,0.32,0.13,0.8,332.9367046161995,3.574744849391752e-05
0.4,0.2,0.0,0.36,0.0,0.32,0.0,0.0,0.0,0.0,0.0,0.0,0.15,0.17,0.0,0.0,0.0,0.0,0.0,0.5,386.2783987247084,3.6587315857483554e-05
0.1,0.1,0.0,0.29,0.0,0.0,0.0,0.0,0.27,0.0,0.0,0.26,0.0,0.0,0.18,0.34,0.42,0.6799999999999999,0.56,0.8,288.6462052652375,4.186681793478445e-05
0.2,0.5,0.0,0.16,0.0,0.0,0.0,0.0,0.0,0.0,0.0,0.34,0.18,0.0,0.32,0.0,0.0,0.0,0.0,0.5,395.3295802561127,4.518990630117404e-05
0.2,0.4,0.22,0.0,0.0,0.0,0.0,0.0,0.0,0.0,0.12,0.17,0.19,0.3,0.0,0.0,0.0,0.0,0.0,0.2,399.4044726131524,2.6910217577364693e-05
0.4,0.2,0.27,0.0,0.11,0.0,0.0,0.24,0.0,0.0,0.13,0.0,0.0,0.25,0.0,0.0,0.0,0.0,0.0,0.5,367.7964548880243,2.5727624240409787e-05
0.3,0.4,0.0,0.0,0.0,0.15,0.23,0.0,0.0,0.18,0.0,0.0,0.17,0.0,0.27,0.0,0.0,0.0,0.0,0.1,243.65831819130892,2.7267406816929134e-05
0.3,0.0,0.0,0.0,0.0,0.25,0.22,0.26,0.27,0.0,0.0,0.0,0.0,0.0,0.0,0.0,0.0,0.0,0.0,0.8,315.6076771734714,3.952483214945431e-05
0.4,0.4,0.19,0.0,0.19,0.0,0.0,0.0,0.27,0.0,0.0,0.0,0.35,0.0,0.0,0.0,0.0,0.0,0.0,0.5,306.0314690419242,2.472400748988066e-05
0.4,0.4,0.0,0.0,0.0,0.28,0.0,0.25,0.13,0.0,0.0,0.0,0.14,0.0,0.2,0.0,0.0,0.0,0.0,0.4,368.2125183466165,3.200549556833257e-05
0.5,0.0,0.23,0.0,0.0,0.0,0.18,0.0,0.15,0.0,0.0,0.25,0.0,0.0,0.19,0.0,0.0,0.0,0.0,0.6,268.6559377215212,2.5487284249718085e-05
0.3,0.2,0.0,0.0,0.22,0.11,0.27,0.0,0.0,0.0,0.22,0.0,0.18,0.0,0.0,0.0,0.0,0.0,0.0,0.7,329.172158123525,3.185163843250233e-05
0.3,0.4,0.22,0.0,0.0,0.0,0.0,0.0,0.22,0.24,0.21,0.11,0.0,0.0,0.0,0.0,0.0,0.0,0.0,0.8,387.8330198292172,4.006283367825401e-05
0.6,0.5,0.19,0.0,0.0,0.3,0.0,0.0,0.0,0.0,0.0,0.0,0.0,0.15,0.36,0.0,0.0,0.0,0.0,0.8,338.8076835451867,3.923845795100487e-05
0.1,0.4,0.0,0.0,0.32,0.0,0.0,0.26,0.0,0.0,0.13,0.29,0.0,0.0,0.0,0.0,0.0,0.0,0.0,0.7,419.9592860273261,4.003935883347992e-05
0.6,0.4,0.2,0.0,0.0,0.18,0.0,0.0,0.0,0.0,0.28,0.0,0.16,0.0,0.18,0.0,0.0,0.0,0.0,0.7,423.9546911151205,3.1922414779880497e-05
0.7,0.0,0.0,0.19,0.0,0.0,0.25,0.0,0.0,0.16,0.0,0.0,0.24,0.0,0.16,0.0,0.0,0.0,0.0,0.8,298.84230128137455,3.289361041193509e-05
0.3,0.3,0.21,0.0,0.1,0.0,0.0,0.0,0.0,0.24,0.23,0.22,0.0,0.0,0.0,0.21,0.25,0.26,0.28,0.6,467.153694378852,4.283121309286277e-05
0.6,0.5,0.0,0.0,0.0,0.0,0.0,0.14,0.0,0.0,0.36,0.0,0.25,0.25,0.0,0.0,0.0,0.0,0.0,0.5,500.2877332548765,3.346178630350956e-05
0.6,0.3,0.0,0.0,0.0,0.0,0.18,0.0,0.0,0.25,0.0,0.28,0.29,0.0,0.0,0.23,0.41,0.23,0.13,0.1,233.28072798260084,3.895815941582844e-05
0.6,0.1,0.2,0.0,0.14,0.0,0.18,0.0,0.0,0.0,0.0,0.0,0.14,0.0,0.34,0.42,0.65,0.51,0.42,0.8,286.2573947539177,3.2353835104930344e-05
0.1,0.1,0.0,0.0,0.0,0.28,0.0,0.0,0.27,0.29,0.0,0.16,0.0,0.0,0.0,0.61,0.7,0.26,0.43,0.8,282.90244626335016,4.59816008727484e-05
0.7,0.4,0.0,0.16,0.0,0.0,0.0,0.0,0.28,0.17,0.0,0.23,0.0,0.16,0.0,0.0,0.0,0.0,0.0,0.4,421.25567821009776,4.199825969605129e-05
0.1,0.0,0.0,0.15,0.17,0.0,0.0,0.0,0.0,0.21,0.0,0.23,0.24,0.0,0.0,0.0,0.0,0.0,0.0,0.4,311.94938636680655,3.3265083384216504e-05
0.4,0.3,0.28,0.0,0.0,0.0,0.0,0.0,0.0,0.0,0.3,0.0,0.0,0.2,0.22,0.43,0.22,0.11,0.24,0.2,363.8985462069267,2.9442089341148117e-05
0.4,0.0,0.16,0.0,0.0,0.18,0.0,0.15,0.0,0.0,0.0,0.25,0.0,0.26,0.0,0.0,0.0,0.0,0.0,0.2,352.0931370038708,3.270464791910333e-05
0.4,0.4,0.0,0.0,0.0,0.25,0.0,0.0,0.25,0.0,0.0,0.22,0.28,0.0,0.0,0.0,0.0,0.0,0.0,0.7,345.5229135500997,4.2227102416772885e-05
0.1,0.1,0.21,0.0,0.15,0.0,0.0,0.0,0.0,0.23,0.0,0.12,0.29,0.0,0.0,0.51,0.38,0.67,0.44,0.7,293.2668756270278,3.73217476035781e-05
0.3,0.0,0.0,0.22,0.18,0.0,0.25,0.13,0.0,0.0,0.0,0.0,0.22,0.0,0.0,0.0,0.0,0.0,0.0,0.3,268.712700290528,2.2154033552412352e-05
0.6,0.3,0.0,0.28,0.16,0.0,0.16,0.24,0.0,0.0,0.0,0.0,0.16,0.0,0.0,0.16,0.28,0.3,0.26,0.5,379.19426810643284,3.455547192776887e-05
0.3,0.5,0.0,0.24,0.37,0.0,0.2,0.0,0.0,0.0,0.0,0.0,0.0,0.19,0.0,0.0,0.0,0.0,0.0,0.6,392.0570478147491,3.454141469270864e-05
0.3,0.3,0.14,0.23,0.0,0.25,0.38,0.0,0.0,0.0,0.0,0.0,0.0,0.0,0.0,0.28,0.1,0.27,0.35,0.7,269.975301825155,3.427154271057726e-05
0.4,0.0,0.0,0.22,0.0,0.19,0.0,0.0,0.0,0.0,0.14,0.18,0.0,0.27,0.0,0.0,0.0,0.0,0.0,0.6,452.7127542230448,3.247243032229298e-05
0.1,0.4,0.0,0.25,0.09,0.0,0.0,0.0,0.0,0.0,0.0,0.24,0.17,0.25,0.0,0.0,0.0,0.0,0.0,0.1,383.5106774772139,3.545028522607387e-05
0.1,0.2,0.0,0.24,0.0,0.0,0.0,0.0,0.0,0.27,0.0,0.26,0.0,0.0,0.23,0.0,0.0,0.0,0.0,0.3,318.0041299587165,4.04194848993656e-05
0.7,0.4,0.0,0.0,0.0,0.0,0.0,0.0,0.22,0.0,0.31,0.0,0.0,0.24,0.23,0.0,0.0,0.0,0.0,0.2,452.4015287129022,3.917941348230718e-05
0.2,0.4,0.0,0.19,0.0,0.0,0.34,0.0,0.0,0.0,0.0,0.18,0.29,0.0,0.0,0.0,0.0,0.0,0.0,0.7,281.4876194768181,4.097296721678148e-05
0.6,0.4,0.0,0.25,0.0,0.0,0.0,0.0,0.0,0.21,0.0,0.0,0.19,0.15,0.2,0.0,0.0,0.0,0.0,0.4,451.5014285904095,2.7468238583951537e-05
0.6,0.4,0.15,0.15,0.0,0.0,0.34,0.0,0.0,0.0,0.0,0.17,0.0,0.0,0.19,0.0,0.0,0.0,0.0,0.3,247.13493111517823,3.3478688453704513e-05
0.3,0.2,0.12,0.16,0.0,0.0,0.0,0.0,0.0,0.17,0.0,0.0,0.32,0.0,0.23,0.0,0.0,0.0,0.0,0.2,346.00879678688705,1.8092574669092165e-05
0.5,0.2,0.0,0.25,0.0,0.16,0.0,0.0,0.0,0.23,0.0,0.0,0.0,0.17,0.19,0.0,0.0,0.0,0.0,0.7,417.9397242966922,3.0198139156158298e-05
0.3,0.5,0.0,0.0,0.0,0.36,0.0,0.0,0.0,0.15,0.0,0.0,0.16,0.0,0.33,0.0,0.0,0.0,0.0,0.3,342.18044825584906,3.673500465584908e-05
0.1,0.4,0.0,0.36,0.0,0.15,0.13,0.2,0.0,0.0,0.0,0.0,0.0,0.0,0.16,0.0,0.0,0.0,0.0,0.2,346.4989803536032,2.2589743189322742e-05
0.2,0.0,0.26,0.0,0.0,0.0,0.16,0.12,0.0,0.0,0.0,0.28,0.0,0.18,0.0,0.0,0.0,0.0,0.0,0.7,284.3977880710328,3.122214947396925e-05
0.1,0.0,0.0,0.0,0.21,0.0,0.0,0.0,0.17,0.0,0.0,0.0,0.0,0.22,0.3999999999999999,0.0,0.0,0.0,0.0,0.8,270.98398753449004,3.0464417254997977e-05
0.2,0.2,0.18,0.0,0.3,0.24,0.0,0.0,0.0,0.0,0.0,0.0,0.0,0.28,0.0,0.0,0.0,0.0,0.0,0.8,333.9783676053656,3.0356684817429362e-05
0.2,0.4,0.35,0.0,0.0,0.0,0.0,0.14,0.0,0.32,0.0,0.0,0.19,0.0,0.0,0.0,0.0,0.0,0.0,0.4,283.58521967124074,3.178994025403702e-05
0.4,0.2,0.0,0.24,0.24,0.0,0.25,0.0,0.0,0.0,0.0,0.27,0.0,0.0,0.0,0.0,0.0,0.0,0.0,0.6,329.4703076142291,3.3845244630209494e-05
0.1,0.1,0.0,0.0,0.29,0.0,0.0,0.17,0.0,0.0,0.0,0.14,0.15,0.25,0.0,0.51,0.52,0.46,0.51,0.5,327.9276716735211,2.635112584077094e-05
0.3,0.2,0.17,0.24,0.24,0.0,0.0,0.0,0.0,0.0,0.35,0.0,0.0,0.0,0.0,0.0,0.0,0.0,0.0,0.2,444.58461150684394,2.8971934742016826e-05
0.3,0.5,0.0,0.0,0.0,0.0,0.0,0.22,0.0,0.18,0.36,0.0,0.0,0.24,0.0,0.0,0.0,0.0,0.0,0.5,478.3467612403714,3.3984071306424604e-05
0.3,0.2,0.11,0.0,0.0,0.0,0.0,0.0,0.0,0.29,0.0,0.32,0.14,0.0,0.14,0.0,0.0,0.0,0.0,0.6,305.99925923014393,4.328708501447412e-05
0.2,0.0,0.24,0.0,0.0,0.17,0.0,0.0,0.1,0.0,0.23,0.0,0.0,0.0,0.26,0.0,0.0,0.0,0.0,0.6,349.9630630581344,2.3957007216928103e-05
0.5,0.3,0.0,0.0,0.0,0.0,0.0,0.19,0.27,0.0,0.0,0.18,0.17,0.0,0.19,0.35,0.21,0.29,0.15,0.1,319.2637706581863,3.0289865561867824e-05
0.6,0.4,0.0,0.22,0.0,0.21,0.0,0.0,0.0,0.22,0.0,0.16,0.0,0.0,0.19,0.0,0.0,0.0,0.0,0.2,394.6149335965937,4.5922520877072836e-05
0.3,0.0,0.0,0.0,0.0,0.29,0.0,0.28,0.0,0.0,0.0,0.0,0.0,0.23,0.2,0.0,0.0,0.0,0.0,0.7,375.1690726758456,3.6621079004184156e-05
0.4,0.4,0.0,0.0,0.18,0.0,0.0,0.0,0.14,0.34,0.0,0.0,0.0,0.3399999999999999,0.0,0.0,0.0,0.0,0.0,0.5,428.35401665998285,3.6534462375522553e-05
0.4,0.5,0.0,0.16,0.0,0.0,0.0,0.26,0.23,0.0,0.18,0.0,0.0,0.0,0.17,0.0,0.0,0.0,0.0,0.6,410.5170671140518,2.8718435851292305e-05
0.5,0.3,0.14,0.0,0.0,0.12,0.0,0.0,0.2,0.0,0.25,0.0,0.0,0.0,0.29,0.2799999999999999,0.27,0.23,0.22,0.2,356.7863626697383,2.4379411864836393e-05
0.1,0.2,0.0,0.0,0.18,0.25,0.27,0.0,0.0,0.3,0.0,0.0,0.0,0.0,0.0,0.0,0.0,0.0,0.0,0.5,255.4595435698113,3.391955530381756e-05
0.1,0.3,0.0,0.0,0.18,0.0,0.27,0.18,0.17,0.0,0.0,0.2,0.0,0.0,0.0,0.19,0.33,0.3,0.18,0.5,232.22788904059743,2.747482077042029e-05
0.7,0.1,0.0,0.29,0.0,0.13,0.14,0.0,0.0,0.0,0.0,0.0,0.0,0.16,0.28,0.25,0.44,0.31,1.0,0.4,364.7460138738188,3.297820704383325e-05
0.6,0.2,0.0,0.0,0.31,0.25,0.0,0.0,0.28,0.0,0.0,0.0,0.16,0.0,0.0,0.0,0.0,0.0,0.0,0.3,337.64954133683864,3.2955705500064285e-05
0.4,0.2,0.0,0.16,0.0,0.0,0.0,0.0,0.17,0.0,0.0,0.0,0.36,0.31,0.0,0.0,0.0,0.0,0.0,0.6,349.4460854185122,2.4867429194658374e-05
0.4,0.4,0.24,0.0,0.0,0.0,0.0,0.33,0.0,0.19,0.0,0.0,0.24,0.0,0.0,0.0,0.0,0.0,0.0,0.2,373.5484462091053,3.1475164484047916e-05
0.6,0.5,0.0,0.0,0.0,0.13,0.14,0.15,0.0,0.0,0.0,0.33,0.0,0.0,0.25,0.0,0.0,0.0,0.0,0.6,339.4617086571551,4.4430368255132056e-05
0.4,0.3,0.34,0.17,0.32,0.0,0.0,0.17,0.0,0.0,0.0,0.0,0.0,0.0,0.0,0.21,0.45,0.21,0.13,0.3,343.79359519347076,2.6527887339624496e-05
0.7,0.0,0.31,0.0,0.0,0.0,0.12,0.0,0.0,0.0,0.0,0.21,0.0,0.19,0.17,0.0,0.0,0.0,0.0,0.3,298.22085506203234,2.6274237349717814e-05
0.7,0.2,0.0,0.0,0.0,0.0,0.0,0.0,0.0,0.16,0.0,0.0,0.25,0.22,0.37,0.0,0.0,0.0,0.0,0.7,416.7995236539061,2.997449634200037e-05
0.5,0.4,0.19,0.23,0.0,0.0,0.0,0.0,0.16,0.0,0.0,0.0,0.18,0.24,0.0,0.0,0.0,0.0,0.0,0.7,338.99615385207727,2.8831161418746732e-05
0.3,0.0,0.2,0.0,0.0,0.0,0.24,0.0,0.0,0.0,0.0,0.0,0.17,0.2299999999999999,0.16,0.0,0.0,0.0,0.0,0.5,252.25567623184313,1.9857909351632453e-05
0.1,0.2,0.0,0.0,0.23,0.17,0.0,0.0,0.0,0.23,0.0,0.18,0.19,0.0,0.0,0.0,0.0,0.0,0.0,0.8,321.7723592530723,4.547372587892114e-05
0.4,0.5,0.25,0.0,0.0,0.0,0.0,0.0,0.14,0.21,0.0,0.0,0.0,0.15,0.25,0.0,0.0,0.0,0.0,0.5,314.01864849826785,2.8317964807198696e-05
0.7,0.3,0.15,0.0,0.0,0.14,0.24,0.27,0.0,0.0,0.0,0.0,0.0,0.0,0.2,0.29,0.26,0.23,0.22,0.3,305.76192133398143,3.1567085321340695e-05
0.7,0.5,0.0,0.14,0.0,0.0,0.0,0.29,0.24,0.0,0.0,0.0,0.0,0.33,0.0,0.0,0.0,0.0,0.0,0.3,431.4145067996534,3.107206083342045e-05
0.2,0.1,0.0,0.25,0.13,0.0,0.16,0.0,0.26,0.0,0.2,0.0,0.0,0.0,0.0,0.41,0.37,0.7,0.52,0.6,310.364610684066,3.232596275424028e-05
0.1,0.2,0.0,0.0,0.0,0.12,0.0,0.19,0.0,0.34,0.35,0.0,0.0,0.0,0.0,0.0,0.0,0.0,0.0,0.6,441.7519021675937,4.311887413372253e-05
0.5,0.1,0.13,0.24,0.0,0.0,0.0,0.14,0.27,0.0,0.0,0.0,0.22,0.0,0.0,0.46,0.33,0.6799999999999999,0.53,0.8,378.1669615776871,3.9410420924668836e-05
0.6,0.5,0.0,0.0,0.17,0.17,0.0,0.0,0.0,0.25,0.0,0.0,0.25,0.16,0.0,0.0,0.0,0.0,0.0,0.6,455.2985067266666,4.0586053791148186e-05
0.1,0.1,0.0,0.0,0.19,0.0,0.0,0.29,0.3,0.22,0.0,0.0,0.0,0.0,0.0,0.45,0.43,0.62,0.5,0.8,330.90598693432634,4.2689787460438725e-05
0.6,0.0,0.27,0.0,0.0,0.0,0.0,0.27,0.19,0.27,0.0,0.0,0.0,0.0,0.0,0.0,0.0,0.0,0.0,0.7,460.0314017860954,4.114192931251844e-05
0.7,0.1,0.39,0.0,0.0,0.0,0.0,0.0,0.0,0.21,0.0,0.0,0.18,0.22,0.0,0.72,0.66,0.24,0.38,0.7,378.73452868783704,3.267450141949865e-05
0.1,0.0,0.0,0.0,0.23,0.0,0.2,0.13,0.0,0.0,0.0,0.0,0.0,0.21,0.23,0.0,0.0,0.0,0.0,0.8,259.6987307933309,2.8927447329230108e-05
0.7,0.4,0.23,0.0,0.0,0.0,0.0,0.0,0.0,0.2,0.0,0.0,0.16,0.29,0.12,0.0,0.0,0.0,0.0,0.4,394.0441200516044,2.100335626339326e-05
0.3,0.4,0.0,0.0,0.0,0.25,0.12,0.0,0.0,0.0,0.16,0.17,0.3,0.0,0.0,0.0,0.0,0.0,0.0,0.8,407.4773974208948,4.280209532353316e-05
0.7,0.5,0.35,0.0,0.0,0.0,0.0,0.0,0.18,0.0,0.0,0.0,0.0,0.22,0.25,0.0,0.0,0.0,0.0,0.1,281.10416798980725,2.3899963656719833e-05
0.1,0.0,0.0,0.0,0.0,0.2,0.0,0.0,0.0,0.21,0.26,0.0,0.14,0.0,0.19,0.0,0.0,0.0,0.0,0.8,391.3103719088187,3.499750821738064e-05
0.7,0.1,0.12,0.0,0.0,0.0,0.0,0.0,0.12,0.0,0.25,0.0,0.28,0.23,0.0,0.26,0.53,0.6,0.61,0.4,417.76007560953246,3.090112365331217e-05
0.2,0.1,0.0,0.0,0.0,0.0,0.0,0.0,0.18,0.0,0.31,0.0,0.26,0.25,0.0,0.25,0.96,0.57,0.22,0.5,401.3618114680058,3.328975132850286e-05
0.1,0.3,0.15,0.0,0.0,0.0,0.0,0.0,0.0,0.0,0.19,0.24,0.24,0.18,0.0,0.22,0.25,0.35,0.18,0.5,433.5344138918292,3.72762449570498e-05
0.3,0.0,0.0,0.3,0.0,0.0,0.0,0.0,0.0,0.0,0.0,0.24,0.29,0.17,0.0,0.0,0.0,0.0,0.0,0.2,349.98965230063,3.1846407543473584e-05
0.6,0.1,0.0,0.0,0.0,0.26,0.0,0.0,0.0,0.36,0.0,0.0,0.22,0.0,0.16,0.55,0.65,0.28,0.52,0.7,426.9452894502304,4.0120186564954385e-05
0.4,0.4,0.0,0.13,0.0,0.0,0.25,0.0,0.17,0.0,0.0,0.0,0.26,0.19,0.0,0.0,0.0,0.0,0.0,0.1,250.70015937045437,2.415629016942e-05
0.7,0.5,0.0,0.22,0.0,0.0,0.0,0.0,0.0,0.24,0.24,0.3,0.0,0.0,0.0,0.0,0.0,0.0,0.0,0.2,535.0422245223409,5.5360658617051784e-05
0.6,0.0,0.0,0.0,0.0,0.23,0.25,0.0,0.16,0.0,0.24,0.0,0.0,0.0,0.12,0.0,0.0,0.0,0.0,0.2,279.84703601909143,3.9154517620668304e-05
0.3,0.3,0.0,0.0,0.0,0.21,0.0,0.0,0.21,0.17,0.0,0.0,0.0,0.2,0.21,0.2,0.22,0.32,0.26,0.7,340.1581385477735,3.5738628419995405e-05
0.6,0.3,0.0,0.0,0.0,0.26,0.13,0.0,0.0,0.0,0.22,0.0,0.14,0.25,0.0,0.3,0.18,0.1,0.42,0.2,327.59158866140353,3.728943053730722e-05
0.7,0.5,0.25,0.21,0.0,0.0,0.0,0.26,0.15,0.0,0.0,0.0,0.13,0.0,0.0,0.0,0.0,0.0,0.0,0.8,394.4980165883346,3.318447548458046e-05
0.4,0.4,0.0,0.23,0.0,0.0,0.14,0.21,0.0,0.0,0.0,0.27,0.0,0.0,0.15,0.0,0.0,0.0,0.0,0.2,292.758673882656,2.7419594181079636e-05
0.6,0.0,0.0,0.0,0.31,0.0,0.19,0.0,0.0,0.17,0.0,0.0,0.0,0.33,0.0,0.0,0.0,0.0,0.0,0.1,192.04636418628766,2.836960673861108e-05
0.6,0.4,0.16,0.0,0.0,0.0,0.23,0.0,0.0,0.23,0.0,0.0,0.24,0.0,0.14,0.0,0.0,0.0,0.0,0.5,270.37089039027137,2.700294050920697e-05
0.7,0.3,0.0,0.0,0.0,0.0,0.0,0.0,0.17,0.21,0.0,0.15,0.19,0.28,0.0,0.21,0.35,0.13,0.31,0.1,376.8285487169997,3.418935845589164e-05
0.6,0.4,0.25,0.0,0.19,0.0,0.0,0.0,0.3,0.0,0.0,0.0,0.26,0.0,0.0,0.0,0.0,0.0,0.0,0.3,310.3679776125583,2.6161831132843313e-05
0.2,0.4,0.14,0.0,0.0,0.0,0.26,0.0,0.0,0.0,0.13,0.18,0.0,0.29,0.0,0.0,0.0,0.0,0.0,0.8,339.17921396498843,3.515616241761974e-05
0.6,0.4,0.0,0.0,0.26,0.12,0.25,0.0,0.0,0.11,0.0,0.0,0.0,0.0,0.26,0.0,0.0,0.0,0.0,0.4,279.7949786336365,3.585417132421342e-05
0.4,0.0,0.0,0.23,0.0,0.0,0.25,0.22,0.0,0.15,0.0,0.0,0.0,0.0,0.15,0.0,0.0,0.0,0.0,0.3,314.5642607125499,3.202956819770732e-05
0.7,0.1,0.0,0.0,0.24,0.17,0.0,0.0,0.0,0.0,0.0,0.11,0.0,0.26,0.22,0.47,0.4,0.64,0.49,0.5,349.1740233712077,3.4628515189594044e-05
0.3,0.5,0.25,0.15,0.26,0.0,0.0,0.0,0.12,0.22,0.0,0.0,0.0,0.0,0.0,0.0,0.0,0.0,0.0,0.8,354.46697423647913,3.7379297670188495e-05
0.1,0.5,0.26,0.0,0.0,0.0,0.0,0.19,0.0,0.0,0.27,0.0,0.28,0.0,0.0,0.0,0.0,0.0,0.0,0.5,338.4061809103994,2.5711119280367937e-05
0.3,0.3,0.0,0.18,0.22,0.24,0.0,0.0,0.0,0.0,0.16,0.0,0.2,0.0,0.0,0.28,0.26,0.26,0.2,0.5,378.3385268991526,3.0340289345778895e-05
0.6,0.0,0.0,0.22,0.0,0.0,0.0,0.0,0.3,0.0,0.0,0.0,0.24,0.24,0.0,0.0,0.0,0.0,0.0,0.4,370.03380695035645,2.4437051981096836e-05
0.6,0.2,0.0,0.0,0.28,0.13,0.0,0.0,0.0,0.31,0.28,0.0,0.0,0.0,0.0,0.0,0.0,0.0,0.0,0.2,426.1193839527686,4.0299872335343414e-05
0.7,0.1,0.0,0.0,0.17,0.0,0.0,0.19,0.0,0.0,0.23,0.12,0.0,0.0,0.29,0.5,0.17,0.75,0.58,0.8,442.21275974141315,4.064922225672183e-05
0.4,0.0,0.25,0.0,0.17,0.0,0.0,0.0,0.19,0.0,0.28,0.0,0.0,0.11,0.0,0.0,0.0,0.0,0.0,0.5,363.8228933042893,2.6880335777979054e-05
0.6,0.2,0.28,0.0,0.0,0.0,0.0,0.0,0.0,0.3,0.0,0.11,0.19,0.0,0.12,0.0,0.0,0.0,0.0,0.1,300.0922378923569,2.779355425024314e-05
0.6,0.4,0.18,0.0,0.16,0.0,0.21,0.0,0.0,0.0,0.0,0.3,0.15,0.0,0.0,0.0,0.0,0.0,0.0,0.4,306.61198308884286,3.197936603076314e-05
0.7,0.1,0.25,0.0,0.0,0.23,0.0,0.18,0.0,0.21,0.0,0.0,0.13,0.0,0.0,0.37,0.7,0.5,0.43,0.2,432.0006520178532,3.447113234187722e-05
0.4,0.0,0.0,0.0,0.0,0.24,0.0,0.19,0.22,0.14,0.0,0.0,0.0,0.21,0.0,0.0,0.0,0.0,0.0,0.8,396.2683147885873,3.773114631726705e-05
0.5,0.5,0.0,0.0,0.0,0.0,0.27,0.0,0.25,0.23,0.0,0.0,0.0,0.0,0.25,0.0,0.0,0.0,0.0,0.6,250.30577339895873,4.010534535634145e-05
0.4,0.1,0.0,0.21,0.2299999999999999,0.24,0.23,0.0,0.09,0.0,0.0,0.0,0.0,0.0,0.0,0.56,0.37,0.81,0.26,0.6,255.36881214358914,3.6736191348744496e-05
0.5,0.2,0.0,0.0,0.0,0.0,0.4,0.17,0.0,0.0,0.0,0.15,0.0,0.0,0.28,0.0,0.0,0.0,0.0,0.2,207.86639917081007,3.046420544472733e-05
0.1,0.2,0.0,0.0,0.26,0.13,0.0,0.17,0.0,0.0,0.0,0.22,0.0,0.0,0.22,0.0,0.0,0.0,0.0,0.8,327.79340161641187,3.5313975292382024e-05
0.4,0.2,0.0,0.0,0.16,0.0,0.0,0.0,0.18,0.0,0.0,0.26,0.13,0.0,0.27,0.0,0.0,0.0,0.0,0.2,275.97031832746626,2.8898705360304894e-05
0.5,0.5,0.0,0.0,0.0,0.19,0.0,0.0,0.22,0.0,0.33,0.0,0.0,0.26,0.0,0.0,0.0,0.0,0.0,0.8,472.79493749840054,3.924312694596839e-05
0.2,0.0,0.0,0.0,0.0,0.31,0.0,0.0,0.0,0.0,0.26,0.29,0.0,0.14,0.0,0.0,0.0,0.0,0.0,0.3,422.4813342404551,4.090727886145197e-05
0.3,0.0,0.24,0.0,0.0,0.0,0.23,0.0,0.0,0.14,0.0,0.0,0.17,0.0,0.22,0.0,0.0,0.0,0.0,0.7,246.987816130483,2.463563420581301e-05
0.6,0.3,0.0,0.0,0.2,0.0,0.37,0.0,0.0,0.0,0.15,0.0,0.0,0.0,0.28,0.28,0.27,0.29,0.16,0.5,269.7570358028948,3.9382104994578336e-05
0.6,0.2,0.0,0.0,0.2,0.0,0.0,0.0,0.2,0.0,0.0,0.26,0.24,0.1,0.0,0.0,0.0,0.0,0.0,0.4,347.0321770993846,3.486608872180192e-05
0.4,0.4,0.0,0.0,0.0,0.22,0.29,0.0,0.0,0.0,0.11,0.11,0.0,0.0,0.27,0.0,0.0,0.0,0.0,0.1,266.94414428661116,3.221260480416286e-05
0.2,0.4,0.0,0.27,0.0,0.0,0.0,0.0,0.0,0.23,0.31,0.19,0.0,0.0,0.0,0.0,0.0,0.0,0.0,0.7,578.3919209902853,4.702508199630991e-05
0.6,0.5,0.0,0.0,0.0,0.29,0.0,0.25,0.0,0.0,0.0,0.28,0.0,0.18,0.0,0.0,0.0,0.0,0.0,0.3,379.2948620826749,4.8773875775105914e-05
0.2,0.0,0.25,0.0,0.0,0.23,0.19,0.33,0.0,0.0,0.0,0.0,0.0,0.0,0.0,0.0,0.0,0.0,0.0,0.3,328.58419250171244,2.7541678914587573e-05
0.6,0.0,0.0,0.0,0.24,0.11,0.0,0.0,0.0,0.24,0.18,0.0,0.23,0.0,0.0,0.0,0.0,0.0,0.0,0.5,449.26288232012064,2.9373345216048088e-05
0.4,0.1,0.0,0.38,0.0,0.17,0.0,0.0,0.25,0.0,0.0,0.0,0.2,0.0,0.0,0.22,0.78,0.46,0.54,0.5,388.47896878447705,2.774024899282606e-05
0.5,0.2,0.0,0.0,0.0,0.14,0.0,0.0,0.0,0.23,0.0,0.14,0.0,0.16,0.33,0.0,0.0,0.0,0.0,0.1,315.7990771860934,3.5157332222741216e-05
0.3,0.0,0.0,0.0,0.0,0.0,0.21,0.0,0.0,0.0,0.32,0.0,0.0,0.24,0.23,0.0,0.0,0.0,0.0,0.8,342.3187236787367,3.219573888772669e-05
0.3,0.3,0.0,0.24,0.0,0.0,0.0,0.0,0.29,0.26,0.21,0.0,0.0,0.0,0.0,0.27,0.17,0.34,0.22,0.8,431.66068408707315,3.6601746248538696e-05
0.4,0.0,0.0,0.23,0.0,0.26,0.13,0.0,0.21,0.0,0.0,0.0,0.17,0.0,0.0,0.0,0.0,0.0,0.0,0.7,330.92434347534424,3.395810909253907e-05
0.5,0.1,0.0,0.0,0.32,0.0,0.0,0.12,0.0,0.0,0.0,0.35,0.0,0.21,0.0,0.57,0.43,0.6,0.4,0.5,352.46100606809773,4.800342631010563e-05
0.5,0.2,0.0,0.23,0.2,0.0,0.0,0.25,0.21,0.0,0.0,0.0,0.0,0.11,0.0,0.0,0.0,0.0,0.0,0.2,437.6722867387659,2.6969834112352036e-05
0.7,0.1,0.17,0.2,0.0,0.0,0.0,0.21,0.14,0.0,0.0,0.28,0.0,0.0,0.0,0.5,0.45,0.41,0.64,0.8,436.76882981646116,4.544697613536544e-05
0.6,0.5,0.23,0.21,0.0,0.22,0.0,0.0,0.0,0.0,0.0,0.0,0.0,0.0,0.34,0.0,0.0,0.0,0.0,0.1,330.3000449401784,3.388302977756529e-05
0.6,0.0,0.0,0.0,0.0,0.0,0.19,0.31,0.0,0.24,0.0,0.26,0.0,0.0,0.0,0.0,0.0,0.0,0.0,0.5,358.62051048744047,4.54994697642361e-05
0.3,0.4,0.11,0.0,0.0,0.27,0.0,0.31,0.18,0.0,0.13,0.0,0.0,0.0,0.0,0.0,0.0,0.0,0.0,0.8,365.72865797710847,3.578959129823167e-05
0.5,0.2,0.25,0.0,0.19,0.0,0.0,0.0,0.24,0.0,0.0,0.11,0.0,0.0,0.21,0.0,0.0,0.0,0.0,0.3,308.6734974078837,1.9632979508007088e-05
0.6,0.2,0.0,0.0,0.16,0.22,0.0,0.0,0.0,0.0,0.0,0.28,0.0,0.0,0.3399999999999999,0.0,0.0,0.0,0.0,0.7,374.302807097617,4.6776527748710036e-05
0.2,0.1,0.0,0.0,0.0,0.0,0.0,0.0,0.35,0.23,0.0,0.17,0.0,0.0,0.25,0.22,0.31,0.62,0.85,0.7,299.1275855163079,4.544711813720691e-05
0.6,0.2,0.0,0.0,0.0,0.28,0.0,0.27,0.0,0.24,0.0,0.21,0.0,0.0,0.0,0.0,0.0,0.0,0.0,0.8,437.37365888711486,4.876729748338069e-05
0.3,0.0,0.0,0.0,0.25,0.0,0.0,0.0,0.11,0.33,0.0,0.0,0.31,0.0,0.0,0.0,0.0,0.0,0.0,0.3,348.3909899573791,3.142658097210923e-05
0.1,0.5,0.29,0.24,0.0,0.0,0.0,0.0,0.0,0.23,0.13,0.11,0.0,0.0,0.0,0.0,0.0,0.0,0.0,0.4,380.50681452644983,3.250369921951578e-05
0.2,0.5,0.21,0.0,0.31,0.0,0.0,0.0,0.0,0.0,0.3,0.0,0.18,0.0,0.0,0.0,0.0,0.0,0.0,0.8,481.789955552437,3.594584603556625e-05
0.4,0.2,0.0,0.2799999999999999,0.0,0.21,0.0,0.26,0.0,0.0,0.0,0.0,0.25,0.0,0.0,0.0,0.0,0.0,0.0,0.2,431.08559376450376,2.481970089866587e-05
0.5,0.3,0.0,0.14,0.0,0.0,0.0,0.0,0.17,0.0,0.0,0.25,0.0,0.23,0.21,0.24,0.42,0.21,0.13,0.7,355.1269052872761,3.767564061903558e-05
0.2,0.1,0.0,0.17,0.11,0.24,0.0,0.0,0.0,0.2,0.0,0.0,0.0,0.2799999999999999,0.0,0.26,0.36,0.76,0.62,0.6,395.1000537225646,3.707783248262672e-05
0.5,0.3,0.0,0.19,0.0,0.14,0.0,0.0,0.26,0.22,0.19,0.0,0.0,0.0,0.0,0.17,0.1,0.36,0.37,0.6,467.1534614408389,3.053301989386783e-05
0.1,0.5,0.24,0.19,0.23,0.0,0.12,0.0,0.22,0.0,0.0,0.0,0.0,0.0,0.0,0.0,0.0,0.0,0.0,0.7,301.7748731894185,2.848494372188859e-05
0.6,0.1,0.22,0.16,0.17,0.0,0.0,0.0,0.0,0.0,0.0,0.22,0.23,0.0,0.0,0.53,0.65,0.34,0.48,0.3,342.2198695950753,3.4442434013454096e-05
0.4,0.3,0.0,0.0,0.28,0.12,0.23,0.0,0.24,0.0,0.0,0.0,0.0,0.13,0.0,0.33,0.15,0.21,0.31,0.2,229.34442624507992,2.9139141370347727e-05
0.5,0.1,0.27,0.0,0.13,0.0,0.0,0.0,0.0,0.3,0.15,0.0,0.15,0.0,0.0,0.51,0.41,0.39,0.69,0.6,429.30436901297736,3.234570180273527e-05
0.6,0.3,0.24,0.18,0.0,0.0,0.17,0.0,0.0,0.0,0.24,0.0,0.0,0.17,0.0,0.29,0.3,0.23,0.18,0.1,316.35329886969106,2.765478366846751e-05
0.5,0.1,0.0,0.28,0.0,0.0,0.0,0.25,0.0,0.0,0.19,0.0,0.0,0.28,0.0,0.5,0.29,0.72,0.49,0.2,460.70832944577126,3.7601603844332136e-05
0.4,0.2,0.0,0.0,0.0,0.0,0.0,0.0,0.0,0.0,0.28,0.2,0.22,0.0,0.3,0.0,0.0,0.0,0.0,0.1,459.0696856472636,3.555319923540768e-05
0.5,0.1,0.0,0.0,0.0,0.18,0.12,0.0,0.0,0.15,0.26,0.29,0.0,0.0,0.0,0.45,0.61,0.35,0.59,0.6,447.8958185365497,5.114613610695985e-05
0.4,0.2,0.0,0.0,0.0,0.0,0.26,0.22,0.0,0.0,0.23,0.29,0.0,0.0,0.0,0.0,0.0,0.0,0.0,0.5,353.66809480814743,3.640045828593866e-05
0.4,0.2,0.24,0.1,0.0,0.24,0.18,0.0,0.24,0.0,0.0,0.0,0.0,0.0,0.0,0.0,0.0,0.0,0.0,0.1,253.5580476510559,2.894669172403639e-05
0.1,0.1,0.33,0.0,0.0,0.0,0.16,0.0,0.0,0.0,0.0,0.0,0.0,0.25,0.26,0.76,0.32,0.26,0.66,0.5,259.4777402128155,2.6021081094798652e-05
0.7,0.2,0.0,0.0,0.0,0.29,0.0,0.13,0.0,0.0,0.0,0.19,0.25,0.0,0.14,0.0,0.0,0.0,0.0,0.4,394.56749137460673,3.641363816340035e-05
0.5,0.0,0.24,0.2,0.24,0.0,0.0,0.0,0.32,0.0,0.0,0.0,0.0,0.0,0.0,0.0,0.0,0.0,0.0,0.7,329.49468488447513,2.5441065636104258e-05
0.1,0.1,0.17,0.0,0.0,0.34,0.0,0.0,0.0,0.24,0.25,0.0,0.0,0.0,0.0,0.36,0.37,0.35,0.92,0.6,413.33729565937716,4.088382994193157e-05
0.1,0.1,0.2,0.0,0.26,0.15,0.0,0.21,0.0,0.0,0.0,0.0,0.18,0.0,0.0,0.53,0.38,0.58,0.51,0.2,341.50120511705046,3.1516592406937485e-05
0.7,0.0,0.0,0.23,0.0,0.0,0.0,0.24,0.0,0.3,0.0,0.0,0.0,0.0,0.23,0.0,0.0,0.0,0.0,0.1,495.0285072651641,2.796504839000783e-05
0.6,0.5,0.0,0.37,0.17,0.0,0.0,0.0,0.0,0.0,0.0,0.21,0.0,0.25,0.0,0.0,0.0,0.0,0.0,0.5,504.05875131075345,4.896593321900933e-05
0.6,0.1,0.0,0.25,0.0,0.22,0.0,0.23,0.0,0.0,0.0,0.12,0.0,0.0,0.18,0.56,0.63,0.45,0.36,0.5,446.1253766759483,3.445892991319349e-05
0.6,0.4,0.0,0.13,0.0,0.0,0.0,0.0,0.0,0.36,0.0,0.15,0.0,0.36,0.0,0.0,0.0,0.0,0.0,0.3,443.11759537947455,4.230008042965263e-05
0.3,0.4,0.0,0.0,0.18,0.0,0.0,0.19,0.17,0.0,0.0,0.0,0.2,0.26,0.0,0.0,0.0,0.0,0.0,0.5,348.02873135029165,2.693918297187035e-05
0.4,0.1,0.0,0.0,0.0,0.0,0.24,0.0,0.18,0.27,0.0,0.13,0.0,0.0,0.18,0.49,0.56,0.53,0.42,0.1,191.3003623311024,4.184424570811636e-05
0.1,0.3,0.25,0.13,0.0,0.0,0.21,0.0,0.0,0.24,0.17,0.0,0.0,0.0,0.0,0.38,0.34,0.18,0.1,0.2,260.54540656659333,2.3082679629129396e-05
0.5,0.0,0.0,0.0,0.0,0.0,0.23,0.0,0.28,0.0,0.24,0.0,0.0,0.15,0.1,0.0,0.0,0.0,0.0,0.2,275.8871159797283,3.431308209786854e-05
0.5,0.1,0.0,0.0,0.33,0.0,0.0,0.33,0.0,0.0,0.16,0.0,0.0,0.18,0.0,0.74,0.24,0.23,0.79,0.2,434.3118565791807,4.242664488013101e-05
0.6,0.1,0.29,0.0,0.0,0.12,0.0,0.0,0.18,0.0,0.0,0.0,0.0,0.18,0.23,0.42,0.77,0.26,0.55,0.6,374.4388569192747,3.1278353237384677e-05
0.6,0.0,0.12,0.21,0.0,0.0,0.0,0.0,0.0,0.0,0.0,0.0,0.27,0.24,0.16,0.0,0.0,0.0,0.0,0.5,363.57243518667866,2.498948313754942e-05
0.2,0.4,0.0,0.0,0.34,0.0,0.0,0.0,0.0,0.26,0.0,0.15,0.25,0.0,0.0,0.0,0.0,0.0,0.0,0.4,404.76132780524426,4.412663003900949e-05
0.1,0.3,0.0,0.0,0.33,0.19,0.34,0.0,0.0,0.0,0.0,0.14,0.0,0.0,0.0,0.29,0.21,0.32,0.18,0.1,232.68755613647008,3.6187056222152663e-05
0.3,0.3,0.0,0.15,0.0,0.0,0.0,0.28,0.0,0.0,0.16,0.0,0.0,0.22,0.19,0.27,0.22,0.3,0.21,0.4,415.80760904028494,2.8407299705811734e-05
0.2,0.5,0.0,0.0,0.21,0.0,0.15,0.0,0.26,0.0,0.16,0.0,0.0,0.22,0.0,0.0,0.0,0.0,0.0,0.8,362.86816815260096,3.765620678070612e-05
0.6,0.0,0.0,0.0,0.0,0.0,0.0,0.0,0.23,0.0,0.28,0.14,0.21,0.0,0.14,0.0,0.0,0.0,0.0,0.7,450.7879478150748,3.6418057400426246e-05
0.3,0.3,0.25,0.0,0.0,0.18,0.0,0.0,0.0,0.29,0.0,0.0,0.0,0.28,0.0,0.13,0.2,0.3,0.37,0.4,361.1194157568523,3.3184121021199057e-05
0.5,0.2,0.0,0.0,0.0,0.0,0.0,0.0,0.13,0.0,0.0,0.2,0.16,0.27,0.24,0.0,0.0,0.0,0.0,0.1,300.3866761965943,2.8283650594024004e-05
0.3,0.3,0.0,0.0,0.23,0.33,0.0,0.14,0.0,0.0,0.0,0.16,0.14,0.0,0.0,0.31,0.42,0.11,0.16,0.2,317.1648374943803,3.649739954188484e-05
0.5,0.2,0.0,0.0,0.32,0.2,0.0,0.28,0.0,0.0,0.0,0.0,0.0,0.0,0.2,0.0,0.0,0.0,0.0,0.3,398.0044202732111,3.136097962474673e-05
0.1,0.0,0.0,0.23,0.0,0.26,0.0,0.0,0.18,0.0,0.33,0.0,0.0,0.0,0.0,0.0,0.0,0.0,0.0,0.1,371.5465172849248,3.462405723599897e-05
0.6,0.4,0.0,0.37,0.17,0.0,0.19,0.0,0.27,0.0,0.0,0.0,0.0,0.0,0.0,0.0,0.0,0.0,0.0,0.3,294.54925742085925,3.6067452414506796e-05
0.2,0.4,0.0,0.0,0.0,0.0,0.0,0.21,0.15,0.24,0.0,0.16,0.0,0.0,0.24,0.0,0.0,0.0,0.0,0.3,311.500091524732,3.691091586473638e-05
0.4,0.3,0.0,0.0,0.22,0.0,0.14,0.0,0.0,0.22,0.27,0.0,0.0,0.15,0.0,0.3,0.19,0.35,0.16,0.1,356.3824646698774,3.8550575388628835e-05
0.2,0.5,0.0,0.14,0.23,0.0,0.0,0.0,0.17,0.0,0.0,0.0,0.0,0.28,0.18,0.0,0.0,0.0,0.0,0.4,389.4936785627104,3.2874857968420305e-05
0.1,0.3,0.0,0.0,0.17,0.0,0.24,0.0,0.23,0.0,0.17,0.0,0.0,0.19,0.0,0.23,0.1,0.36,0.31,0.3,286.84143586730454,2.8976280704194523e-05
0.6,0.4,0.0,0.28,0.0,0.0,0.0,0.26,0.0,0.16,0.3,0.0,0.0,0.0,0.0,0.0,0.0,0.0,0.0,0.1,466.98424867712873,3.1189951358922084e-05
0.7,0.5,0.0,0.14,0.0,0.14,0.0,0.0,0.16,0.0,0.0,0.32,0.0,0.0,0.24,0.0,0.0,0.0,0.0,0.4,392.56616720707024,5.4581693801240076e-05
0.6,0.0,0.21,0.0,0.0,0.0,0.0,0.32,0.18,0.0,0.0,0.0,0.29,0.0,0.0,0.0,0.0,0.0,0.0,0.6,429.7990704601374,3.847547761413187e-05
0.6,0.2,0.0,0.0,0.0,0.11,0.0,0.18,0.2,0.0,0.26,0.0,0.25,0.0,0.0,0.0,0.0,0.0,0.0,0.5,454.6585054244648,2.677907281093707e-05
0.6,0.0,0.0,0.0,0.18,0.36,0.21,0.0,0.0,0.25,0.0,0.0,0.0,0.0,0.0,0.0,0.0,0.0,0.0,0.2,217.98474206957852,3.939145839831583e-05
0.7,0.2,0.0,0.22,0.0,0.0,0.14,0.24,0.15,0.0,0.0,0.25,0.0,0.0,0.0,0.0,0.0,0.0,0.0,0.6,374.5489721638276,3.612990270595499e-05
0.5,0.4,0.25,0.0,0.2,0.0,0.0,0.0,0.0,0.0,0.0,0.18,0.11,0.0,0.26,0.0,0.0,0.0,0.0,0.1,322.42205447074815,3.1800890054943024e-05
0.1,0.1,0.0,0.0,0.22,0.0,0.0,0.0,0.0,0.0,0.0,0.21,0.0,0.2,0.37,0.49,0.64,0.47,0.4,0.1,261.8322376180786,2.4470897533294276e-05
0.7,0.5,0.0,0.0,0.19,0.0,0.21,0.23,0.0,0.0,0.0,0.0,0.0,0.2,0.17,0.0,0.0,0.0,0.0,0.8,322.0139345872901,4.0825940162553545e-05
0.5,0.5,0.0,0.0,0.0,0.0,0.29,0.1,0.22,0.21,0.18,0.0,0.0,0.0,0.0,0.0,0.0,0.0,0.0,0.4,285.2925805092655,3.242166180922429e-05
0.6,0.3,0.0,0.0,0.25,0.0,0.31,0.0,0.0,0.0,0.0,0.0,0.0,0.26,0.18,0.4,0.12,0.29,0.19,0.6,258.3402230071623,3.347864322524428e-05
0.2,0.4,0.24,0.0,0.0,0.16,0.0,0.0,0.21,0.0,0.22,0.0,0.0,0.17,0.0,0.0,0.0,0.0,0.0,0.7,353.25300033437003,2.7114940161883446e-05
0.2,0.1,0.0,0.0,0.19,0.21,0.0,0.0,0.0,0.12,0.0,0.27,0.0,0.0,0.21,0.55,0.27,0.7,0.48,0.7,287.1957488339941,4.6554520721574856e-05
0.6,0.0,0.0,0.0,0.0,0.22,0.19,0.0,0.35,0.0,0.0,0.0,0.24,0.0,0.0,0.0,0.0,0.0,0.0,0.1,246.24515674036593,3.2445211795397835e-05
0.6,0.1,0.0,0.0,0.0,0.0,0.25,0.17,0.0,0.0,0.0,0.0,0.35,0.0,0.23,0.26,0.78,0.27,0.69,0.8,354.3377401638213,3.319121413263528e-05
0.4,0.3,0.17,0.0,0.0,0.0,0.0,0.16,0.0,0.0,0.0,0.32,0.0,0.35,0.0,0.4,0.16,0.24,0.2,0.3,344.7403635278821,2.9586408544317487e-05
0.5,0.5,0.0,0.0,0.0,0.0,0.0,0.16,0.0,0.17,0.26,0.0,0.27,0.0,0.14,0.0,0.0,0.0,0.0,0.8,475.54003134398386,3.335474219677875e-05
0.4,0.4,0.0,0.0,0.0,0.0,0.0,0.0,0.14,0.12,0.0,0.26,0.0,0.28,0.2,0.0,0.0,0.0,0.0,0.1,308.01548274473487,3.843926515744666e-05
0.2,0.5,0.0,0.0,0.0,0.0,0.0,0.23,0.0,0.24,0.0,0.24,0.16,0.0,0.13,0.0,0.0,0.0,0.0,0.1,273.0388447100929,3.3035979641310514e-05
0.6,0.5,0.0,0.0,0.0,0.3,0.0,0.0,0.0,0.0,0.22,0.19,0.29,0.0,0.0,0.0,0.0,0.0,0.0,0.1,419.68251467008287,5.2388661521535955e-05
0.7,0.4,0.18,0.0,0.0,0.0,0.0,0.0,0.0,0.29,0.0,0.0,0.18,0.0,0.35,0.0,0.0,0.0,0.0,0.8,412.6526822671888,3.5821089584025895e-05
0.2,0.4,0.0,0.0,0.0,0.19,0.0,0.0,0.2,0.0,0.31,0.0,0.0,0.3,0.0,0.0,0.0,0.0,0.0,0.1,391.6846285439316,3.437696333432893e-05
0.5,0.1,0.0,0.0,0.24,0.09,0.22,0.0,0.21,0.24,0.0,0.0,0.0,0.0,0.0,0.59,0.42,0.42,0.57,0.8,300.69625377658224,3.984397011859834e-05
0.5,0.3,0.0,0.0,0.0,0.0,0.0,0.39,0.0,0.0,0.17,0.23,0.21,0.0,0.0,0.1,0.3,0.25,0.35,0.7,487.9915352750258,4.5291574051458526e-05
0.4,0.3,0.0,0.0,0.0,0.14,0.0,0.0,0.3,0.14,0.0,0.0,0.16,0.0,0.26,0.21,0.27,0.28,0.24,0.6,346.0816781840473,3.181381159447516e-05
0.2,0.1,0.0,0.0,0.0,0.0,0.17,0.0,0.0,0.0,0.32,0.13,0.0,0.24,0.14,0.69,0.33,0.42,0.56,0.3,372.0385803302774,3.743914651393171e-05
0.6,0.1,0.0,0.0,0.0,0.0,0.19,0.0,0.0,0.0,0.24,0.36,0.0,0.0,0.21,0.41,0.49,0.68,0.42,0.2,312.12268062432383,4.584430634381118e-05
0.7,0.1,0.0,0.25,0.27,0.16,0.0,0.0,0.0,0.17,0.0,0.0,0.0,0.15,0.0,0.72,0.3,0.61,0.37,0.7,410.5635278449136,4.4206139632347246e-05
0.2,0.4,0.0,0.17,0.0,0.0,0.0,0.23,0.0,0.0,0.0,0.17,0.29,0.14,0.0,0.0,0.0,0.0,0.0,0.4,362.654156213972,3.21138461730764e-05
0.4,0.5,0.0,0.0,0.0,0.22,0.0,0.25,0.25,0.0,0.0,0.0,0.28,0.0,0.0,0.0,0.0,0.0,0.0,0.7,368.9637368530576,3.474156938497359e-05
0.3,0.0,0.0,0.13,0.0,0.28,0.0,0.13,0.23,0.0,0.0,0.0,0.0,0.0,0.23,0.0,0.0,0.0,0.0,0.8,362.743250039264,3.219515380007356e-05
0.1,0.5,0.15,0.24,0.0,0.0,0.3399999999999999,0.0,0.0,0.0,0.0,0.0,0.0,0.0,0.27,0.0,0.0,0.0,0.0,0.2,274.9316609251119,3.26075916692456e-05
0.6,0.1,0.0,0.0,0.26,0.19,0.23,0.0,0.0,0.18,0.0,0.0,0.0,0.0,0.14,0.65,0.32,0.61,0.42,0.7,281.12895625285796,3.773578570081042e-05
0.7,0.0,0.11,0.24,0.0,0.2,0.0,0.0,0.0,0.0,0.0,0.0,0.23,0.22,0.0,0.0,0.0,0.0,0.0,0.4,369.4414357614766,2.622543883200227e-05
0.5,0.5,0.14,0.0,0.0,0.0,0.0,0.3,0.2,0.0,0.0,0.12,0.24,0.0,0.0,0.0,0.0,0.0,0.0,0.2,336.1381236253768,3.016599639741286e-05
0.5,0.4,0.25,0.16,0.0,0.0,0.1,0.26,0.0,0.23,0.0,0.0,0.0,0.0,0.0,0.0,0.0,0.0,0.0,0.2,358.99653257439496,2.6030152194193246e-05
0.3,0.0,0.0,0.0,0.22,0.0,0.17,0.22,0.0,0.0,0.22,0.17,0.0,0.0,0.0,0.0,0.0,0.0,0.0,0.7,386.708150200721,3.850600705614674e-05
0.2,0.0,0.0,0.0,0.0,0.0,0.22,0.0,0.31,0.19,0.0,0.0,0.28,0.0,0.0,0.0,0.0,0.0,0.0,0.4,250.21979221511197,2.9240698775889092e-05
0.2,0.3,0.0,0.0,0.0,0.22,0.14,0.0,0.0,0.0,0.0,0.0,0.27,0.17,0.2,0.26,0.3,0.13,0.31,0.2,280.294227502554,2.5675967141146358e-05
0.7,0.5,0.0,0.0,0.22,0.0,0.16,0.0,0.0,0.0,0.0,0.0,0.17,0.23,0.22,0.0,0.0,0.0,0.0,0.6,341.0048768871093,3.078495533360878e-05
0.6,0.4,0.32,0.32,0.16,0.0,0.0,0.0,0.0,0.0,0.2,0.0,0.0,0.0,0.0,0.0,0.0,0.0,0.0,0.6,449.03068568660086,3.5170203966158305e-05
0.5,0.0,0.12,0.0,0.16,0.0,0.0,0.28,0.0,0.0,0.15,0.0,0.0,0.0,0.29,0.0,0.0,0.0,0.0,0.7,420.1559203045332,2.8188189021652607e-05
0.7,0.2,0.0,0.21,0.0,0.0,0.24,0.26,0.0,0.15,0.0,0.0,0.0,0.0,0.14,0.0,0.0,0.0,0.0,0.5,388.68939929428217,3.237602489971946e-05
0.7,0.5,0.27,0.0,0.0,0.16,0.0,0.0,0.0,0.0,0.0,0.22,0.18,0.0,0.17,0.0,0.0,0.0,0.0,0.7,378.70823667702984,3.9226280374484074e-05
0.2,0.3,0.0,0.28,0.0,0.0,0.0,0.0,0.0,0.0,0.33,0.19,0.0,0.2,0.0,0.29,0.14,0.34,0.23,0.2,555.308371580353,3.6752042013829336e-05
0.5,0.4,0.21,0.0,0.0,0.0,0.0,0.3,0.33,0.0,0.0,0.16,0.0,0.0,0.0,0.0,0.0,0.0,0.0,0.3,334.0837150976425,3.4483718210713316e-05
0.1,0.5,0.0,0.0,0.0,0.3,0.0,0.0,0.16,0.25,0.13,0.0,0.16,0.0,0.0,0.0,0.0,0.0,0.0,0.7,347.68390509104586,4.2973489140001455e-05
0.7,0.2,0.0,0.0,0.0,0.0,0.0,0.22,0.26,0.19,0.0,0.0,0.0,0.0,0.33,0.0,0.0,0.0,0.0,0.1,464.56173829452086,2.9305733419863454e-05
0.1,0.3,0.17,0.18,0.0,0.0,0.0,0.0,0.0,0.0,0.14,0.0,0.22,0.29,0.0,0.32,0.32,0.19,0.17,0.5,375.82607838842756,2.412885715817256e-05
0.2,0.3,0.0,0.0,0.0,0.0,0.32,0.0,0.0,0.23,0.0,0.0,0.0,0.15,0.3,0.28,0.25,0.23,0.24,0.7,229.14738477045,3.9701858949851124e-05
0.6,0.2,0.0,0.36,0.0,0.14,0.0,0.0,0.0,0.0,0.28,0.0,0.0,0.0,0.22,0.0,0.0,0.0,0.0,0.2,438.89383913616615,3.233057433387889e-05
0.2,0.5,0.0,0.0,0.0,0.0,0.34,0.0,0.26,0.16,0.0,0.0,0.24,0.0,0.0,0.0,0.0,0.0,0.0,0.2,218.66399245488046,2.4368902869757257e-05
0.1,0.2,0.0,0.18,0.0,0.0,0.25,0.0,0.22,0.0,0.35,0.0,0.0,0.0,0.0,0.0,0.0,0.0,0.0,0.1,332.3226523673582,3.164109629039373e-05
0.4,0.5,0.0,0.0,0.0,0.13,0.0,0.0,0.0,0.18,0.0,0.27,0.27,0.15,0.0,0.0,0.0,0.0,0.0,0.6,414.3884264745614,4.777482038864265e-05
0.1,0.2,0.25,0.0,0.0,0.0,0.0,0.0,0.0,0.0,0.0,0.38,0.2,0.0,0.17,0.0,0.0,0.0,0.0,0.3,304.05858735281777,2.767419139411294e-05
0.2,0.0,0.0,0.0,0.15,0.21,0.0,0.0,0.0,0.0,0.41,0.0,0.0,0.0,0.23,0.0,0.0,0.0,0.0,0.3,391.3483153830805,3.4973742992551034e-05
0.3,0.0,0.0,0.0,0.37,0.16,0.23,0.24,0.0,0.0,0.0,0.0,0.0,0.0,0.0,0.0,0.0,0.0,0.0,0.1,237.0096604195273,3.0463863801443073e-05
0.5,0.2,0.0,0.0,0.0,0.0,0.0,0.34,0.0,0.25,0.25,0.0,0.0,0.0,0.16,0.0,0.0,0.0,0.0,0.1,478.9609120850835,3.275704001096281e-05
0.4,0.0,0.0,0.0,0.25,0.0,0.0,0.0,0.21,0.16,0.23,0.15,0.0,0.0,0.0,0.0,0.0,0.0,0.0,0.6,454.25319391296875,3.415129393856672e-05
0.7,0.3,0.33,0.21,0.0,0.0,0.0,0.0,0.25,0.0,0.0,0.0,0.21,0.0,0.0,0.1,0.36,0.24,0.3,0.8,357.848541382847,2.9334625543292937e-05
0.3,0.0,0.0,0.0,0.0,0.22,0.18,0.0,0.27,0.0,0.0,0.13,0.2,0.0,0.0,0.0,0.0,0.0,0.0,0.7,259.15844374729653,3.263808778092242e-05
0.4,0.0,0.0,0.23,0.25,0.0,0.34,0.18,0.0,0.0,0.0,0.0,0.0,0.0,0.0,0.0,0.0,0.0,0.0,0.5,267.02112574673583,3.1279044078993415e-05
0.1,0.5,0.0,0.0,0.0,0.3,0.0,0.2,0.0,0.0,0.0,0.0,0.26,0.0,0.24,0.0,0.0,0.0,0.0,0.1,309.63295054801875,3.095094185958017e-05
0.6,0.3,0.0,0.29,0.0,0.26,0.0,0.0,0.0,0.21,0.12,0.0,0.0,0.0,0.12,0.19,0.08,0.36,0.37,0.1,384.90539650736633,3.6924869431888295e-05
0.4,0.3,0.0,0.0,0.0,0.0,0.0,0.0,0.0,0.31,0.0,0.0,0.29,0.17,0.23,0.33,0.18,0.39,0.1,0.4,391.87339014801756,3.5307444005626034e-05
0.1,0.0,0.2,0.0,0.0,0.0,0.0,0.0,0.0,0.0,0.3,0.0,0.18,0.12,0.2,0.0,0.0,0.0,0.0,0.6,362.47508461751437,2.4717200283298427e-05
0.4,0.1,0.13,0.0,0.28,0.0,0.12,0.17,0.0,0.0,0.0,0.0,0.0,0.0,0.3,0.26,0.72,0.78,0.24,0.2,273.0712630688553,3.306200542561117e-05
0.7,0.2,0.3,0.0,0.16,0.0,0.0,0.23,0.0,0.0,0.0,0.0,0.0,0.0,0.31,0.0,0.0,0.0,0.0,0.3,365.7603459099616,2.9249902421440746e-05
0.3,0.4,0.0,0.0,0.29,0.0,0.0,0.0,0.0,0.17,0.0,0.14,0.0,0.18,0.22,0.0,0.0,0.0,0.0,0.5,426.5352513043716,3.868607965959325e-05
0.4,0.1,0.0,0.0,0.0,0.0,0.0,0.17,0.0,0.23,0.11,0.25,0.0,0.24,0.0,0.37,0.65,0.52,0.46,0.2,412.78586033314065,4.0593041625774885e-05
0.7,0.3,0.28,0.0,0.0,0.0,0.0,0.0,0.0,0.0,0.19,0.3,0.23,0.0,0.0,0.33,0.13,0.35,0.19,0.3,421.1007001290908,3.526888446769972e-05
0.6,0.0,0.23,0.0,0.0,0.35,0.0,0.0,0.0,0.0,0.0,0.19,0.0,0.0,0.23,0.0,0.0,0.0,0.0,0.3,317.6364662715866,3.9973519507479534e-05
0.5,0.0,0.26,0.0,0.0,0.0,0.0,0.0,0.0,0.23,0.0,0.18,0.0,0.14,0.19,0.0,0.0,0.0,0.0,0.8,340.6540114010756,3.8872990084746485e-05
0.6,0.5,0.0,0.0,0.0,0.25,0.35,0.0,0.0,0.16,0.0,0.0,0.0,0.24,0.0,0.0,0.0,0.0,0.0,0.1,222.56620121633682,3.838329250824642e-05
0.2,0.3,0.23,0.0,0.0,0.0,0.0,0.0,0.0,0.39,0.0,0.0,0.19,0.19,0.0,0.31,0.27,0.23,0.19,0.4,313.57125383425705,3.96184741624789e-05
0.1,0.0,0.0,0.0,0.0,0.24,0.13,0.0,0.0,0.0,0.0,0.25,0.2,0.18,0.0,0.0,0.0,0.0,0.0,0.1,252.3858099650725,3.534000208532779e-05
0.4,0.3,0.3,0.0,0.18,0.0,0.0,0.0,0.0,0.0,0.26,0.0,0.0,0.0,0.26,0.25,0.32,0.32,0.11,0.1,352.9093424287462,2.9057921643605438e-05
0.7,0.2,0.22,0.0,0.0,0.0,0.0,0.0,0.0,0.0,0.0,0.25,0.0,0.33,0.2,0.0,0.0,0.0,0.0,0.3,348.7697139995372,3.1293593402152116e-05
0.5,0.2,0.0,0.2,0.0,0.0,0.25,0.09,0.0,0.0,0.0,0.2,0.0,0.0,0.26,0.0,0.0,0.0,0.0,0.5,277.34340811775223,3.097935240845856e-05
0.3,0.0,0.0,0.0,0.26,0.13,0.22,0.0,0.0,0.29,0.0,0.0,0.0,0.1,0.0,0.0,0.0,0.0,0.0,0.6,266.0131162392176,2.98859124674393e-05
0.2,0.4,0.0,0.0,0.26,0.0,0.26,0.26,0.0,0.22,0.0,0.0,0.0,0.0,0.0,0.0,0.0,0.0,0.0,0.4,272.95881986360246,2.816791992189707e-05
0.2,0.1,0.0,0.29,0.0,0.0,0.22,0.0,0.0,0.0,0.31,0.0,0.18,0.0,0.0,0.47,0.56,0.54,0.43,0.2,328.02766529913356,3.702605933157759e-05
0.1,0.3,0.0,0.0,0.0,0.0,0.0,0.34,0.0,0.22,0.25,0.0,0.19,0.0,0.0,0.41,0.23,0.12,0.24,0.8,410.3278195916091,4.004426256447537e-05
0.4,0.1,0.0,0.22,0.0,0.0,0.0,0.0,0.0,0.0,0.28,0.23,0.0,0.0,0.27,0.46,0.36,0.33,0.85,0.7,511.6219532804551,4.519232082278027e-05
0.2,0.2,0.0,0.18,0.29,0.0,0.0,0.0,0.0,0.32,0.0,0.0,0.21,0.0,0.0,0.0,0.0,0.0,0.0,0.6,412.49318541351715,4.1924845437418e-05
0.1,0.3,0.0,0.0,0.14,0.14,0.0,0.0,0.0,0.0,0.0,0.0,0.35,0.17,0.2,0.35,0.27,0.1,0.28,0.6,309.1296300459871,3.0307871812962798e-05
0.2,0.3,0.0,0.0,0.0,0.0,0.17,0.0,0.0,0.0,0.0,0.28,0.0,0.22,0.33,0.18,0.34,0.21,0.27,0.8,292.6097387348779,3.757736492158109e-05
0.3,0.5,0.0,0.0,0.0,0.0,0.23,0.13,0.0,0.22,0.0,0.27,0.15,0.0,0.0,0.0,0.0,0.0,0.0,0.1,235.38483585350235,2.929549191940293e-05
0.1,0.2,0.18,0.24,0.0,0.0,0.0,0.0,0.0,0.0,0.0,0.12,0.22,0.24,0.0,0.0,0.0,0.0,0.0,0.3,363.41814250352485,2.6320126275785176e-05
0.3,0.5,0.0,0.0,0.0,0.0,0.27,0.11,0.0,0.27,0.21,0.0,0.0,0.0,0.14,0.0,0.0,0.0,0.0,0.1,281.45520204997473,3.261054773468924e-05
0.2,0.4,0.0,0.3,0.0,0.2,0.0,0.0,0.0,0.17,0.0,0.0,0.2,0.13,0.0,0.0,0.0,0.0,0.0,0.5,379.3196836709237,3.2662604181517276e-05
0.5,0.1,0.0,0.25,0.0,0.0,0.0,0.0,0.0,0.0,0.29,0.0,0.27,0.0,0.19,0.55,0.57,0.32,0.56,0.4,425.005425788131,3.37295178709614e-05
0.4,0.5,0.0,0.25,0.0,0.18,0.35,0.0,0.22,0.0,0.0,0.0,0.0,0.0,0.0,0.0,0.0,0.0,0.0,0.4,270.1675546136503,3.182595003290813e-05
0.6,0.4,0.0,0.0,0.0,0.35,0.14,0.0,0.0,0.0,0.0,0.0,0.27,0.0,0.24,0.0,0.0,0.0,0.0,0.4,307.5417859756275,3.962230717671334e-05
0.7,0.2,0.18,0.0,0.21,0.0,0.0,0.0,0.0,0.22,0.0,0.39,0.0,0.0,0.0,0.0,0.0,0.0,0.0,0.6,390.27779877126005,4.661649444700302e-05
0.1,0.5,0.0,0.17,0.0,0.25,0.0,0.2,0.0,0.0,0.0,0.16,0.0,0.0,0.22,0.0,0.0,0.0,0.0,0.3,344.1935058107434,3.855325349252852e-05
0.2,0.5,0.22,0.0,0.0,0.37,0.0,0.0,0.0,0.29,0.0,0.0,0.12,0.0,0.0,0.0,0.0,0.0,0.0,0.3,328.7250993047836,4.480703218930132e-05
0.4,0.1,0.0,0.41,0.0,0.0,0.23,0.0,0.0,0.0,0.0,0.17,0.0,0.0,0.19,0.35,0.39,0.57,0.69,0.4,289.0193203912311,2.9801378069120408e-05
0.1,0.2,0.0,0.0,0.0,0.21,0.28,0.28,0.23,0.0,0.0,0.0,0.0,0.0,0.0,0.0,0.0,0.0,0.0,0.7,257.7764716222194,3.298774500379509e-05
0.5,0.4,0.14,0.0,0.0,0.2,0.12,0.0,0.0,0.0,0.0,0.0,0.0,0.2799999999999999,0.26,0.0,0.0,0.0,0.0,0.4,307.7284583011971,2.7920710498344925e-05
0.2,0.3,0.0,0.27,0.14,0.0,0.0,0.35,0.24,0.0,0.0,0.0,0.0,0.0,0.0,0.34,0.24,0.21,0.21,0.1,379.3967999808966,3.4358671659585655e-05
0.4,0.2,0.0,0.24,0.0,0.14,0.0,0.0,0.0,0.0,0.23,0.0,0.39,0.0,0.0,0.0,0.0,0.0,0.0,0.8,434.24578524657454,3.1473495263554114e-05
0.7,0.0,0.0,0.0,0.32,0.0,0.16,0.0,0.0,0.0,0.24,0.0,0.0,0.0,0.28,0.0,0.0,0.0,0.0,0.7,354.77139610028667,3.750479738367697e-05
0.5,0.2,0.0,0.0,0.32,0.0,0.14,0.0,0.0,0.0,0.27,0.0,0.27,0.0,0.0,0.0,0.0,0.0,0.0,0.5,409.1407346472099,3.100653087747839e-05
0.1,0.1,0.0,0.24,0.0,0.0,0.18,0.0,0.0,0.19,0.0,0.24,0.15,0.0,0.0,0.96,0.33,0.41,0.3,0.5,229.88047514679835,4.2422323066018403e-05
0.6,0.0,0.19,0.0,0.0,0.0,0.0,0.0,0.2,0.0,0.0,0.23,0.25,0.13,0.0,0.0,0.0,0.0,0.0,0.5,329.7978415165711,2.8114473596581405e-05
0.6,0.3,0.0,0.25,0.0,0.0,0.0,0.37,0.0,0.0,0.2,0.0,0.0,0.18,0.0,0.35,0.34,0.19,0.12,0.7,490.6661775515081,3.527062113606048e-05
0.4,0.5,0.17,0.0,0.0,0.28,0.0,0.0,0.0,0.24,0.31,0.0,0.0,0.0,0.0,0.0,0.0,0.0,0.0,0.4,426.66285255750114,4.052176945487047e-05
0.5,0.0,0.25,0.11,0.0,0.0,0.0,0.19,0.23,0.22,0.0,0.0,0.0,0.0,0.0,0.0,0.0,0.0,0.0,0.2,439.2718887294969,2.42293945598085e-05
0.6,0.4,0.18,0.0,0.0,0.19,0.19,0.17,0.0,0.0,0.0,0.0,0.0,0.0,0.27,0.0,0.0,0.0,0.0,0.4,292.20995219711716,2.3130484560523305e-05
0.5,0.5,0.0,0.0,0.0,0.0,0.0,0.0,0.0,0.29,0.25,0.0,0.0,0.24,0.22,0.0,0.0,0.0,0.0,0.8,523.3376027334127,3.804445967476591e-05
0.3,0.2,0.14,0.0,0.27,0.0,0.0,0.0,0.0,0.23,0.19,0.0,0.17,0.0,0.0,0.0,0.0,0.0,0.0,0.1,354.2241330247423,3.040296883938609e-05
0.2,0.1,0.23,0.0,0.19,0.0,0.0,0.0,0.0,0.0,0.0,0.23,0.23,0.0,0.12,0.36,0.41,0.8,0.43,0.5,293.3173375166992,2.670690486557543e-05
0.4,0.0,0.0,0.0,0.0,0.0,0.0,0.18,0.0,0.26,0.0,0.0,0.23,0.0,0.33,0.0,0.0,0.0,0.0,0.8,401.2314727973536,3.3282926729964467e-05
0.7,0.5,0.19,0.23,0.0,0.0,0.12,0.0,0.0,0.0,0.0,0.27,0.0,0.0,0.19,0.0,0.0,0.0,0.0,0.2,324.2918503209254,3.754820952851468e-05
0.4,0.0,0.0,0.0,0.0,0.0,0.0,0.0,0.23,0.2299999999999999,0.0,0.0,0.19,0.13,0.22,0.0,0.0,0.0,0.0,0.5,370.7107521054402,2.8394575991963997e-05
0.3,0.3,0.0,0.23,0.0,0.0,0.0,0.3,0.0,0.0,0.0,0.21,0.0,0.26,0.0,0.32,0.35,0.2,0.13,0.4,386.978082241864,3.67342692715672e-05
0.4,0.1,0.0,0.18,0.0,0.0,0.0,0.26,0.24,0.0,0.0,0.0,0.0,0.0,0.32,0.51,0.56,0.5,0.43,0.7,373.62334039957994,3.9404576059102544e-05
0.2,0.2,0.0,0.0,0.0,0.0,0.2,0.15,0.4,0.0,0.0,0.0,0.25,0.0,0.0,0.0,0.0,0.0,0.0,0.5,266.27591272157997,2.492564728118504e-05
0.6,0.5,0.0,0.0,0.27,0.0,0.32,0.0,0.0,0.17,0.0,0.0,0.0,0.0,0.24,0.0,0.0,0.0,0.0,0.8,299.93301834633377,4.5503047519772854e-05
0.2,0.4,0.21,0.2,0.0,0.0,0.0,0.0,0.15,0.0,0.16,0.28,0.0,0.0,0.0,0.0,0.0,0.0,0.0,0.3,432.4506015993152,3.72661435951594e-05
0.5,0.5,0.0,0.0,0.0,0.0,0.2,0.0,0.25,0.0,0.0,0.0,0.16,0.22,0.17,0.0,0.0,0.0,0.0,0.6,272.013020744203,3.5645236214448895e-05
0.3,0.1,0.0,0.34,0.11,0.26,0.0,0.0,0.0,0.0,0.29,0.0,0.0,0.0,0.0,0.63,0.61,0.54,0.22,0.3,373.0788610466945,3.455763110999052e-05
0.7,0.3,0.0,0.0,0.0,0.23,0.0,0.19,0.0,0.0,0.0,0.16,0.0,0.42,0.0,0.26,0.26,0.22,0.26,0.6,438.08945447605447,3.7169478596146955e-05
0.4,0.2,0.0,0.0,0.32,0.0,0.13,0.33,0.0,0.0,0.0,0.0,0.22,0.0,0.0,0.0,0.0,0.0,0.0,0.3,357.082025646009,2.8848545426047696e-05
0.2,0.1,0.27,0.0,0.0,0.32,0.0,0.0,0.0,0.0,0.0,0.0,0.2,0.0,0.21,0.26,0.56,0.55,0.63,0.8,342.881553667292,3.5928014040261885e-05
0.3,0.1,0.26,0.0,0.26,0.0,0.0,0.0,0.0,0.21,0.0,0.0,0.27,0.0,0.0,0.35,0.67,0.3,0.68,0.5,381.0853472857755,3.103145119445561e-05
0.4,0.1,0.23,0.13,0.0,0.0,0.0,0.19,0.0,0.0,0.0,0.27,0.0,0.0,0.18,0.56,0.32,0.72,0.4,0.8,346.1102409659886,3.8637307757830426e-05
0.4,0.4,0.0,0.27,0.22,0.0,0.0,0.0,0.0,0.24,0.0,0.27,0.0,0.0,0.0,0.0,0.0,0.0,0.0,0.1,369.80022331716435,4.8886749846705865e-05
0.7,0.2,0.0,0.0,0.0,0.0,0.0,0.0,0.0,0.0,0.14,0.13,0.22,0.29,0.22,0.0,0.0,0.0,0.0,0.7,454.46754423410925,3.2940852884541406e-05
0.1,0.1,0.0,0.2,0.0,0.29,0.25,0.0,0.0,0.0,0.0,0.26,0.0,0.0,0.0,0.25,0.52,0.31,0.92,0.7,313.7737943060203,3.8199221698064676e-05
0.5,0.2,0.0,0.0,0.13,0.0,0.0,0.0,0.28,0.0,0.33,0.0,0.26,0.0,0.0,0.0,0.0,0.0,0.0,0.4,447.8001933097295,3.0195509892484732e-05
0.4,0.5,0.26,0.11,0.2,0.0,0.0,0.16,0.0,0.27,0.0,0.0,0.0,0.0,0.0,0.0,0.0,0.0,0.0,0.3,373.5302662262336,2.322472482719976e-05
0.6,0.1,0.0,0.3,0.0,0.0,0.24,0.0,0.0,0.0,0.0,0.22,0.0,0.0,0.24,0.5,0.41,0.53,0.56,0.4,273.0852860377997,3.574914651151269e-05
0.1,0.5,0.0,0.0,0.0,0.0,0.26,0.2,0.0,0.0,0.0,0.38,0.0,0.0,0.16,0.0,0.0,0.0,0.0,0.7,261.2892778408255,4.338866189791078e-05
0.3,0.3,0.0,0.14,0.0,0.13,0.0,0.25,0.0,0.15,0.0,0.0,0.33,0.0,0.0,0.31,0.2,0.35,0.14,0.8,388.0081314364106,3.6421936285948975e-05
0.3,0.4,0.0,0.21,0.0,0.14,0.21,0.0,0.0,0.24,0.0,0.0,0.0,0.0,0.2,0.0,0.0,0.0,0.0,0.3,300.0103015913348,3.2637206825635095e-05
0.7,0.2,0.3,0.0,0.0,0.0,0.31,0.0,0.0,0.21,0.0,0.0,0.18,0.0,0.0,0.0,0.0,0.0,0.0,0.8,249.85154134324466,3.282333040247065e-05
0.6,0.2,0.0,0.21,0.0,0.25,0.24,0.0,0.0,0.11,0.0,0.0,0.0,0.19,0.0,0.0,0.0,0.0,0.0,0.2,263.2181206519068,3.71813982974025e-05
0.7,0.4,0.32,0.0,0.0,0.0,0.0,0.0,0.0,0.0,0.0,0.28,0.18,0.22,0.0,0.0,0.0,0.0,0.0,0.2,345.2755938103703,3.310740115491586e-05
0.6,0.2,0.0,0.27,0.27,0.0,0.13,0.0,0.0,0.0,0.0,0.0,0.13,0.0,0.2,0.0,0.0,0.0,0.0,0.8,348.41037229289594,3.255817815289357e-05
0.5,0.4,0.0,0.24,0.0,0.0,0.0,0.0,0.0,0.0,0.0,0.34,0.15,0.27,0.0,0.0,0.0,0.0,0.0,0.3,443.1218036935603,4.5209136643631035e-05
0.3,0.2,0.23,0.0,0.0,0.11,0.25,0.0,0.0,0.0,0.0,0.2,0.0,0.21,0.0,0.0,0.0,0.0,0.0,0.1,248.9782599252802,2.611926373175517e-05
0.6,0.1,0.29,0.24,0.0,0.0,0.24,0.0,0.0,0.0,0.0,0.23,0.0,0.0,0.0,0.48,0.58,0.59,0.35,0.1,257.48026197457307,3.4675287187929785e-05
0.5,0.5,0.0,0.11,0.0,0.14,0.0,0.0,0.0,0.21,0.29,0.0,0.0,0.0,0.25,0.0,0.0,0.0,0.0,0.3,489.5001237406315,3.6722733216916054e-05
0.7,0.4,0.0,0.0,0.31,0.0,0.0,0.0,0.0,0.24,0.0,0.13,0.32,0.0,0.0,0.0,0.0,0.0,0.0,0.8,476.11901763321475,4.469014972279029e-05
0.4,0.1,0.18,0.13,0.0,0.0,0.0,0.24,0.0,0.25,0.0,0.0,0.2,0.0,0.0,0.51,0.64,0.63,0.22,0.6,414.5957448760823,3.620817988728474e-05
0.6,0.3,0.0,0.0,0.17,0.0,0.16,0.0,0.0,0.0,0.0,0.14,0.18,0.35,0.0,0.33,0.27,0.07,0.33,0.4,317.94975856107897,3.060204949769229e-05
0.2,0.4,0.0,0.0,0.0,0.0,0.0,0.0,0.14,0.0,0.0,0.18,0.36,0.14,0.18,0.0,0.0,0.0,0.0,0.6,322.83537435809177,2.9407627877701896e-05
0.5,0.0,0.0,0.0,0.0,0.2,0.0,0.32,0.0,0.0,0.0,0.23,0.25,0.0,0.0,0.0,0.0,0.0,0.0,0.8,440.06710923610655,4.2852497608771485e-05
0.2,0.5,0.0,0.25,0.0,0.0,0.32,0.0,0.0,0.17,0.0,0.0,0.26,0.0,0.0,0.0,0.0,0.0,0.0,0.4,280.9712885926988,3.5372987682502895e-05
0.6,0.5,0.0,0.0,0.0,0.38,0.0,0.0,0.0,0.19,0.29,0.0,0.0,0.14,0.0,0.0,0.0,0.0,0.0,0.1,399.29834341535553,4.943771297371521e-05
0.4,0.1,0.28,0.0,0.0,0.0,0.0,0.0,0.0,0.3,0.0,0.0,0.15,0.0,0.27,0.63,0.52,0.22,0.63,0.1,328.37641015597467,2.8435412375882527e-05
0.6,0.4,0.0,0.0,0.0,0.0,0.3399999999999999,0.25,0.22,0.19,0.0,0.0,0.0,0.0,0.0,0.0,0.0,0.0,0.0,0.6,278.980950960284,3.7553824843265126e-05
0.6,0.4,0.0,0.0,0.0,0.0,0.0,0.0,0.23,0.22,0.0,0.24,0.0,0.19,0.12,0.0,0.0,0.0,0.0,0.8,368.1703884718323,4.611238818237418e-05
0.4,0.3,0.25,0.0,0.0,0.24,0.0,0.0,0.0,0.23,0.0,0.28,0.0,0.0,0.0,0.29,0.2,0.29,0.22,0.1,265.1865676883893,3.332205685423607e-05
0.6,0.5,0.27,0.0,0.0,0.0,0.0,0.0,0.22,0.0,0.26,0.0,0.25,0.0,0.0,0.0,0.0,0.0,0.0,0.7,407.825376953038,2.7664747197790618e-05
0.6,0.5,0.19,0.0,0.0,0.24,0.16,0.2,0.0,0.0,0.0,0.21,0.0,0.0,0.0,0.0,0.0,0.0,0.0,0.6,322.53592232895465,3.7382741071968564e-05
0.7,0.0,0.13,0.0,0.0,0.28,0.0,0.0,0.14,0.22,0.0,0.0,0.0,0.0,0.23,0.0,0.0,0.0,0.0,0.8,391.76719557594873,3.5128245160020777e-05
0.1,0.4,0.0,0.0,0.0,0.0,0.15,0.15,0.0,0.0,0.0,0.27,0.25,0.0,0.18,0.0,0.0,0.0,0.0,0.3,269.1917154963326,2.6128796454354384e-05
0.4,0.5,0.27,0.2,0.18,0.0,0.0,0.0,0.0,0.0,0.0,0.19,0.16,0.0,0.0,0.0,0.0,0.0,0.0,0.6,424.3310422362332,3.9476061863110154e-05
0.6,0.2,0.2,0.0,0.0,0.16,0.0,0.0,0.0,0.0,0.0,0.0,0.22,0.24,0.18,0.0,0.0,0.0,0.0,0.3,334.7020116985648,2.4498515657005646e-05
0.2,0.0,0.0,0.0,0.22,0.16,0.16,0.26,0.0,0.0,0.0,0.2,0.0,0.0,0.0,0.0,0.0,0.0,0.0,0.4,304.4113632463239,2.9561242999886032e-05
0.2,0.0,0.0,0.16,0.0,0.2,0.0,0.19,0.0,0.0,0.21,0.0,0.24,0.0,0.0,0.0,0.0,0.0,0.0,0.6,420.80875000318633,2.729835455147301e-05
0.2,0.0,0.24,0.0,0.2799999999999999,0.0,0.0,0.21,0.0,0.0,0.27,0.0,0.0,0.0,0.0,0.0,0.0,0.0,0.0,0.6,348.1898904541578,2.5341365683454302e-05
0.3,0.2,0.0,0.15,0.0,0.3399999999999999,0.0,0.0,0.17,0.0,0.0,0.0,0.34,0.0,0.0,0.0,0.0,0.0,0.0,0.8,345.8914793933047,3.910465426772396e-05
0.7,0.2,0.24,0.0,0.0,0.0,0.23,0.0,0.0,0.35,0.0,0.0,0.0,0.18,0.0,0.0,0.0,0.0,0.0,0.5,278.88581125891073,2.950913547115599e-05
0.1,0.5,0.0,0.18,0.0,0.0,0.0,0.0,0.12,0.0,0.0,0.2,0.23,0.0,0.27,0.0,0.0,0.0,0.0,0.8,333.1745074395593,3.7127385961277416e-05
0.7,0.1,0.0,0.28,0.0,0.25,0.0,0.0,0.24,0.0,0.0,0.0,0.0,0.0,0.23,0.35,0.72,0.6,0.33,0.7,389.96924365317193,3.851350420381902e-05
0.5,0.0,0.32,0.28,0.0,0.0,0.18,0.0,0.22,0.0,0.0,0.0,0.0,0.0,0.0,0.0,0.0,0.0,0.0,0.1,266.6468759756173,2.2165752365495634e-05
0.2,0.0,0.17,0.2,0.21,0.0,0.0,0.21,0.0,0.21,0.0,0.0,0.0,0.0,0.0,0.0,0.0,0.0,0.0,0.5,400.41119010097384,2.452506026969911e-05
0.1,0.0,0.11,0.0,0.0,0.0,0.13,0.0,0.26,0.0,0.24,0.0,0.0,0.26,0.0,0.0,0.0,0.0,0.0,0.4,315.4265933372337,2.6748805056627474e-05
0.5,0.2,0.0,0.0,0.0,0.17,0.0,0.0,0.31,0.0,0.0,0.25,0.0,0.0,0.27,0.0,0.0,0.0,0.0,0.3,295.04552637804113,3.795785743280864e-05
0.3,0.1,0.0,0.13,0.3,0.0,0.0,0.0,0.0,0.0,0.0,0.0,0.26,0.0,0.31,0.34,0.31,0.81,0.54,0.3,324.8237579830196,3.099546746246323e-05
0.3,0.4,0.0,0.19,0.22,0.0,0.0,0.21,0.0,0.0,0.0,0.0,0.18,0.2,0.0,0.0,0.0,0.0,0.0,0.7,387.13228625150833,2.761761002976577e-05
0.2,0.5,0.0,0.32,0.31,0.0,0.0,0.0,0.0,0.0,0.0,0.0,0.17,0.0,0.2,0.0,0.0,0.0,0.0,0.2,431.59864894784016,3.0382727593087655e-05
0.3,0.2,0.0,0.32,0.0,0.0,0.25,0.24,0.0,0.19,0.0,0.0,0.0,0.0,0.0,0.0,0.0,0.0,0.0,0.4,331.92647142551635,3.110064232663826e-05
0.4,0.3,0.0,0.27,0.0,0.2,0.0,0.0,0.0,0.23,0.0,0.0,0.0,0.3,0.0,0.27,0.27,0.16,0.3,0.7,403.4848069027564,2.933092919738872e-05
0.4,0.1,0.2,0.25,0.0,0.0,0.2,0.0,0.0,0.18,0.17,0.0,0.0,0.0,0.0,0.35,0.86,0.22,0.57,0.6,355.0934009315836,2.7931403181131304e-05
0.1,0.1,0.0,0.0,0.0,0.0,0.0,0.27,0.0,0.0,0.0,0.0,0.22,0.25,0.26,0.71,0.27,0.37,0.65,0.6,354.8758259035538,3.557753382088041e-05
0.2,0.4,0.2,0.32,0.0,0.12,0.0,0.0,0.0,0.0,0.0,0.0,0.0,0.18,0.18,0.0,0.0,0.0,0.0,0.3,373.1658388478501,2.4528440281814048e-05
0.7,0.4,0.0,0.16,0.0,0.0,0.0,0.23,0.0,0.0,0.0,0.26,0.35,0.0,0.0,0.0,0.0,0.0,0.0,0.1,375.2634530068865,3.543176847063747e-05
0.7,0.5,0.24,0.0,0.14,0.0,0.0,0.0,0.0,0.34,0.0,0.0,0.0,0.0,0.28,0.0,0.0,0.0,0.0,0.8,427.93168244865797,4.1570644755830055e-05
0.7,0.4,0.0,0.31,0.15,0.25,0.0,0.0,0.0,0.0,0.0,0.0,0.0,0.29,0.0,0.0,0.0,0.0,0.0,0.5,413.90546051432125,3.7943471874518944e-05
0.2,0.1,0.26,0.17,0.0,0.0,0.0,0.0,0.18,0.15,0.24,0.0,0.0,0.0,0.0,0.62,0.56,0.63,0.19,0.4,351.35595434812905,2.7954838315647247e-05
0.7,0.0,0.0,0.2,0.24,0.21,0.17,0.0,0.0,0.0,0.0,0.0,0.0,0.18,0.0,0.0,0.0,0.0,0.0,0.6,324.1976308663463,3.479262597240082e-05
0.5,0.5,0.0,0.28,0.0,0.0,0.0,0.0,0.0,0.13,0.0,0.0,0.0,0.31,0.28,0.0,0.0,0.0,0.0,0.5,445.51629905260745,3.078923250555246e-05
0.7,0.2,0.34,0.0,0.0,0.25,0.0,0.12,0.0,0.0,0.0,0.29,0.0,0.0,0.0,0.0,0.0,0.0,0.0,0.4,384.4420516857204,3.1825124233850225e-05
0.2,0.4,0.0,0.33,0.23,0.0,0.0,0.0,0.0,0.0,0.3,0.0,0.14,0.0,0.0,0.0,0.0,0.0,0.0,0.2,528.8517471724992,2.9988634702830053e-05
0.6,0.4,0.12,0.26,0.0,0.15,0.0,0.0,0.0,0.27,0.0,0.0,0.0,0.2,0.0,0.0,0.0,0.0,0.0,0.7,430.1263696856502,3.260563979040559e-05
0.3,0.3,0.0,0.0,0.27,0.0,0.0,0.3,0.0,0.0,0.18,0.0,0.0,0.25,0.0,0.29,0.28,0.17,0.26,0.6,408.50301893051176,2.8547581133614706e-05
0.2,0.5,0.12,0.21,0.0,0.0,0.19,0.0,0.0,0.0,0.0,0.31,0.0,0.0,0.17,0.0,0.0,0.0,0.0,0.4,336.37761476336425,3.274631048800925e-05
0.7,0.0,0.0,0.0,0.23,0.0,0.0,0.0,0.22,0.28,0.0,0.0,0.0,0.0,0.27,0.0,0.0,0.0,0.0,0.6,443.39576850971275,2.947297279794292e-05
0.6,0.4,0.0,0.0,0.22,0.35,0.0,0.0,0.0,0.0,0.0,0.14,0.29,0.0,0.0,0.0,0.0,0.0,0.0,0.3,351.8644585557634,3.911690492860831e-05
0.7,0.3,0.0,0.25,0.0,0.0,0.21,0.21,0.33,0.0,0.0,0.0,0.0,0.0,0.0,0.29,0.15,0.37,0.19,0.1,281.5323499670445,3.7731178789442624e-05
0.3,0.4,0.0,0.26,0.26,0.0,0.24,0.0,0.0,0.0,0.0,0.24,0.0,0.0,0.0,0.0,0.0,0.0,0.0,0.7,364.8171626780769,4.050355877787121e-05
0.1,0.2,0.0,0.0,0.0,0.23,0.0,0.0,0.0,0.29,0.0,0.17,0.0,0.0,0.31,0.0,0.0,0.0,0.0,0.1,247.3735171512427,3.540373084014689e-05
0.6,0.2,0.0,0.0,0.23,0.0,0.21,0.0,0.0,0.15,0.24,0.17,0.0,0.0,0.0,0.0,0.0,0.0,0.0,0.4,387.8950633994712,4.556957942408503e-05
0.6,0.1,0.0,0.0,0.0,0.0,0.0,0.26,0.14,0.27,0.18,0.0,0.15,0.0,0.0,0.23,0.64,0.59,0.54,0.3,539.2314935497466,3.441690912837152e-05
0.6,0.2,0.0,0.31,0.0,0.0,0.0,0.16,0.16,0.0,0.0,0.0,0.37,0.0,0.0,0.0,0.0,0.0,0.0,0.2,439.9627472332424,2.533093115501319e-05
0.3,0.1,0.0,0.0,0.15,0.23,0.16,0.0,0.0,0.0,0.23,0.23,0.0,0.0,0.0,0.59,0.65,0.52,0.24,0.4,352.639550992715,3.148446763348309e-05
0.4,0.5,0.0,0.0,0.23,0.0,0.0,0.18,0.0,0.22,0.0,0.0,0.0,0.0,0.37,0.0,0.0,0.0,0.0,0.4,417.6763311278659,2.9482567271198643e-05
0.3,0.1,0.0,0.0,0.0,0.0,0.0,0.11,0.26,0.0,0.0,0.19,0.16,0.0,0.28,0.46,0.47,0.42,0.65,0.6,324.012498473214,3.4755896125938525e-05
0.4,0.3,0.0,0.0,0.0,0.0,0.19,0.28,0.0,0.0,0.0,0.31,0.0,0.22,0.0,0.29,0.18,0.31,0.22,0.8,293.1973859846463,4.0415695403995406e-05
0.4,0.4,0.0,0.0,0.19,0.22,0.18,0.22,0.0,0.0,0.0,0.0,0.19,0.0,0.0,0.0,0.0,0.0,0.0,0.5,340.97391425153614,3.7086112809561914e-05
0.2,0.5,0.24,0.0,0.0,0.17,0.0,0.0,0.0,0.19,0.11,0.0,0.29,0.0,0.0,0.0,0.0,0.0,0.0,0.5,350.54252619819573,3.164214388356931e-05
0.7,0.2,0.0,0.26,0.0,0.0,0.0,0.23,0.0,0.0,0.25,0.0,0.0,0.26,0.0,0.0,0.0,0.0,0.0,0.4,471.6271565351862,2.837252806878022e-05
0.2,0.0,0.0,0.0,0.24,0.0,0.0,0.0,0.0,0.19,0.13,0.25,0.0,0.0,0.19,0.0,0.0,0.0,0.0,0.7,395.48526888254,4.0570107085871156e-05
0.1,0.1,0.21,0.0,0.0,0.0,0.21,0.0,0.27,0.0,0.0,0.0,0.17,0.0,0.14,0.54,0.49,0.6799999999999999,0.29,0.1,231.02692910201947,2.4074637553570247e-05
0.4,0.5,0.0,0.0,0.26,0.0,0.0,0.28,0.0,0.26,0.0,0.0,0.0,0.2,0.0,0.0,0.0,0.0,0.0,0.5,434.4261228157723,3.3496167282792984e-05
0.5,0.4,0.0,0.0,0.3,0.0,0.0,0.3,0.13,0.0,0.0,0.0,0.0,0.27,0.0,0.0,0.0,0.0,0.0,0.3,407.16815621133895,2.9587308241684557e-05
0.6,0.2,0.19,0.29,0.0,0.0,0.2,0.0,0.0,0.0,0.0,0.0,0.0,0.0,0.32,0.0,0.0,0.0,0.0,0.3,273.7849618653904,2.3644889947306623e-05
0.2,0.1,0.0,0.0,0.0,0.0,0.18,0.0,0.0,0.18,0.17,0.17,0.0,0.3,0.0,0.45,0.39,0.67,0.49,0.8,349.2407872419207,4.1345240301508094e-05
0.4,0.5,0.0,0.16,0.0,0.0,0.0,0.0,0.0,0.0,0.25,0.2,0.19,0.0,0.2,0.0,0.0,0.0,0.0,0.2,531.7672516408586,3.703649977665151e-05
0.5,0.3,0.0,0.19,0.0,0.3,0.0,0.0,0.0,0.0,0.0,0.28,0.0,0.23,0.0,0.23,0.14,0.22,0.41,0.6,432.0816546624611,4.647175876156153e-05
0.1,0.5,0.0,0.0,0.0,0.0,0.0,0.0,0.27,0.13,0.0,0.0,0.25,0.26,0.09,0.0,0.0,0.0,0.0,0.8,290.56995808812246,3.39672315707309e-05
0.5,0.3,0.0,0.0,0.38,0.0,0.16,0.24,0.0,0.0,0.0,0.0,0.22,0.0,0.0,0.21,0.27,0.29,0.23,0.2,297.7990075777988,3.296552280665279e-05
0.1,0.3,0.0,0.0,0.0,0.18,0.0,0.0,0.0,0.0,0.39,0.18,0.0,0.25,0.0,0.15,0.24,0.44,0.17,0.6,518.4355063392112,4.154303242394345e-05
0.7,0.1,0.0,0.21,0.0,0.23,0.0,0.0,0.0,0.16,0.23,0.17,0.0,0.0,0.0,0.25,0.49,0.56,0.7,0.4,482.2179039753624,4.021717002878572e-05
0.1,0.4,0.0,0.28,0.2,0.0,0.22,0.15,0.0,0.0,0.0,0.0,0.0,0.15,0.0,0.0,0.0,0.0,0.0,0.3,317.6226257580573,2.2743022309721347e-05
0.1,0.2,0.21,0.0,0.0,0.0,0.21,0.0,0.0,0.22,0.18,0.0,0.0,0.0,0.18,0.0,0.0,0.0,0.0,0.6,281.741476578098,2.2384121388686366e-05
0.6,0.0,0.0,0.28,0.29,0.0,0.0,0.0,0.0,0.19,0.0,0.24,0.0,0.0,0.0,0.0,0.0,0.0,0.0,0.5,408.59717682319024,4.038440908122734e-05
0.3,0.4,0.19,0.25,0.0,0.0,0.0,0.14,0.0,0.42,0.0,0.0,0.0,0.0,0.0,0.0,0.0,0.0,0.0,0.1,343.7059773676509,2.9444868083854523e-05
0.7,0.1,0.0,0.0,0.25,0.0,0.15,0.0,0.0,0.18,0.25,0.17,0.0,0.0,0.0,0.47,0.67,0.62,0.24,0.7,438.6959363747508,4.5076932208192455e-05
0.2,0.0,0.31,0.0,0.0,0.19,0.0,0.0,0.0,0.31,0.0,0.0,0.0,0.0,0.19,0.0,0.0,0.0,0.0,0.6,310.49635649029415,3.383408903886285e-05
0.3,0.2,0.0,0.0,0.14,0.0,0.33,0.0,0.0,0.0,0.34,0.0,0.0,0.19,0.0,0.0,0.0,0.0,0.0,0.3,338.2268078819268,3.7671508864627945e-05
0.4,0.0,0.0,0.0,0.0,0.21,0.0,0.39,0.0,0.21,0.19,0.0,0.0,0.0,0.0,0.0,0.0,0.0,0.0,0.3,518.6091553501132,3.84545583616789e-05
0.7,0.5,0.26,0.0,0.0,0.29,0.1,0.17,0.0,0.0,0.0,0.18,0.0,0.0,0.0,0.0,0.0,0.0,0.0,0.1,292.6428769415057,3.1348210351923135e-05
0.2,0.5,0.22,0.0,0.0,0.0,0.31,0.0,0.0,0.12,0.0,0.14,0.0,0.0,0.21,0.0,0.0,0.0,0.0,0.6,249.0113706522756,3.311156577548183e-05
0.2,0.4,0.0,0.0,0.23,0.16,0.0,0.0,0.0,0.4,0.21,0.0,0.0,0.0,0.0,0.0,0.0,0.0,0.0,0.7,453.18934141306073,4.7566413658909106e-05
0.4,0.0,0.0,0.0,0.18,0.26,0.0,0.0,0.0,0.0,0.0,0.0,0.18,0.0,0.38,0.0,0.0,0.0,0.0,0.5,319.0586075216509,2.5575254588298998e-05
0.7,0.5,0.0,0.0,0.0,0.27,0.0,0.0,0.21,0.35,0.0,0.0,0.17,0.0,0.0,0.0,0.0,0.0,0.0,0.4,419.86339621536325,4.003712722235815e-05
0.7,0.1,0.0,0.0,0.0,0.0,0.18,0.0,0.0,0.34,0.0,0.19,0.0,0.0,0.29,0.48,0.66,0.18,0.68,0.5,318.591280069919,3.9286316073029596e-05
0.2,0.2,0.0,0.0,0.12,0.0,0.18,0.0,0.27,0.0,0.15,0.0,0.28,0.0,0.0,0.0,0.0,0.0,0.0,0.5,305.3884994757481,3.1245171433985216e-05
0.6,0.3,0.0,0.18,0.0,0.25,0.0,0.11,0.0,0.0,0.0,0.18,0.0,0.0,0.28,0.22,0.18,0.34,0.26,0.7,398.5628836088441,3.958092516877995e-05
0.3,0.5,0.0,0.0,0.24,0.14,0.0,0.0,0.28,0.24,0.0,0.0,0.1,0.0,0.0,0.0,0.0,0.0,0.0,0.5,361.5152743326727,4.009828306190964e-05
0.5,0.4,0.0,0.13,0.28,0.0,0.0,0.0,0.15,0.26,0.18,0.0,0.0,0.0,0.0,0.0,0.0,0.0,0.0,0.5,528.1202254568118,2.8684191003763263e-05
0.3,0.2,0.22,0.0,0.0,0.0,0.0,0.0,0.31,0.0,0.0,0.14,0.0,0.11,0.22,0.0,0.0,0.0,0.0,0.7,268.8498241620093,2.6548404513355396e-05
0.1,0.1,0.0,0.31,0.0,0.0,0.0,0.24,0.0,0.0,0.0,0.29,0.0,0.0,0.16,0.5,0.35,0.54,0.61,0.1,306.1434766663514,4.8584708156102e-05
0.4,0.3,0.0,0.24,0.0,0.22,0.15,0.14,0.25,0.0,0.0,0.0,0.0,0.0,0.0,0.29,0.27,0.25,0.19,0.2,323.1767443204136,2.8219152341219062e-05
0.3,0.2,0.22,0.0,0.0,0.0,0.29,0.0,0.29,0.0,0.0,0.0,0.0,0.0,0.2,0.0,0.0,0.0,0.0,0.8,218.7228420227707,2.4941884155936826e-05
0.3,0.5,0.0,0.0,0.23,0.0,0.0,0.22,0.0,0.32,0.0,0.0,0.23,0.0,0.0,0.0,0.0,0.0,0.0,0.6,406.4435944413619,3.839832708670683e-05
0.6,0.2,0.0,0.21,0.12,0.17,0.0,0.0,0.0,0.0,0.0,0.0,0.21,0.0,0.29,0.0,0.0,0.0,0.0,0.7,381.71004716260575,3.426351995214566e-05
0.7,0.5,0.18,0.0,0.16,0.0,0.0,0.0,0.0,0.0,0.0,0.0,0.0,0.32,0.34,0.0,0.0,0.0,0.0,0.7,375.96377915973846,3.462139586414663e-05
0.4,0.1,0.0,0.0,0.14,0.0,0.0,0.0,0.0,0.0,0.0,0.32,0.0,0.25,0.29,0.32,0.74,0.27,0.67,0.8,354.0313433480203,4.202081028655457e-05
0.4,0.3,0.0,0.0,0.0,0.0,0.0,0.0,0.2,0.0,0.27,0.36,0.0,0.0,0.17,0.2,0.37,0.34,0.09,0.2,461.67381405963374,4.4630656444889506e-05
0.7,0.5,0.0,0.0,0.18,0.31,0.18,0.0,0.0,0.0,0.0,0.33,0.0,0.0,0.0,0.0,0.0,0.0,0.0,0.1,284.72933855446183,5.214899024178751e-05
0.3,0.0,0.0,0.0,0.0,0.16,0.23,0.0,0.0,0.22,0.0,0.0,0.12,0.0,0.27,0.0,0.0,0.0,0.0,0.5,270.7065752254447,2.865982990717031e-05
0.4,0.4,0.0,0.0,0.0,0.32,0.19,0.0,0.0,0.0,0.28,0.0,0.21,0.0,0.0,0.0,0.0,0.0,0.0,0.2,338.68987996890723,3.833266145488868e-05
0.2,0.2,0.0,0.0,0.23,0.0,0.0,0.0,0.0,0.0,0.0,0.0,0.36,0.2,0.21,0.0,0.0,0.0,0.0,0.8,324.9500598989856,3.064323939865686e-05
0.2,0.1,0.26,0.0,0.0,0.0,0.0,0.3,0.0,0.18,0.0,0.0,0.0,0.0,0.26,0.43,0.45,0.5,0.62,0.4,384.90794708680403,3.661963872535297e-05
0.1,0.0,0.26,0.12,0.24,0.0,0.15,0.0,0.23,0.0,0.0,0.0,0.0,0.0,0.0,0.0,0.0,0.0,0.0,0.7,248.22526672563006,2.3703579297486713e-05
0.5,0.1,0.12,0.0,0.0,0.0,0.18,0.0,0.15,0.0,0.24,0.0,0.31,0.0,0.0,0.51,0.57,0.42,0.5,0.1,275.7708755618833,2.5394929489503145e-05
0.5,0.0,0.3,0.0,0.0,0.31,0.0,0.0,0.0,0.0,0.18,0.0,0.0,0.0,0.21,0.0,0.0,0.0,0.0,0.4,340.50103751426644,2.9583610943742138e-05
0.5,0.2,0.0,0.16,0.0,0.24,0.0,0.0,0.0,0.17,0.22,0.0,0.21,0.0,0.0,0.0,0.0,0.0,0.0,0.2,384.14628282674454,3.4541744638488566e-05
0.3,0.3,0.0,0.37,0.0,0.25,0.0,0.17,0.0,0.0,0.21,0.0,0.0,0.0,0.0,0.18,0.29,0.19,0.34,0.4,419.6266248806446,3.6415334591521925e-05
0.4,0.3,0.23,0.26,0.0,0.0,0.24,0.0,0.1,0.0,0.0,0.0,0.17,0.0,0.0,0.45,0.13,0.31,0.11,0.5,272.7585779741862,2.4980396112726795e-05
0.4,0.1,0.0,0.25,0.0,0.0,0.3,0.0,0.13,0.0,0.32,0.0,0.0,0.0,0.0,0.6,0.64,0.22,0.54,0.4,309.3887348299268,3.666319995742034e-05
0.7,0.2,0.0,0.0,0.0,0.0,0.18,0.16,0.0,0.26,0.0,0.2,0.0,0.2,0.0,0.0,0.0,0.0,0.0,0.1,270.9121777643672,3.902114020474698e-05
0.1,0.0,0.0,0.0,0.0,0.16,0.27,0.34,0.23,0.0,0.0,0.0,0.0,0.0,0.0,0.0,0.0,0.0,0.0,0.8,283.03495290679325,4.304166895284773e-05
0.5,0.5,0.21,0.0,0.0,0.0,0.0,0.0,0.0,0.0,0.3,0.16,0.11,0.0,0.22,0.0,0.0,0.0,0.0,0.2,462.0771596172592,3.42408119567265e-05
0.5,0.1,0.0,0.31,0.28,0.0,0.0,0.0,0.0,0.18,0.0,0.23,0.0,0.0,0.0,0.43,0.52,0.57,0.48,0.3,360.1390329538721,4.0380084638855254e-05
0.4,0.4,0.0,0.0,0.17,0.28,0.0,0.0,0.0,0.0,0.0,0.18,0.17,0.0,0.2,0.0,0.0,0.0,0.0,0.3,359.98858300114733,3.5176782755591643e-05
0.2,0.3,0.0,0.0,0.0,0.0,0.0,0.0,0.12,0.3,0.17,0.0,0.23,0.0,0.18,0.3,0.33,0.19,0.18,0.1,372.1924332528826,3.444527344899982e-05
0.7,0.1,0.0,0.0,0.0,0.0,0.0,0.13,0.33,0.25,0.29,0.0,0.0,0.0,0.0,0.65,0.54,0.38,0.43,0.6,525.1233867762784,3.370161599934748e-05
0.5,0.2,0.0,0.2,0.0,0.0,0.0,0.0,0.0,0.0,0.34,0.0,0.0,0.32,0.14,0.0,0.0,0.0,0.0,0.1,456.0942292410546,3.6493501639377536e-05
0.6,0.0,0.0,0.14,0.27,0.15,0.0,0.0,0.0,0.31,0.0,0.0,0.13,0.0,0.0,0.0,0.0,0.0,0.0,0.4,412.5614916973917,3.5391791891895645e-05
0.2,0.3,0.2,0.0,0.0,0.0,0.0,0.0,0.0,0.18,0.31,0.15,0.0,0.0,0.16,0.45,0.13,0.25,0.17,0.7,443.09226112210877,3.7561048156453985e-05
0.2,0.5,0.0,0.0,0.0,0.0,0.23,0.28,0.0,0.2,0.15,0.14,0.0,0.0,0.0,0.0,0.0,0.0,0.0,0.3,279.80929314163416,2.7570339888827873e-05
0.7,0.1,0.0,0.0,0.0,0.0,0.29,0.0,0.2,0.0,0.0,0.3,0.0,0.0,0.21,0.93,0.36,0.36,0.35,0.1,182.1007446418107,3.966281968411311e-05
0.2,0.2,0.0,0.0,0.16,0.0,0.0,0.0,0.0,0.0,0.18,0.25,0.0,0.17,0.24,0.0,0.0,0.0,0.0,0.3,475.7819977664098,2.9762175071672824e-05
0.1,0.1,0.0,0.0,0.29,0.0,0.0,0.0,0.0,0.27,0.0,0.0,0.24,0.0,0.2,0.4,0.39,0.73,0.48,0.3,313.74679508186057,3.6532311858004923e-05
0.4,0.4,0.32,0.25,0.0,0.18,0.0,0.0,0.0,0.25,0.0,0.0,0.0,0.0,0.0,0.0,0.0,0.0,0.0,0.4,371.4691736674416,2.9525094652297877e-05
0.3,0.5,0.29,0.0,0.16,0.0,0.0,0.0,0.0,0.24,0.31,0.0,0.0,0.0,0.0,0.0,0.0,0.0,0.0,0.7,445.5129097943488,3.341334864456662e-05
0.5,0.5,0.0,0.0,0.0,0.0,0.0,0.0,0.0,0.27,0.34,0.0,0.2,0.0,0.19,0.0,0.0,0.0,0.0,0.3,496.34355153524814,3.858423439456138e-05
0.4,0.5,0.0,0.0,0.0,0.24,0.17,0.0,0.25,0.0,0.0,0.0,0.0,0.0,0.34,0.0,0.0,0.0,0.0,0.5,272.9300542965241,4.10062426171285e-05
0.6,0.2,0.0,0.0,0.2,0.0,0.0,0.0,0.32,0.0,0.32,0.0,0.0,0.16,0.0,0.0,0.0,0.0,0.0,0.2,435.32185907891244,3.310695175085041e-05
0.4,0.2,0.33,0.0,0.0,0.0,0.0,0.19,0.0,0.0,0.0,0.14,0.0,0.0,0.34,0.0,0.0,0.0,0.0,0.2,347.185459890319,2.2187895740258116e-05
0.4,0.0,0.0,0.17,0.0,0.0,0.0,0.13,0.0,0.33,0.11,0.0,0.0,0.26,0.0,0.0,0.0,0.0,0.0,0.4,484.34570432154135,2.8681357369232746e-05
0.6,0.4,0.24,0.0,0.26,0.0,0.18,0.0,0.0,0.0,0.0,0.0,0.32,0.0,0.0,0.0,0.0,0.0,0.0,0.3,273.0781620365204,2.5985976550330675e-05
0.3,0.4,0.0,0.0,0.16,0.15,0.0,0.0,0.0,0.2,0.32,0.0,0.0,0.17,0.0,0.0,0.0,0.0,0.0,0.7,510.28245834866715,3.602272426413516e-05
0.6,0.0,0.32,0.0,0.14,0.0,0.0,0.16,0.26,0.12,0.0,0.0,0.0,0.0,0.0,0.0,0.0,0.0,0.0,0.4,404.2620116036439,2.970224611296744e-05
0.6,0.1,0.31,0.0,0.0,0.0,0.0,0.0,0.12,0.0,0.33,0.0,0.24,0.0,0.0,0.28,0.71,0.27,0.74,0.2,381.34293650319364,3.180527181694551e-05
0.7,0.0,0.26,0.0,0.0,0.0,0.0,0.0,0.32,0.17,0.0,0.0,0.25,0.0,0.0,0.0,0.0,0.0,0.0,0.7,373.75419127276683,2.9230695497921905e-05
0.4,0.4,0.0,0.24,0.15,0.28,0.0,0.0,0.0,0.0,0.0,0.0,0.33,0.0,0.0,0.0,0.0,0.0,0.0,0.8,386.13057446153226,3.6278206179107655e-05
0.1,0.3,0.18,0.0,0.0,0.15,0.0,0.39,0.0,0.28,0.0,0.0,0.0,0.0,0.0,0.26,0.3,0.22,0.22,0.7,343.1233202691422,4.262205253349078e-05
0.5,0.1,0.16,0.31,0.0,0.0,0.3399999999999999,0.0,0.0,0.19,0.0,0.0,0.0,0.0,0.0,0.58,0.44,0.66,0.32,0.4,233.2520063654615,3.2987964603535896e-05
0.2,0.1,0.0,0.0,0.0,0.0,0.22,0.0,0.0,0.21,0.17,0.19,0.0,0.21,0.0,0.28,0.55,0.5,0.67,0.3,293.90958250702903,3.6441093081761814e-05
0.5,0.5,0.0,0.0,0.0,0.29,0.0,0.0,0.28,0.0,0.0,0.0,0.17,0.26,0.0,0.0,0.0,0.0,0.0,0.8,348.1686731925085,4.062287958509685e-05
0.5,0.3,0.0,0.0,0.33,0.0,0.0,0.0,0.24,0.0,0.0,0.25,0.18,0.0,0.0,0.35,0.27,0.11,0.27,0.4,336.40970534832263,4.298044557592253e-05
0.7,0.3,0.0,0.0,0.0,0.0,0.0,0.35,0.0,0.0,0.2,0.0,0.28,0.17,0.0,0.3999999999999999,0.21,0.13,0.26,0.8,486.97017144186367,3.58817775239594e-05
0.3,0.1,0.43,0.15,0.0,0.0,0.0,0.0,0.0,0.0,0.0,0.0,0.19,0.0,0.23,0.37,0.52,0.28,0.83,0.7,360.55306180037866,3.1355164427051416e-05
0.3,0.2,0.23,0.0,0.0,0.29,0.0,0.23,0.0,0.0,0.0,0.25,0.0,0.0,0.0,0.0,0.0,0.0,0.0,0.3,347.53681489215273,3.310387417518001e-05
0.6,0.5,0.0,0.3,0.13,0.0,0.27,0.0,0.3,0.0,0.0,0.0,0.0,0.0,0.0,0.0,0.0,0.0,0.0,0.6,290.53363418771033,4.119666936111163e-05
0.1,0.4,0.24,0.0,0.0,0.0,0.22,0.2,0.0,0.24,0.0,0.1,0.0,0.0,0.0,0.0,0.0,0.0,0.0,0.6,213.45359344950003,3.273501715804151e-05
0.7,0.1,0.22,0.0,0.0,0.25,0.0,0.0,0.0,0.0,0.0,0.0,0.31,0.22,0.0,0.5,0.5,0.55,0.45,0.1,322.5250216652773,3.642942767233815e-05
0.1,0.1,0.0,0.0,0.29,0.26,0.0,0.0,0.0,0.0,0.31,0.14,0.0,0.0,0.0,0.31,0.75,0.44,0.5,0.1,362.0998417865276,4.06833820484165e-05
0.4,0.1,0.0,0.31,0.25,0.0,0.0,0.0,0.0,0.0,0.0,0.0,0.2,0.24,0.0,0.73,0.64,0.33,0.3,0.6,374.2528500480013,3.33191276468622e-05
0.4,0.1,0.0,0.21,0.0,0.15,0.0,0.0,0.0,0.25,0.0,0.0,0.0,0.16,0.23,0.54,0.59,0.28,0.59,0.5,416.4618506965067,2.902357635623123e-05
0.6,0.1,0.15,0.0,0.0,0.0,0.0,0.16,0.16,0.0,0.28,0.0,0.25,0.0,0.0,0.22,0.8200000000000001,0.38,0.58,0.8,468.61557729564606,3.3636990720911635e-05
0.5,0.4,0.0,0.12,0.0,0.0,0.0,0.0,0.22,0.13,0.0,0.0,0.0,0.3,0.23,0.0,0.0,0.0,0.0,0.5,382.495374155811,2.9110192013535867e-05
0.4,0.1,0.14,0.16,0.0,0.0,0.0,0.0,0.0,0.0,0.26,0.0,0.0,0.29,0.15,0.9,0.5,0.28,0.32,0.5,389.0937247668794,3.0016633782504978e-05
0.3,0.4,0.0,0.0,0.0,0.0,0.0,0.29,0.0,0.0,0.14,0.31,0.26,0.0,0.0,0.0,0.0,0.0,0.0,0.5,405.30937683205696,3.833905711265713e-05
0.1,0.4,0.0,0.0,0.3399999999999999,0.0,0.0,0.27,0.22,0.0,0.0,0.0,0.0,0.0,0.17,0.0,0.0,0.0,0.0,0.2,299.4407607602537,3.146463462969081e-05
0.3,0.3,0.22,0.0,0.0,0.14,0.0,0.22,0.0,0.19,0.0,0.0,0.23,0.0,0.0,0.25,0.29,0.17,0.29,0.1,366.60639042745845,2.5903418147165116e-05
0.7,0.0,0.25,0.0,0.0,0.0,0.0,0.0,0.21,0.0,0.0,0.0,0.0,0.26,0.28,0.0,0.0,0.0,0.0,0.4,336.0661034394169,2.3750114863458207e-05
0.2,0.3,0.29,0.0,0.0,0.0,0.0,0.0,0.24,0.0,0.29,0.18,0.0,0.0,0.0,0.16,0.13,0.34,0.37,0.1,369.63332394058267,2.677226232439465e-05
0.4,0.0,0.0,0.0,0.31,0.0,0.26,0.0,0.29,0.0,0.0,0.0,0.0,0.0,0.14,0.0,0.0,0.0,0.0,0.7,213.6652366871816,3.2225285424919516e-05
0.2,0.5,0.0,0.15,0.0,0.0,0.0,0.0,0.0,0.0,0.33,0.0,0.34,0.18,0.0,0.0,0.0,0.0,0.0,0.3,508.2771182321501,3.388855139664671e-05
0.5,0.3,0.0,0.0,0.0,0.0,0.0,0.14,0.0,0.0,0.0,0.19,0.35,0.0,0.32,0.37,0.14,0.16,0.33,0.5,369.4368086716249,2.885499054435843e-05
0.3,0.2,0.0,0.2,0.36,0.0,0.0,0.2,0.24,0.0,0.0,0.0,0.0,0.0,0.0,0.0,0.0,0.0,0.0,0.6,369.28629986858596,3.175687602756534e-05
0.6,0.4,0.26,0.0,0.23,0.18,0.0,0.0,0.33,0.0,0.0,0.0,0.0,0.0,0.0,0.0,0.0,0.0,0.0,0.6,355.6242634594103,2.7594429809564235e-05
0.6,0.4,0.15,0.0,0.0,0.22,0.0,0.0,0.0,0.24,0.14,0.25,0.0,0.0,0.0,0.0,0.0,0.0,0.0,0.5,446.8722565115087,4.592492845695659e-05
0.3,0.1,0.0,0.1,0.19,0.0,0.28,0.17,0.0,0.0,0.0,0.0,0.0,0.0,0.26,0.73,0.29,0.32,0.66,0.3,251.47425917501602,2.7628433854797683e-05
0.5,0.5,0.0,0.22,0.0,0.26,0.0,0.18,0.15,0.0,0.0,0.0,0.19,0.0,0.0,0.0,0.0,0.0,0.0,0.4,396.988652920218,2.9153547398647762e-05
0.1,0.2,0.0,0.0,0.0,0.0,0.24,0.13,0.0,0.25,0.0,0.2,0.18,0.0,0.0,0.0,0.0,0.0,0.0,0.4,220.12879365836804,2.313294849255707e-05
0.5,0.4,0.0,0.0,0.0,0.0,0.0,0.0,0.12,0.0,0.14,0.3,0.0,0.26,0.18,0.0,0.0,0.0,0.0,0.8,473.3848568834821,4.6673217112840834e-05
0.6,0.0,0.0,0.18,0.0,0.4,0.13,0.29,0.0,0.0,0.0,0.0,0.0,0.0,0.0,0.0,0.0,0.0,0.0,0.7,424.1686747123964,3.864390233799412e-05
0.2,0.0,0.0,0.0,0.0,0.31,0.22,0.14,0.18,0.0,0.15,0.0,0.0,0.0,0.0,0.0,0.0,0.0,0.0,0.1,275.6416492570369,3.562862728975713e-05
0.7,0.5,0.0,0.0,0.23,0.13,0.3,0.0,0.21,0.0,0.0,0.0,0.0,0.13,0.0,0.0,0.0,0.0,0.0,0.1,220.00851390512636,3.5413382107046865e-05
0.5,0.0,0.2,0.0,0.25,0.0,0.0,0.17,0.0,0.23,0.0,0.0,0.15,0.0,0.0,0.0,0.0,0.0,0.0,0.5,437.4804999804486,2.4538082876593637e-05
0.7,0.5,0.0,0.0,0.31,0.25,0.11,0.0,0.18,0.0,0.0,0.0,0.15,0.0,0.0,0.0,0.0,0.0,0.0,0.6,345.91955552722794,3.978004912895256e-05
0.1,0.5,0.19,0.0,0.0,0.25,0.0,0.0,0.23,0.33,0.0,0.0,0.0,0.0,0.0,0.0,0.0,0.0,0.0,0.1,253.7282313477696,3.278809812978843e-05
0.5,0.3,0.31,0.0,0.17,0.0,0.21,0.0,0.0,0.0,0.0,0.31,0.0,0.0,0.0,0.13,0.39,0.11,0.37,0.1,272.2153675528789,3.213673134252496e-05
0.6,0.1,0.0,0.0,0.0,0.3,0.0,0.0,0.0,0.0,0.0,0.24,0.0,0.17,0.29,0.67,0.59,0.49,0.25,0.5,338.05031654531854,4.1370347157550643e-05
0.5,0.5,0.0,0.0,0.0,0.16,0.13,0.0,0.0,0.0,0.11,0.3,0.0,0.0,0.3,0.0,0.0,0.0,0.0,0.8,424.89460841598765,5.251119196555708e-05
0.3,0.4,0.2,0.0,0.0,0.27,0.0,0.1,0.0,0.26,0.0,0.0,0.0,0.17,0.0,0.0,0.0,0.0,0.0,0.3,331.85544017501473,3.4404645946004074e-05
0.3,0.3,0.0,0.0,0.0,0.13,0.18,0.0,0.0,0.28,0.2,0.0,0.0,0.21,0.0,0.32,0.24,0.13,0.31,0.6,381.0356151478634,3.4250038668131155e-05
0.5,0.0,0.12,0.0,0.0,0.32,0.12,0.0,0.0,0.0,0.0,0.14,0.3,0.0,0.0,0.0,0.0,0.0,0.0,0.2,268.8837899595656,3.324200585938486e-05
0.2,0.0,0.0,0.0,0.16,0.14,0.33,0.0,0.0,0.0,0.17,0.2,0.0,0.0,0.0,0.0,0.0,0.0,0.0,0.6,296.50493111627827,3.0370021283796573e-05
0.3,0.4,0.0,0.0,0.0,0.0,0.27,0.11,0.0,0.0,0.24,0.0,0.0,0.12,0.26,0.0,0.0,0.0,0.0,0.7,346.5428687638996,3.0462075272139278e-05
0.7,0.3,0.0,0.0,0.0,0.0,0.0,0.16,0.27,0.0,0.0,0.2,0.18,0.19,0.0,0.23,0.32,0.24,0.21,0.3,375.9803927894715,3.399717089141355e-05
0.1,0.3,0.28,0.0,0.0,0.23,0.0,0.15,0.0,0.0,0.34,0.0,0.0,0.0,0.0,0.18,0.31,0.35,0.16,0.8,375.53068425833266,3.734390885090338e-05
0.2,0.1,0.36,0.0,0.25,0.23,0.0,0.0,0.0,0.0,0.0,0.0,0.0,0.0,0.16,0.71,0.42,0.5,0.37,0.3,301.5548218400323,3.10511906286263e-05
0.5,0.4,0.0,0.0,0.0,0.33,0.0,0.27,0.0,0.0,0.0,0.0,0.21,0.0,0.19,0.0,0.0,0.0,0.0,0.5,386.7090153947008,3.570307437961489e-05
0.3,0.2,0.0,0.0,0.0,0.0,0.0,0.13,0.0,0.27,0.12,0.27,0.21,0.0,0.0,0.0,0.0,0.0,0.0,0.3,367.6021117828453,3.248997696656417e-05
0.1,0.0,0.27,0.28,0.0,0.0,0.0,0.14,0.0,0.0,0.0,0.0,0.31,0.0,0.0,0.0,0.0,0.0,0.0,0.3,356.28345747694345,2.1113151402864566e-05
0.7,0.4,0.28,0.0,0.0,0.0,0.0,0.0,0.26,0.22,0.24,0.0,0.0,0.0,0.0,0.0,0.0,0.0,0.0,0.1,350.41634054807383,2.8211619367003772e-05
0.7,0.4,0.0,0.0,0.0,0.0,0.0,0.29,0.0,0.34,0.0,0.0,0.0,0.2,0.17,0.0,0.0,0.0,0.0,0.8,484.5174328801533,3.8736419693986565e-05
0.2,0.5,0.0,0.0,0.3,0.19,0.23,0.0,0.0,0.0,0.0,0.16,0.0,0.0,0.12,0.0,0.0,0.0,0.0,0.5,327.9368512548733,3.615214320249611e-05
0.4,0.3,0.0,0.25,0.0,0.23,0.0,0.0,0.15,0.2,0.0,0.17,0.0,0.0,0.0,0.22,0.33,0.1,0.35,0.4,387.7055075627581,3.928353250766902e-05
0.2,0.0,0.0,0.31,0.0,0.0,0.3,0.0,0.0,0.0,0.17,0.0,0.0,0.0,0.22,0.0,0.0,0.0,0.0,0.8,316.11539288862855,2.9904906723417855e-05
0.5,0.0,0.0,0.14,0.0,0.0,0.24,0.0,0.28,0.22,0.0,0.0,0.0,0.12,0.0,0.0,0.0,0.0,0.0,0.5,280.0651541383278,3.0669588596509254e-05
0.3,0.4,0.0,0.0,0.0,0.0,0.3,0.35,0.0,0.17,0.0,0.0,0.18,0.0,0.0,0.0,0.0,0.0,0.0,0.2,282.28793102686865,2.883657451213911e-05
0.4,0.2,0.22,0.0,0.0,0.0,0.13,0.0,0.0,0.17,0.2,0.28,0.0,0.0,0.0,0.0,0.0,0.0,0.0,0.5,370.79218189848797,3.9729580824403403e-05
0.2,0.4,0.0,0.0,0.0,0.0,0.0,0.0,0.21,0.0,0.24,0.26,0.0,0.0,0.29,0.0,0.0,0.0,0.0,0.6,460.400694192608,4.133023348495985e-05
0.2,0.1,0.33,0.0,0.0,0.25,0.28,0.0,0.0,0.0,0.0,0.0,0.0,0.0,0.14,0.36,0.81,0.44,0.39,0.4,249.9502601814683,2.789621590001325e-05
0.1,0.1,0.26,0.0,0.0,0.0,0.0,0.0,0.0,0.0,0.0,0.16,0.0,0.28,0.3,0.35,0.27,0.89,0.49,0.3,286.10754542409165,2.5967899330246392e-05
0.4,0.5,0.15,0.17,0.0,0.0,0.0,0.0,0.0,0.0,0.0,0.18,0.24,0.0,0.26,0.0,0.0,0.0,0.0,0.4,388.5015357144043,3.474244196757083e-05
0.2,0.1,0.25,0.0,0.0,0.0,0.21,0.16,0.0,0.11,0.0,0.27,0.0,0.0,0.0,0.76,0.28,0.59,0.37,0.8,236.09877734560726,4.0487067890865016e-05
0.6,0.1,0.0,0.0,0.0,0.18,0.0,0.27,0.0,0.29,0.0,0.26,0.0,0.0,0.0,0.3,0.74,0.37,0.59,0.5,481.5367882843458,4.6085591355267424e-05
0.5,0.5,0.0,0.22,0.0,0.0,0.0,0.17,0.29,0.0,0.0,0.0,0.0,0.0,0.32,0.0,0.0,0.0,0.0,0.5,367.6249834138265,3.1771222980944653e-05
0.7,0.4,0.0,0.2,0.12,0.18,0.27,0.0,0.0,0.0,0.0,0.0,0.0,0.0,0.23,0.0,0.0,0.0,0.0,0.6,299.05232871764946,3.2005577502276525e-05
0.6,0.4,0.0,0.21,0.24,0.0,0.0,0.0,0.1,0.2,0.25,0.0,0.0,0.0,0.0,0.0,0.0,0.0,0.0,0.4,541.5094984596103,3.4013922659651536e-05
0.4,0.2,0.17,0.0,0.0,0.0,0.2,0.0,0.42,0.0,0.0,0.0,0.0,0.0,0.21,0.0,0.0,0.0,0.0,0.8,233.98287486627257,2.796898880022062e-05
0.6,0.3,0.22,0.0,0.0,0.0,0.24,0.0,0.0,0.0,0.0,0.27,0.27,0.0,0.0,0.2,0.31,0.32,0.17,0.6,274.05707114107014,3.21201852998789e-05
0.5,0.1,0.2,0.0,0.0,0.0,0.0,0.24,0.0,0.27,0.0,0.14,0.0,0.0,0.15,0.66,0.32,0.55,0.47,0.7,421.440153833049,4.067540646454215e-05
0.1,0.3,0.22,0.17,0.0,0.26,0.0,0.0,0.13,0.0,0.0,0.0,0.0,0.22,0.0,0.19,0.33,0.28,0.2,0.8,323.1788447153375,2.959058693185044e-05
0.4,0.2,0.17,0.31,0.0,0.0,0.0,0.0,0.35,0.0,0.0,0.0,0.0,0.17,0.0,0.0,0.0,0.0,0.0,0.7,332.4905134538236,2.6564413804649927e-05
0.7,0.5,0.0,0.23,0.0,0.13,0.0,0.14,0.25,0.0,0.0,0.0,0.0,0.25,0.0,0.0,0.0,0.0,0.0,0.6,410.4940800996518,3.186714598917181e-05
0.4,0.4,0.18,0.0,0.0,0.31,0.0,0.0,0.0,0.0,0.0,0.0,0.28,0.0,0.23,0.0,0.0,0.0,0.0,0.3,324.64914529025,3.278553024680865e-05
0.5,0.0,0.0,0.24,0.0,0.0,0.0,0.0,0.0,0.0,0.24,0.22,0.0,0.17,0.13,0.0,0.0,0.0,0.0,0.5,524.1370814902212,3.6289127432812286e-05
0.4,0.5,0.0,0.25,0.16,0.0,0.0,0.17,0.0,0.0,0.19,0.0,0.0,0.0,0.23,0.0,0.0,0.0,0.0,0.5,465.7637612742282,2.925684924141887e-05
0.4,0.0,0.0,0.0,0.0,0.0,0.0,0.22,0.23,0.0,0.22,0.13,0.0,0.2,0.0,0.0,0.0,0.0,0.0,0.5,458.58941239963394,2.969608860740142e-05
0.3,0.0,0.0,0.0,0.0,0.26,0.0,0.0,0.29,0.0,0.12,0.0,0.33,0.0,0.0,0.0,0.0,0.0,0.0,0.1,303.0255317282583,2.709030471708227e-05
0.6,0.2,0.12,0.26,0.0,0.0,0.0,0.0,0.0,0.27,0.0,0.11,0.24,0.0,0.0,0.0,0.0,0.0,0.0,0.1,343.85280725099807,3.009974950065926e-05
0.7,0.4,0.2,0.0,0.0,0.28,0.0,0.0,0.27,0.0,0.0,0.0,0.25,0.0,0.0,0.0,0.0,0.0,0.0,0.5,351.8387542488718,2.725411330139458e-05
0.3,0.2,0.0,0.2,0.0,0.0,0.13,0.0,0.27,0.2,0.0,0.0,0.0,0.2,0.0,0.0,0.0,0.0,0.0,0.3,307.6736412934438,2.387948035972145e-05
0.1,0.1,0.0,0.21,0.13,0.0,0.0,0.0,0.2,0.2,0.0,0.0,0.26,0.0,0.0,0.5,0.42,0.63,0.45,0.2,313.5886663065568,3.06847418252884e-05
0.3,0.5,0.0,0.0,0.0,0.26,0.0,0.0,0.0,0.0,0.17,0.0,0.24,0.0,0.33,0.0,0.0,0.0,0.0,0.8,389.6110127088165,3.756438970527777e-05
0.7,0.0,0.0,0.21,0.2,0.0,0.0,0.0,0.0,0.0,0.0,0.38,0.0,0.0,0.21,0.0,0.0,0.0,0.0,0.2,306.9237042289218,4.610432378704682e-05
0.7,0.1,0.0,0.0,0.0,0.0,0.23,0.18,0.22,0.18,0.0,0.19,0.0,0.0,0.0,0.42,0.37,0.63,0.58,0.8,350.39671416970253,4.879720594519078e-05
0.2,0.2,0.0,0.23,0.0,0.0,0.0,0.0,0.0,0.0,0.26,0.33,0.18,0.0,0.0,0.0,0.0,0.0,0.0,0.2,526.8847157625796,4.1735840108975976e-05
0.7,0.3,0.0,0.16,0.29,0.18,0.0,0.0,0.23,0.0,0.0,0.0,0.14,0.0,0.0,0.13,0.23,0.31,0.33,0.1,310.74565592673673,2.9101796253600267e-05
0.6,0.0,0.37,0.3,0.15,0.0,0.0,0.0,0.0,0.0,0.18,0.0,0.0,0.0,0.0,0.0,0.0,0.0,0.0,0.6,384.58921649239784,3.121320519828699e-05
0.7,0.4,0.0,0.0,0.22,0.0,0.0,0.0,0.0,0.0,0.19,0.32,0.0,0.0,0.27,0.0,0.0,0.0,0.0,0.6,555.0634042279589,5.3251657320514495e-05
0.1,0.1,0.25,0.0,0.0,0.0,0.0,0.32,0.0,0.0,0.0,0.15,0.28,0.0,0.0,0.54,0.7,0.6,0.16,0.7,291.66361479146616,3.657973877252878e-05
0.4,0.1,0.0,0.0,0.0,0.18,0.0,0.0,0.0,0.2,0.0,0.0,0.33,0.29,0.0,0.71,0.47,0.43,0.39,0.5,386.3899233467945,3.7539905656404005e-05
0.6,0.4,0.38,0.0,0.15,0.0,0.16,0.0,0.0,0.0,0.0,0.0,0.0,0.0,0.31,0.0,0.0,0.0,0.0,0.7,288.83207952502323,3.3935571831939486e-05
0.2,0.0,0.0,0.0,0.0,0.0,0.2,0.0,0.0,0.0,0.2,0.24,0.14,0.0,0.22,0.0,0.0,0.0,0.0,0.6,339.15525587008955,3.630127586031541e-05
0.2,0.4,0.0,0.0,0.0,0.0,0.0,0.0,0.0,0.0,0.18,0.0,0.18,0.25,0.39,0.0,0.0,0.0,0.0,0.2,418.1535221345344,2.3838453038687732e-05
0.1,0.4,0.0,0.0,0.22,0.0,0.19,0.0,0.2,0.0,0.0,0.18,0.21,0.0,0.0,0.0,0.0,0.0,0.0,0.8,286.96908056141535,3.6987367106350855e-05
0.4,0.2,0.22,0.0,0.25,0.0,0.0,0.0,0.19,0.0,0.34,0.0,0.0,0.0,0.0,0.0,0.0,0.0,0.0,0.3,403.1292825698242,3.0384428311306116e-05
0.7,0.2,0.32,0.0,0.0,0.0,0.0,0.0,0.0,0.0,0.0,0.19,0.28,0.21,0.0,0.0,0.0,0.0,0.0,0.5,353.7323783066091,2.9013293349282303e-05
0.7,0.4,0.0,0.0,0.28,0.0,0.0,0.0,0.32,0.0,0.0,0.18,0.22,0.0,0.0,0.0,0.0,0.0,0.0,0.3,331.13648999706515,4.1485828237728055e-05
0.6,0.4,0.22,0.0,0.0,0.0,0.2299999999999999,0.09,0.0,0.0,0.0,0.0,0.24,0.22,0.0,0.0,0.0,0.0,0.0,0.4,264.05332666193664,1.989850636395168e-05
0.3,0.2,0.0,0.0,0.0,0.21,0.0,0.0,0.0,0.0,0.0,0.23,0.15,0.24,0.17,0.0,0.0,0.0,0.0,0.7,361.0033259429787,3.8201874062892054e-05
0.7,0.4,0.35,0.0,0.0,0.0,0.0,0.25,0.15,0.0,0.0,0.0,0.0,0.0,0.25,0.0,0.0,0.0,0.0,0.8,346.70296702143526,3.691185744313059e-05
0.2,0.0,0.26,0.12,0.0,0.23,0.0,0.0,0.0,0.0,0.12,0.0,0.27,0.0,0.0,0.0,0.0,0.0,0.0,0.4,338.0065130869279,2.1892513976103804e-05
0.5,0.1,0.26,0.0,0.0,0.0,0.16,0.0,0.1,0.0,0.24,0.24,0.0,0.0,0.0,0.56,0.44,0.67,0.33,0.7,350.6419399144738,3.6583157445055954e-05
0.1,0.5,0.0,0.0,0.0,0.0,0.0,0.15,0.0,0.25,0.14,0.2,0.0,0.0,0.26,0.0,0.0,0.0,0.0,0.2,347.8701744664192,3.6031567112934204e-05
0.3,0.3,0.27,0.33,0.28,0.0,0.12,0.0,0.0,0.0,0.0,0.0,0.0,0.0,0.0,0.24,0.26,0.12,0.38,0.6,352.8648167848315,2.5517676530960623e-05
0.2,0.0,0.3,0.0,0.24,0.0,0.0,0.16,0.1,0.0,0.0,0.0,0.2,0.0,0.0,0.0,0.0,0.0,0.0,0.5,310.69089793373223,2.376915155472849e-05
0.1,0.2,0.0,0.31,0.23,0.0,0.0,0.0,0.17,0.0,0.0,0.29,0.0,0.0,0.0,0.0,0.0,0.0,0.0,0.5,358.82572444095166,3.938885088975851e-05
0.2,0.4,0.0,0.19,0.0,0.0,0.18,0.34,0.0,0.0,0.0,0.29,0.0,0.0,0.0,0.0,0.0,0.0,0.0,0.7,303.9003596683185,3.9469164869079446e-05
0.2,0.3,0.27,0.0,0.24,0.0,0.0,0.0,0.18,0.0,0.0,0.31,0.0,0.0,0.0,0.1,0.38,0.35,0.17,0.7,302.4294928313016,3.325755201777611e-05
0.4,0.4,0.0,0.0,0.2299999999999999,0.0,0.19,0.0,0.21,0.0,0.17,0.0,0.2,0.0,0.0,0.0,0.0,0.0,0.0,0.6,359.03485412510537,3.402202431730677e-05
0.3,0.3,0.0,0.0,0.0,0.23,0.0,0.17,0.17,0.0,0.0,0.0,0.19,0.24,0.0,0.22,0.31,0.25,0.22,0.5,357.2090300789553,3.12409336240778e-05
0.6,0.3,0.0,0.0,0.15,0.0,0.15,0.0,0.0,0.0,0.0,0.0,0.17,0.31,0.22,0.37,0.1,0.31,0.22,0.3,288.32578890248715,3.150501461387874e-05
0.6,0.1,0.13,0.0,0.0,0.22,0.0,0.0,0.3,0.0,0.0,0.15,0.2,0.0,0.0,0.58,0.58,0.65,0.19,0.6,338.05432083337394,3.6221856988192187e-05
0.2,0.1,0.19,0.0,0.0,0.0,0.22,0.23,0.0,0.0,0.0,0.0,0.16,0.2,0.0,0.68,0.44,0.25,0.63,0.5,303.00552960632535,3.057897182962225e-05
0.2,0.5,0.0,0.0,0.0,0.0,0.0,0.14,0.33,0.0,0.0,0.0,0.35,0.18,0.0,0.0,0.0,0.0,0.0,0.6,310.60184211278573,2.9800979714161515e-05
0.3,0.1,0.24,0.0,0.0,0.0,0.26,0.0,0.0,0.0,0.19,0.0,0.31,0.0,0.0,0.58,0.21,0.36,0.85,0.1,268.11021158074345,2.211634715056912e-05
0.3,0.2,0.0,0.0,0.0,0.11,0.0,0.19,0.21,0.0,0.0,0.0,0.0,0.25,0.24,0.0,0.0,0.0,0.0,0.7,340.9272671608548,3.0531041825677365e-05
0.5,0.4,0.0,0.0,0.0,0.25,0.23,0.0,0.0,0.15,0.13,0.0,0.0,0.0,0.24,0.0,0.0,0.0,0.0,0.7,355.47121662432846,3.7336317213283455e-05
0.1,0.0,0.0,0.0,0.0,0.31,0.0,0.22,0.26,0.0,0.0,0.0,0.21,0.0,0.0,0.0,0.0,0.0,0.0,0.5,348.0490884498419,3.3418814764875255e-05
0.3,0.1,0.0,0.0,0.25,0.3,0.0,0.0,0.0,0.19,0.0,0.0,0.0,0.26,0.0,0.59,0.31,0.66,0.44,0.4,319.8093753678222,3.901285494406791e-05
0.4,0.3,0.0,0.21,0.0,0.0,0.0,0.0,0.0,0.0,0.11,0.24,0.0,0.25,0.19,0.24,0.33,0.26,0.17,0.5,484.42753848628007,3.991487629031674e-05
0.4,0.3,0.15,0.23,0.0,0.2,0.0,0.0,0.0,0.0,0.0,0.27,0.0,0.0,0.15,0.37,0.2,0.34,0.09,0.3,358.93484808784024,4.3288880803907935e-05
0.2,0.2,0.31,0.0,0.0,0.22,0.19,0.0,0.28,0.0,0.0,0.0,0.0,0.0,0.0,0.0,0.0,0.0,0.0,0.1,239.59778859646522,2.3877762671726234e-05
0.1,0.5,0.0,0.14,0.14,0.0,0.36,0.0,0.0,0.0,0.0,0.22,0.0,0.0,0.14,0.0,0.0,0.0,0.0,0.8,301.12718118147194,4.38049919757633e-05
0.2,0.1,0.36,0.16,0.0,0.0,0.14,0.0,0.0,0.0,0.0,0.12,0.0,0.0,0.22,0.44,0.68,0.25,0.63,0.2,288.83245417494595,1.94211856346805e-05
0.4,0.3,0.0,0.0,0.37,0.16,0.0,0.0,0.0,0.0,0.24,0.0,0.23,0.0,0.0,0.22,0.39,0.14,0.25,0.1,396.21075834627,3.2226833289603246e-05
0.1,0.0,0.0,0.19,0.0,0.0,0.3,0.0,0.0,0.0,0.34,0.0,0.17,0.0,0.0,0.0,0.0,0.0,0.0,0.8,337.47912374455956,3.605333491326534e-05
0.7,0.3,0.0,0.0,0.0,0.0,0.24,0.0,0.29,0.22,0.0,0.0,0.25,0.0,0.0,0.35,0.15,0.16,0.34,0.3,276.06471270927614,3.702762787896486e-05
0.6,0.2,0.0,0.27,0.0,0.0,0.0,0.3,0.0,0.2,0.0,0.0,0.0,0.23,0.0,0.0,0.0,0.0,0.0,0.2,511.8800527425992,2.795465064264743e-05
0.7,0.1,0.0,0.26,0.0,0.28,0.0,0.0,0.31,0.0,0.0,0.0,0.0,0.15,0.0,0.59,0.29,0.46,0.66,0.5,398.844804658268,3.6626152949605405e-05
0.7,0.5,0.0,0.0,0.19,0.2299999999999999,0.18,0.0,0.0,0.0,0.16,0.0,0.24,0.0,0.0,0.0,0.0,0.0,0.0,0.6,372.8297707565742,3.7552195927451023e-05
0.1,0.4,0.0,0.34,0.16,0.0,0.0,0.0,0.0,0.22,0.0,0.28,0.0,0.0,0.0,0.0,0.0,0.0,0.0,0.4,414.37015705006337,4.063759248639604e-05
0.6,0.3,0.19,0.0,0.0,0.23,0.0,0.0,0.18,0.0,0.0,0.14,0.0,0.0,0.26,0.28,0.24,0.2,0.28,0.2,310.2171636710327,3.130695350212289e-05
0.1,0.2,0.2799999999999999,0.0,0.0,0.29,0.0,0.0,0.11,0.17,0.0,0.0,0.0,0.0,0.15,0.0,0.0,0.0,0.0,0.8,277.8402420814352,3.282296675947734e-05
0.5,0.3,0.26,0.0,0.25,0.0,0.0,0.0,0.32,0.0,0.17,0.0,0.0,0.0,0.0,0.16,0.3,0.33,0.21,0.1,317.58956925973,2.4133748914728444e-05
0.3,0.2,0.0,0.26,0.27,0.0,0.0,0.15,0.1,0.0,0.0,0.0,0.0,0.0,0.22,0.0,0.0,0.0,0.0,0.2,357.59915789490924,2.3643717707680637e-05
0.5,0.2,0.22,0.0,0.4,0.0,0.0,0.0,0.0,0.16,0.0,0.0,0.0,0.0,0.22,0.0,0.0,0.0,0.0,0.1,303.8846384553314,2.8640042699004245e-05
0.4,0.1,0.0,0.0,0.25,0.0,0.0,0.0,0.0,0.25,0.11,0.27,0.0,0.0,0.12,0.3,0.28,0.68,0.74,0.4,397.22644216933236,4.803803114184668e-05
0.2,0.1,0.18,0.19,0.0,0.0,0.24,0.0,0.0,0.21,0.0,0.0,0.0,0.18,0.0,0.33,0.57,0.64,0.46,0.8,288.65832294229466,3.4838750592051784e-05
0.6,0.5,0.0,0.0,0.0,0.0,0.21,0.0,0.0,0.26,0.0,0.11,0.21,0.0,0.21,0.0,0.0,0.0,0.0,0.2,257.2767395555429,3.62287557393214e-05
0.1,0.3,0.23,0.21,0.23,0.0,0.0,0.0,0.0,0.0,0.0,0.17,0.0,0.16,0.0,0.31,0.25,0.09,0.35,0.4,386.18371655896595,2.8586047248460058e-05
0.7,0.3,0.0,0.0,0.0,0.0,0.31,0.0,0.0,0.0,0.2,0.0,0.3,0.19,0.0,0.18,0.26,0.24,0.32,0.4,283.7795640340494,3.770988039525837e-05
0.5,0.5,0.0,0.0,0.0,0.0,0.0,0.18,0.0,0.15,0.17,0.27,0.0,0.23,0.0,0.0,0.0,0.0,0.0,0.5,498.84196349017367,3.7285774511821485e-05
0.4,0.2,0.0,0.0,0.18,0.0,0.0,0.24,0.35,0.0,0.23,0.0,0.0,0.0,0.0,0.0,0.0,0.0,0.0,0.5,436.3236617765914,2.904562976740412e-05
0.1,0.3,0.35,0.0,0.0,0.0,0.0,0.21,0.0,0.0,0.0,0.0,0.0,0.15,0.29,0.4,0.28,0.19,0.13,0.7,260.07164579547157,2.8055235767239118e-05
0.2,0.3,0.0,0.25,0.12,0.0,0.0,0.25,0.0,0.0,0.22,0.0,0.0,0.16,0.0,0.18,0.19,0.29,0.34,0.3,414.55195880761414,2.245106577312485e-05
0.3,0.5,0.0,0.25,0.14,0.0,0.24,0.0,0.18,0.0,0.0,0.0,0.19,0.0,0.0,0.0,0.0,0.0,0.0,0.4,303.8046390781549,3.103631076486879e-05
0.1,0.5,0.28,0.0,0.0,0.14,0.0,0.0,0.0,0.0,0.35,0.0,0.0,0.0,0.23,0.0,0.0,0.0,0.0,0.2,373.77078160396053,2.759622393814131e-05
0.1,0.4,0.0,0.0,0.37,0.0,0.0,0.0,0.0,0.16,0.0,0.0,0.19,0.28,0.0,0.0,0.0,0.0,0.0,0.4,410.14133289861854,3.564471800026237e-05
0.1,0.2,0.0,0.0,0.0,0.2799999999999999,0.0,0.16,0.0,0.27,0.12,0.0,0.0,0.17,0.0,0.0,0.0,0.0,0.0,0.3,359.795800951887,3.626571419973268e-05
0.1,0.1,0.0,0.0,0.15,0.0,0.36,0.27,0.22,0.0,0.0,0.0,0.0,0.0,0.0,0.37,0.35,0.49,0.79,0.2,246.07843902804143,3.5517448657868824e-05
0.6,0.2,0.27,0.28,0.29,0.0,0.0,0.16,0.0,0.0,0.0,0.0,0.0,0.0,0.0,0.0,0.0,0.0,0.0,0.6,393.9987797786506,3.0447917301859293e-05
0.4,0.4,0.0,0.0,0.3,0.0,0.0,0.0,0.0,0.0,0.26,0.28,0.0,0.16,0.0,0.0,0.0,0.0,0.0,0.1,544.198592447734,4.462613484104576e-05
0.1,0.2,0.0,0.21,0.0,0.22,0.12,0.0,0.15,0.3,0.0,0.0,0.0,0.0,0.0,0.0,0.0,0.0,0.0,0.8,289.7317129898694,3.33608997834448e-05
0.7,0.0,0.0,0.0,0.3,0.0,0.0,0.3,0.0,0.0,0.16,0.1,0.14,0.0,0.0,0.0,0.0,0.0,0.0,0.1,415.1422213053877,3.679130950353261e-05
0.7,0.1,0.16,0.26,0.0,0.0,0.0,0.16,0.0,0.28,0.0,0.0,0.0,0.14,0.0,0.71,0.28,0.45,0.56,0.2,463.8324255400451,2.611514148485945e-05
0.7,0.5,0.0,0.0,0.0,0.0,0.0,0.0,0.0,0.16,0.3,0.0,0.38,0.16,0.0,0.0,0.0,0.0,0.0,0.3,508.3106479639315,3.648629891307304e-05
0.6,0.4,0.0,0.0,0.0,0.21,0.0,0.0,0.0,0.24,0.0,0.27,0.28,0.0,0.0,0.0,0.0,0.0,0.0,0.3,377.69908145745933,4.6715936712616485e-05
0.6,0.3,0.19,0.0,0.0,0.16,0.21,0.0,0.0,0.0,0.13,0.0,0.0,0.31,0.0,0.24,0.3,0.24,0.22,0.7,316.6350189997082,3.1187005793258076e-05
0.5,0.5,0.0,0.0,0.0,0.13,0.0,0.29,0.0,0.0,0.3,0.17,0.0,0.0,0.11,0.0,0.0,0.0,0.0,0.3,473.9957052686232,3.933730463914691e-05
0.3,0.4,0.12,0.0,0.0,0.0,0.22,0.19,0.21,0.0,0.0,0.0,0.0,0.0,0.26,0.0,0.0,0.0,0.0,0.4,263.50004299368254,2.0858456299048502e-05
0.7,0.2,0.26,0.0,0.0,0.0,0.21,0.0,0.0,0.11,0.0,0.11,0.0,0.31,0.0,0.0,0.0,0.0,0.0,0.5,276.1184358271534,2.4467316745425947e-05
0.5,0.4,0.25,0.0,0.0,0.2,0.18,0.0,0.14,0.0,0.0,0.0,0.0,0.0,0.23,0.0,0.0,0.0,0.0,0.6,283.2525695420212,3.0672502411092805e-05
0.4,0.2,0.0,0.0,0.0,0.0,0.0,0.23,0.0,0.0,0.27,0.27,0.0,0.23,0.0,0.0,0.0,0.0,0.0,0.7,502.1452554151704,4.2322953226899804e-05
0.3,0.2,0.0,0.0,0.28,0.31,0.0,0.0,0.26,0.0,0.0,0.0,0.15,0.0,0.0,0.0,0.0,0.0,0.0,0.3,300.2144994253666,3.367726563595676e-05
0.3,0.2,0.17,0.0,0.0,0.0,0.21,0.0,0.19,0.0,0.22,0.0,0.0,0.0,0.21,0.0,0.0,0.0,0.0,0.7,299.8091168777097,2.847127181458421e-05
0.1,0.3,0.25,0.19,0.0,0.0,0.0,0.0,0.0,0.0,0.24,0.16,0.0,0.16,0.0,0.19,0.27,0.3,0.24,0.3,442.4092461571072,3.057262976546334e-05
0.4,0.5,0.0,0.0,0.0,0.0,0.13,0.26,0.0,0.14,0.24,0.23,0.0,0.0,0.0,0.0,0.0,0.0,0.0,0.1,366.6383973686006,3.6976187805308055e-05
0.6,0.2,0.15,0.0,0.21,0.0,0.0,0.0,0.22,0.0,0.2,0.0,0.22,0.0,0.0,0.0,0.0,0.0,0.0,0.8,389.9051072432625,2.9471291696472186e-05
0.5,0.5,0.0,0.0,0.0,0.0,0.0,0.36,0.0,0.22,0.0,0.21,0.0,0.21,0.0,0.0,0.0,0.0,0.0,0.7,415.9704986907231,4.454710738462999e-05
0.3,0.2,0.0,0.18,0.0,0.0,0.0,0.0,0.0,0.19,0.0,0.0,0.27,0.36,0.0,0.0,0.0,0.0,0.0,0.8,376.16837430948743,3.3171264820259964e-05
0.2,0.3,0.0,0.24,0.27,0.0,0.0,0.0,0.0,0.27,0.0,0.0,0.22,0.0,0.0,0.24,0.17,0.15,0.44,0.3,427.3717552416505,3.226629999241922e-05
0.1,0.5,0.0,0.0,0.2,0.0,0.16,0.16,0.0,0.2,0.0,0.28,0.0,0.0,0.0,0.0,0.0,0.0,0.0,0.4,293.4621081785038,3.358030576167569e-05
0.2,0.5,0.0,0.0,0.21,0.0,0.0,0.0,0.29,0.2,0.0,0.15,0.0,0.0,0.15,0.0,0.0,0.0,0.0,0.2,317.3804277360517,3.265361175645623e-05
0.6,0.3,0.0,0.0,0.0,0.21,0.0,0.0,0.15,0.24,0.0,0.21,0.19,0.0,0.0,0.35,0.25,0.21,0.19,0.6,373.97472999400827,4.166883794046032e-05
0.7,0.2,0.0,0.0,0.35,0.28,0.0,0.0,0.0,0.0,0.2,0.0,0.0,0.0,0.17,0.0,0.0,0.0,0.0,0.8,419.21030134184497,4.0717880032599625e-05
0.7,0.5,0.12,0.0,0.0,0.28,0.16,0.0,0.22,0.0,0.0,0.0,0.0,0.22,0.0,0.0,0.0,0.0,0.0,0.4,294.22578215260813,3.209550874270371e-05
0.1,0.3,0.0,0.22,0.0,0.0,0.0,0.0,0.0,0.0,0.27,0.0,0.24,0.0,0.27,0.31,0.36,0.09,0.24,0.8,433.77308642712813,2.8560698811842784e-05
0.3,0.3,0.0,0.26,0.0,0.14,0.0,0.27,0.33,0.0,0.0,0.0,0.0,0.0,0.0,0.16,0.24,0.26,0.34,0.5,412.8739652685104,3.6059790074255586e-05
0.3,0.4,0.24,0.0,0.0,0.32,0.0,0.0,0.0,0.0,0.0,0.23,0.0,0.21,0.0,0.0,0.0,0.0,0.0,0.8,354.873534065535,4.2748575295990484e-05
0.3,0.5,0.0,0.0,0.2,0.18,0.23,0.19,0.0,0.0,0.2,0.0,0.0,0.0,0.0,0.0,0.0,0.0,0.0,0.5,363.2268022367008,3.634415584449303e-05
0.1,0.3,0.0,0.0,0.0,0.26,0.0,0.0,0.0,0.24,0.33,0.0,0.0,0.17,0.0,0.22,0.34,0.17,0.27,0.3,402.7604511805987,3.694912457566e-05
0.5,0.4,0.0,0.0,0.0,0.0,0.24,0.0,0.27,0.0,0.27,0.0,0.0,0.22,0.0,0.0,0.0,0.0,0.0,0.7,356.2348295417285,4.2056156510153774e-05
0.5,0.5,0.0,0.0,0.35,0.0,0.22,0.28,0.0,0.0,0.15,0.0,0.0,0.0,0.0,0.0,0.0,0.0,0.0,0.7,375.65423167561437,4.0098628339633967e-05
0.7,0.0,0.35,0.0,0.21,0.0,0.0,0.17,0.0,0.0,0.27,0.0,0.0,0.0,0.0,0.0,0.0,0.0,0.0,0.1,345.6092822802806,2.77136137760302e-05
0.3,0.3,0.0,0.0,0.32,0.0,0.0,0.0,0.0,0.19,0.24,0.0,0.0,0.25,0.0,0.39,0.2,0.2,0.21,0.4,486.9627252481434,3.1275996610988066e-05
0.2,0.4,0.0,0.15,0.0,0.17,0.3,0.16,0.0,0.22,0.0,0.0,0.0,0.0,0.0,0.0,0.0,0.0,0.0,0.8,267.43273397737926,3.2169372907657685e-05
0.1,0.3,0.36,0.0,0.0,0.23,0.0,0.17,0.0,0.0,0.24,0.0,0.0,0.0,0.0,0.33,0.19,0.16,0.32,0.2,325.7170421104172,2.6881460557501488e-05
0.5,0.3,0.0,0.0,0.0,0.0,0.0,0.27,0.0,0.32,0.13,0.0,0.0,0.0,0.28,0.11,0.33,0.31,0.25,0.8,483.1259996619202,4.076305650103698e-05
0.1,0.2,0.0,0.0,0.0,0.29,0.0,0.0,0.0,0.15,0.0,0.2,0.12,0.0,0.24,0.0,0.0,0.0,0.0,0.1,253.5651963546338,3.4813732809693535e-05
0.4,0.2,0.0,0.0,0.29,0.12,0.0,0.0,0.22,0.0,0.0,0.0,0.18,0.0,0.19,0.0,0.0,0.0,0.0,0.7,325.1897167526449,3.263286354899681e-05
0.1,0.4,0.26,0.0,0.0,0.0,0.13,0.23,0.0,0.0,0.0,0.26,0.0,0.0,0.12,0.0,0.0,0.0,0.0,0.8,251.51674868847806,3.25884007519901e-05
0.1,0.2,0.0,0.2,0.22,0.0,0.28,0.11,0.0,0.0,0.0,0.0,0.19,0.0,0.0,0.0,0.0,0.0,0.0,0.3,277.6036323173309,2.338860986287901e-05
0.7,0.3,0.11,0.0,0.0,0.0,0.0,0.0,0.24,0.26,0.0,0.0,0.23,0.16,0.0,0.22,0.25,0.33,0.2,0.7,419.53077459992403,3.5045838494344074e-05
0.1,0.2,0.16,0.2,0.0,0.0,0.0,0.0,0.0,0.32,0.0,0.0,0.32,0.0,0.0,0.0,0.0,0.0,0.0,0.6,327.2228410164181,3.394477649636092e-05
0.3,0.5,0.26,0.0,0.36,0.0,0.0,0.0,0.0,0.19,0.19,0.0,0.0,0.0,0.0,0.0,0.0,0.0,0.0,0.4,452.6617319293382,2.8125901502688373e-05
0.1,0.3,0.23,0.0,0.0,0.24,0.0,0.18,0.15,0.2,0.0,0.0,0.0,0.0,0.0,0.23,0.28,0.15,0.34,0.2,328.23632915117855,2.8829715930393546e-05
0.6,0.2,0.21,0.0,0.27,0.0,0.0,0.24,0.0,0.0,0.0,0.0,0.28,0.0,0.0,0.0,0.0,0.0,0.0,0.4,383.9989724429887,2.9635577312851106e-05
0.5,0.2,0.0,0.0,0.17,0.0,0.0,0.14,0.0,0.21,0.23,0.0,0.25,0.0,0.0,0.0,0.0,0.0,0.0,0.5,495.7992538856135,2.45300510052521e-05
0.4,0.2,0.0,0.11,0.25,0.0,0.26,0.11,0.0,0.0,0.27,0.0,0.0,0.0,0.0,0.0,0.0,0.0,0.0,0.8,357.48976122972334,3.753014305653839e-05
0.2,0.0,0.19,0.17,0.17,0.18,0.0,0.0,0.0,0.0,0.29,0.0,0.0,0.0,0.0,0.0,0.0,0.0,0.0,0.8,395.34740338603524,3.140331459417513e-05
0.5,0.3,0.0,0.0,0.21,0.2,0.0,0.14,0.0,0.0,0.27,0.0,0.0,0.18,0.0,0.21,0.17,0.33,0.29,0.4,390.957765655565,3.443510211545622e-05
0.7,0.4,0.13,0.0,0.0,0.0,0.0,0.0,0.0,0.25,0.29,0.33,0.0,0.0,0.0,0.0,0.0,0.0,0.0,0.7,576.8497123702384,5.416886040079964e-05
0.5,0.3,0.0,0.0,0.0,0.32,0.24,0.24,0.0,0.0,0.2,0.0,0.0,0.0,0.0,0.34,0.31,0.16,0.19,0.7,362.36983674824444,3.938204765471473e-05
0.4,0.0,0.0,0.0,0.0,0.2,0.0,0.27,0.0,0.23,0.3,0.0,0.0,0.0,0.0,0.0,0.0,0.0,0.0,0.2,473.5246157066402,3.2308935440304356e-05
0.3,0.5,0.0,0.0,0.0,0.0,0.0,0.0,0.0,0.24,0.0,0.19,0.0,0.31,0.26,0.0,0.0,0.0,0.0,0.4,390.70444585477566,4.03657759390987e-05
0.4,0.1,0.18,0.0,0.0,0.0,0.0,0.23,0.0,0.0,0.0,0.0,0.28,0.0,0.31,0.32,0.77,0.28,0.63,0.7,403.2168563896981,3.549220278021923e-05
0.4,0.1,0.0,0.23,0.0,0.0,0.0,0.28,0.3,0.0,0.0,0.0,0.19,0.0,0.0,0.75,0.3,0.51,0.44,0.6,401.4519532029435,4.1317505850069885e-05
0.2,0.3,0.15,0.0,0.0,0.0,0.0,0.14,0.27,0.22,0.0,0.0,0.0,0.22,0.0,0.27,0.23,0.16,0.34,0.5,337.0059948873604,3.208958100145282e-05
0.7,0.4,0.0,0.0,0.0,0.0,0.13,0.0,0.0,0.0,0.22,0.2,0.0,0.2,0.25,0.0,0.0,0.0,0.0,0.1,388.97922862448723,4.5032954336005686e-05
0.7,0.2,0.0,0.0,0.0,0.0,0.0,0.26,0.3,0.0,0.18,0.0,0.0,0.0,0.26,0.0,0.0,0.0,0.0,0.2,460.3150479464165,2.8547442783632882e-05
0.3,0.3,0.0,0.0,0.0,0.0,0.22,0.23,0.0,0.0,0.16,0.0,0.27,0.0,0.12,0.39,0.13,0.12,0.36,0.5,339.95776804254535,2.4789806374623588e-05
0.7,0.5,0.0,0.22,0.0,0.0,0.14,0.0,0.0,0.0,0.14,0.19,0.0,0.0,0.31,0.0,0.0,0.0,0.0,0.5,453.1107019128025,4.541821174681696e-05
0.4,0.5,0.0,0.0,0.0,0.16,0.0,0.0,0.0,0.24,0.0,0.0,0.24,0.12,0.24,0.0,0.0,0.0,0.0,0.8,360.30752318028,4.053228171715924e-05
0.3,0.1,0.0,0.0,0.21,0.0,0.0,0.0,0.21,0.33,0.25,0.0,0.0,0.0,0.0,0.46,0.78,0.44,0.32,0.1,364.39709961057633,4.3312452961677885e-05
0.2,0.2,0.33,0.29,0.22,0.0,0.0,0.0,0.0,0.0,0.0,0.0,0.16,0.0,0.0,0.0,0.0,0.0,0.0,0.1,327.59863549283136,2.412730767558746e-05
0.7,0.3,0.0,0.0,0.42,0.0,0.0,0.0,0.28,0.0,0.15,0.0,0.15,0.0,0.0,0.23,0.34,0.2,0.23,0.8,400.2530789155926,3.8850177690359885e-05
0.7,0.0,0.16,0.0,0.0,0.0,0.0,0.14,0.21,0.24,0.0,0.0,0.0,0.25,0.0,0.0,0.0,0.0,0.0,0.4,474.5202290745323,2.5422082516259394e-05
0.4,0.2,0.0,0.26,0.0,0.0,0.17,0.23,0.0,0.0,0.0,0.0,0.34,0.0,0.0,0.0,0.0,0.0,0.0,0.4,364.41658371604655,2.6923976207953767e-05
0.7,0.1,0.0,0.22,0.0,0.0,0.22,0.3,0.26,0.0,0.0,0.0,0.0,0.0,0.0,0.55,0.59,0.5,0.36,0.3,347.56587643138835,3.97379413364949e-05
0.7,0.4,0.0,0.0,0.22,0.23,0.0,0.14,0.0,0.1,0.0,0.0,0.0,0.0,0.31,0.0,0.0,0.0,0.0,0.7,413.47212289132045,3.4763584980070425e-05
0.5,0.4,0.0,0.19,0.0,0.0,0.0,0.13,0.0,0.0,0.26,0.13,0.0,0.29,0.0,0.0,0.0,0.0,0.0,0.2,499.74566551577146,3.62429026961145e-05
0.4,0.3,0.0,0.0,0.15,0.0,0.0,0.0,0.0,0.24,0.16,0.23,0.22,0.0,0.0,0.41,0.14,0.25,0.2,0.2,433.5702216071576,4.204730805357441e-05
0.1,0.2,0.0,0.0,0.0,0.0,0.0,0.15,0.25,0.0,0.0,0.0,0.28,0.0,0.32,0.0,0.0,0.0,0.0,0.5,309.3281602039697,2.2966862221833997e-05
0.4,0.3,0.14,0.0,0.26,0.0,0.0,0.0,0.2,0.0,0.0,0.22,0.0,0.18,0.0,0.19,0.44,0.27,0.1,0.2,309.471487504776,2.9012803701914078e-05
0.5,0.4,0.0,0.0,0.32,0.0,0.24,0.0,0.0,0.0,0.0,0.24,0.0,0.0,0.2,0.0,0.0,0.0,0.0,0.3,304.0569642084812,3.419419128701976e-05
0.2,0.0,0.14,0.0,0.14,0.33,0.16,0.0,0.0,0.23,0.0,0.0,0.0,0.0,0.0,0.0,0.0,0.0,0.0,0.6,282.12654330841406,2.9828690529565897e-05
0.3,0.4,0.0,0.0,0.0,0.0,0.18,0.24,0.16,0.0,0.2,0.0,0.0,0.22,0.0,0.0,0.0,0.0,0.0,0.7,329.30554978247534,2.755906384482695e-05
0.3,0.3,0.0,0.0,0.22,0.27,0.0,0.15,0.11,0.0,0.0,0.0,0.0,0.25,0.0,0.12,0.2,0.54,0.14,0.4,333.4906384470754,3.068596824941477e-05
0.7,0.1,0.0,0.22,0.0,0.0,0.0,0.17,0.0,0.36,0.25,0.0,0.0,0.0,0.0,0.35,0.69,0.2,0.76,0.4,563.6758209648444,3.488789000739434e-05
0.6,0.1,0.21,0.0,0.2,0.0,0.0,0.0,0.0,0.19,0.0,0.22,0.18,0.0,0.0,0.38,0.81,0.53,0.28,0.2,306.61983842401276,3.3870686836905905e-05
0.2,0.4,0.0,0.0,0.32,0.0,0.22,0.0,0.0,0.0,0.0,0.31,0.15,0.0,0.0,0.0,0.0,0.0,0.0,0.1,318.66215789672236,3.694944541189951e-05
0.6,0.2,0.0,0.0,0.0,0.0,0.0,0.18,0.19,0.0,0.16,0.0,0.0,0.22,0.25,0.0,0.0,0.0,0.0,0.2,423.7868208856146,2.2362548496437932e-05
0.4,0.2,0.0,0.32,0.16,0.0,0.0,0.0,0.18,0.0,0.34,0.0,0.0,0.0,0.0,0.0,0.0,0.0,0.0,0.4,498.7380341715725,3.070367142458982e-05
0.7,0.2,0.0,0.0,0.28,0.0,0.0,0.0,0.17,0.27,0.0,0.0,0.0,0.0,0.28,0.0,0.0,0.0,0.0,0.7,448.5817312584127,3.105814339765722e-05
0.4,0.3,0.28,0.0,0.38,0.0,0.0,0.0,0.0,0.0,0.16,0.0,0.0,0.18,0.0,0.26,0.31,0.24,0.19,0.1,370.6149454977189,2.8482971410186505e-05
0.2,0.4,0.0,0.0,0.25,0.28,0.0,0.0,0.0,0.0,0.0,0.0,0.19,0.28,0.0,0.0,0.0,0.0,0.0,0.3,335.3358472987334,3.296360237417062e-05
0.6,0.3,0.0,0.19,0.0,0.15,0.19,0.0,0.0,0.0,0.0,0.0,0.27,0.2,0.0,0.19,0.38,0.25,0.18,0.3,286.18058201115065,3.0368526206951874e-05
0.6,0.4,0.0,0.0,0.0,0.22,0.34,0.0,0.0,0.0,0.0,0.17,0.13,0.14,0.0,0.0,0.0,0.0,0.0,0.4,253.65149073948274,3.8332098498981295e-05
0.7,0.2,0.0,0.0,0.12,0.24,0.21,0.0,0.0,0.0,0.27,0.0,0.0,0.0,0.16,0.0,0.0,0.0,0.0,0.3,323.77767253485155,4.014408538555653e-05
0.5,0.0,0.1,0.0,0.0,0.29,0.23,0.28,0.0,0.1,0.0,0.0,0.0,0.0,0.0,0.0,0.0,0.0,0.0,0.2,313.5108779641728,3.3327990356051413e-05
0.5,0.2,0.0,0.17,0.21,0.0,0.0,0.21,0.0,0.0,0.19,0.22,0.0,0.0,0.0,0.0,0.0,0.0,0.0,0.2,452.140399450461,4.01577197912414e-05
0.7,0.2,0.0,0.15,0.0,0.0,0.15,0.0,0.0,0.0,0.0,0.0,0.2,0.26,0.24,0.0,0.0,0.0,0.0,0.2,276.8657832515802,2.8169934032699957e-05
0.3,0.3,0.0,0.0,0.0,0.0,0.0,0.26,0.0,0.0,0.0,0.19,0.3,0.0,0.25,0.35,0.28,0.1,0.27,0.4,354.55073001668256,3.0268121401549138e-05
0.3,0.4,0.24,0.0,0.21,0.0,0.0,0.0,0.0,0.21,0.24,0.0,0.1,0.0,0.0,0.0,0.0,0.0,0.0,0.5,431.2903901509971,2.967733402177516e-05
0.1,0.2,0.0,0.28,0.0,0.28,0.0,0.0,0.0,0.0,0.0,0.14,0.0,0.3,0.0,0.0,0.0,0.0,0.0,0.2,373.3831873699665,3.156008533244792e-05
0.1,0.2,0.26,0.0,0.0,0.0,0.0,0.0,0.0,0.24,0.0,0.0,0.26,0.24,0.0,0.0,0.0,0.0,0.0,0.7,282.44161492420886,3.1833185036682264e-05
0.1,0.5,0.0,0.19,0.28,0.0,0.0,0.0,0.0,0.24,0.0,0.0,0.0,0.29,0.0,0.0,0.0,0.0,0.0,0.6,442.7660916133995,4.037293701435601e-05
0.3,0.3,0.16,0.0,0.0,0.0,0.31,0.16,0.0,0.0,0.0,0.23,0.14,0.0,0.0,0.13,0.36,0.36,0.15,0.5,250.57221093562424,2.474034747659712e-05
0.6,0.4,0.0,0.23,0.0,0.0,0.2299999999999999,0.0,0.0,0.0,0.0,0.22,0.13,0.19,0.0,0.0,0.0,0.0,0.0,0.1,288.0633244732151,3.7312757342022284e-05
0.5,0.1,0.2,0.0,0.0,0.0,0.17,0.22,0.0,0.0,0.0,0.13,0.0,0.0,0.28,0.69,0.34,0.49,0.48,0.5,321.1190563378624,3.3233610817891464e-05
0.4,0.1,0.0,0.0,0.21,0.0,0.0,0.0,0.21,0.2,0.0,0.0,0.0,0.11,0.27,0.73,0.2,0.42,0.65,0.6,354.3526251719504,3.250436821560022e-05
0.3,0.1,0.16,0.21,0.19,0.21,0.0,0.0,0.0,0.0,0.23,0.0,0.0,0.0,0.0,0.45,0.69,0.47,0.39,0.7,367.89712165388687,3.42816029718356e-05
0.2,0.1,0.0,0.0,0.23,0.21,0.0,0.26,0.0,0.0,0.0,0.0,0.0,0.3,0.0,0.27,0.4,0.77,0.56,0.3,379.4228765092077,3.712538385138896e-05
0.1,0.4,0.0,0.0,0.0,0.0,0.0,0.22,0.22,0.0,0.0,0.0,0.0,0.36,0.2,0.0,0.0,0.0,0.0,0.2,311.18996042212683,2.823639830104313e-05
0.2,0.4,0.17,0.0,0.24,0.33,0.0,0.0,0.0,0.0,0.26,0.0,0.0,0.0,0.0,0.0,0.0,0.0,0.0,0.2,370.36619846985093,3.283355180700955e-05
0.6,0.3,0.0,0.0,0.0,0.13,0.0,0.0,0.21,0.0,0.0,0.27,0.16,0.23,0.0,0.17,0.46,0.19,0.18,0.7,362.1263306858581,3.951819872570907e-05
0.1,0.3,0.0,0.0,0.0,0.32,0.0,0.0,0.14,0.0,0.18,0.12,0.0,0.24,0.0,0.32,0.18,0.2,0.3,0.7,378.22538790080887,3.967447103842206e-05
0.3,0.3,0.0,0.0,0.0,0.0,0.0,0.27,0.0,0.16,0.0,0.21,0.0,0.0,0.36,0.45,0.14,0.2,0.21,0.5,348.93231529167514,3.842420713186199e-05
0.1,0.4,0.0,0.0,0.17,0.38,0.14,0.0,0.0,0.0,0.0,0.0,0.0,0.0,0.31,0.0,0.0,0.0,0.0,0.3,282.4685952681659,3.563401290956752e-05
0.1,0.0,0.21,0.0,0.21,0.0,0.22,0.0,0.0,0.2,0.0,0.16,0.0,0.0,0.0,0.0,0.0,0.0,0.0,0.6,233.83722572358667,2.5242551949668374e-05
0.1,0.1,0.2,0.0,0.0,0.2,0.2,0.0,0.0,0.0,0.16,0.0,0.24,0.0,0.0,0.54,0.34,0.47,0.65,0.1,275.18183621813176,2.4254081396346435e-05
0.3,0.5,0.27,0.21,0.0,0.0,0.0,0.0,0.19,0.16,0.0,0.0,0.0,0.17,0.0,0.0,0.0,0.0,0.0,0.3,319.59354432300813,2.6966179378953774e-05
0.4,0.2,0.0,0.31,0.26,0.0,0.0,0.0,0.0,0.0,0.17,0.0,0.0,0.0,0.26,0.0,0.0,0.0,0.0,0.6,460.63326815704096,2.8131659448015497e-05
0.1,0.5,0.0,0.0,0.0,0.17,0.0,0.0,0.0,0.26,0.0,0.32,0.0,0.25,0.0,0.0,0.0,0.0,0.0,0.8,360.33036568264697,5.568507812543003e-05
0.2,0.5,0.0,0.16,0.0,0.0,0.0,0.0,0.0,0.0,0.0,0.2,0.29,0.0,0.35,0.0,0.0,0.0,0.0,0.2,373.6836126814899,3.331457740452272e-05
0.2,0.4,0.0,0.19,0.11,0.26,0.0,0.0,0.18,0.0,0.0,0.0,0.0,0.26,0.0,0.0,0.0,0.0,0.0,0.8,356.8433438793276,3.563539401450571e-05
0.1,0.3,0.0,0.0,0.27,0.0,0.28,0.22,0.0,0.23,0.0,0.0,0.0,0.0,0.0,0.21,0.23,0.31,0.25,0.7,248.01116354430036,3.133682599251959e-05
0.4,0.5,0.0,0.22,0.0,0.0,0.0,0.0,0.35,0.25,0.0,0.0,0.0,0.18,0.0,0.0,0.0,0.0,0.0,0.5,382.43315942573946,3.552041848816588e-05
0.4,0.5,0.22,0.33,0.23,0.0,0.0,0.0,0.0,0.0,0.0,0.0,0.0,0.0,0.22,0.0,0.0,0.0,0.0,0.8,401.37391043990954,3.780360267533069e-05
0.6,0.2,0.17,0.0,0.32,0.14,0.19,0.0,0.0,0.0,0.0,0.0,0.18,0.0,0.0,0.0,0.0,0.0,0.0,0.8,298.36575828802177,3.7269251457815384e-05
0.7,0.3,0.16,0.34,0.0,0.0,0.0,0.0,0.24,0.0,0.0,0.0,0.26,0.0,0.0,0.42,0.13,0.23,0.22,0.1,331.5878573956405,2.9640120667649583e-05
0.4,0.2,0.0,0.0,0.0,0.26,0.2,0.0,0.0,0.0,0.25,0.0,0.14,0.0,0.15,0.0,0.0,0.0,0.0,0.4,340.7523836537535,3.181672012314199e-05
0.1,0.0,0.24,0.0,0.0,0.13,0.0,0.0,0.0,0.17,0.19,0.27,0.0,0.0,0.0,0.0,0.0,0.0,0.0,0.5,343.7170046323429,3.000002621450449e-05
0.2,0.1,0.0,0.0,0.19,0.0,0.0,0.0,0.0,0.15,0.44,0.0,0.0,0.22,0.0,0.51,0.29,0.6,0.6,0.2,452.5356342164264,4.089609111847204e-05
0.3,0.4,0.0,0.0,0.0,0.23,0.24,0.0,0.0,0.0,0.2,0.12,0.0,0.21,0.0,0.0,0.0,0.0,0.0,0.3,351.75497186632106,3.3271440201807433e-05
0.4,0.0,0.18,0.0,0.33,0.0,0.16,0.0,0.33,0.0,0.0,0.0,0.0,0.0,0.0,0.0,0.0,0.0,0.0,0.8,234.69438778511338,3.316524586658157e-05
0.6,0.0,0.0,0.0,0.0,0.0,0.0,0.16,0.3,0.0,0.0,0.0,0.0,0.24,0.3,0.0,0.0,0.0,0.0,0.4,402.215661935086,2.7455338930465186e-05
0.1,0.0,0.0,0.0,0.0,0.0,0.29,0.18,0.21,0.0,0.0,0.22,0.1,0.0,0.0,0.0,0.0,0.0,0.0,0.2,228.5170890138762,2.7305919752117963e-05
0.6,0.3,0.18,0.0,0.33,0.0,0.0,0.23,0.0,0.0,0.26,0.0,0.0,0.0,0.0,0.3,0.19,0.15,0.36,0.5,396.68639197817055,3.6172654206435185e-05
0.6,0.0,0.0,0.0,0.0,0.0,0.0,0.0,0.2,0.0,0.0,0.23,0.2,0.37,0.0,0.0,0.0,0.0,0.0,0.3,333.74583137911435,3.2229361938922e-05
0.1,0.3,0.0,0.15,0.18,0.13,0.0,0.31,0.0,0.0,0.0,0.0,0.23,0.0,0.0,0.37,0.17,0.13,0.33,0.8,365.02507033230677,3.582969500606137e-05
0.6,0.1,0.0,0.0,0.0,0.26,0.17,0.0,0.0,0.0,0.0,0.0,0.16,0.0,0.41,0.19,0.38,0.74,0.69,0.8,324.45666699090935,4.222507401727147e-05
0.1,0.3,0.0,0.0,0.24,0.0,0.3,0.15,0.0,0.0,0.31,0.0,0.0,0.0,0.0,0.18,0.3,0.24,0.28,0.5,322.6591269451483,3.708975004420055e-05
0.6,0.2,0.0,0.0,0.0,0.27,0.0,0.27,0.13,0.0,0.33,0.0,0.0,0.0,0.0,0.0,0.0,0.0,0.0,0.2,446.3448109591689,3.8904272123916214e-05
0.2,0.4,0.0,0.15,0.0,0.0,0.25,0.0,0.0,0.22,0.21,0.0,0.0,0.0,0.17,0.0,0.0,0.0,0.0,0.1,310.31663446477376,3.118437764660328e-05
0.3,0.5,0.3,0.0,0.22,0.15,0.12,0.21,0.0,0.0,0.0,0.0,0.0,0.0,0.0,0.0,0.0,0.0,0.0,0.5,303.3487415226686,2.8523168400576874e-05
0.5,0.1,0.0,0.0,0.2,0.28,0.0,0.0,0.0,0.26,0.0,0.0,0.0,0.0,0.26,0.44,0.44,0.49,0.63,0.4,377.80161265899886,3.979226788621409e-05
0.3,0.3,0.0,0.0,0.22,0.11,0.19,0.0,0.0,0.22,0.0,0.0,0.0,0.0,0.26,0.11,0.28,0.31,0.3,0.5,288.14474960894205,3.343271636087855e-05
0.5,0.1,0.0,0.15,0.28,0.0,0.0,0.0,0.0,0.39,0.0,0.0,0.18,0.0,0.0,0.65,0.29,0.51,0.55,0.5,441.1760719605315,3.6716192442756635e-05
0.2,0.5,0.0,0.15,0.26,0.0,0.0,0.11,0.0,0.0,0.24,0.0,0.0,0.24,0.0,0.0,0.0,0.0,0.0,0.7,494.41269733930596,3.449035214032804e-05
0.3,0.1,0.24,0.0,0.25,0.0,0.0,0.0,0.0,0.17,0.0,0.0,0.14,0.2,0.0,0.41,0.62,0.42,0.55,0.7,355.88487628197134,3.340252814210576e-05
0.5,0.4,0.0,0.3,0.0,0.15,0.0,0.0,0.0,0.0,0.22,0.33,0.0,0.0,0.0,0.0,0.0,0.0,0.0,0.2,536.5154969788471,5.136432329635308e-05
0.7,0.2,0.0,0.2,0.0,0.0,0.0,0.0,0.0,0.0,0.25,0.0,0.21,0.19,0.15,0.0,0.0,0.0,0.0,0.5,466.16658335692534,3.244899191739972e-05
0.2,0.0,0.0,0.0,0.0,0.24,0.0,0.21,0.32,0.0,0.0,0.23,0.0,0.0,0.0,0.0,0.0,0.0,0.0,0.1,272.4142918730112,4.060189926662555e-05
0.6,0.4,0.24,0.18,0.0,0.0,0.22,0.0,0.0,0.0,0.0,0.0,0.0,0.36,0.0,0.0,0.0,0.0,0.0,0.6,293.98119971012443,3.210827186883031e-05
0.7,0.1,0.0,0.0,0.19,0.15,0.34,0.0,0.0,0.0,0.0,0.0,0.0,0.32,0.0,0.43,0.56,0.56,0.45,0.4,219.513160882201,3.74141977176086e-05
0.5,0.1,0.0,0.0,0.25,0.0,0.26,0.0,0.0,0.16,0.0,0.0,0.19,0.14,0.0,0.77,0.47,0.49,0.27,0.1,201.2056026799893,3.4118390254339845e-05
0.2,0.0,0.0,0.0,0.16,0.0,0.0,0.0,0.26,0.2,0.0,0.0,0.27,0.0,0.11,0.0,0.0,0.0,0.0,0.1,289.74962191159847,2.662453421684392e-05
0.5,0.5,0.0,0.0,0.0,0.32,0.21,0.0,0.0,0.32,0.0,0.0,0.0,0.15,0.0,0.0,0.0,0.0,0.0,0.8,319.22515432287963,4.871986303261565e-05
0.1,0.4,0.0,0.0,0.0,0.0,0.33,0.0,0.0,0.28,0.0,0.16,0.0,0.23,0.0,0.0,0.0,0.0,0.0,0.2,218.74042389122002,3.383597848096307e-05
0.6,0.2,0.0,0.0,0.19,0.24,0.0,0.0,0.11,0.19,0.27,0.0,0.0,0.0,0.0,0.0,0.0,0.0,0.0,0.4,422.67280951337125,3.6326762488080003e-05
0.4,0.3,0.0,0.0,0.0,0.0,0.11,0.0,0.0,0.21,0.2,0.21,0.0,0.0,0.27,0.27,0.28,0.15,0.3,0.8,457.90656380666877,4.193372566187057e-05
0.6,0.0,0.0,0.0,0.28,0.0,0.16,0.0,0.0,0.0,0.28,0.0,0.28,0.0,0.0,0.0,0.0,0.0,0.0,0.7,363.0083372014655,3.403141090794098e-05
0.1,0.5,0.0,0.0,0.17,0.0,0.0,0.23,0.0,0.0,0.11,0.29,0.0,0.2,0.0,0.0,0.0,0.0,0.0,0.8,415.9791412096938,4.628420756464361e-05
0.6,0.0,0.0,0.0,0.0,0.0,0.16,0.0,0.32,0.0,0.0,0.33,0.19,0.0,0.0,0.0,0.0,0.0,0.0,0.5,253.06953465823833,2.4645424537578325e-05
0.5,0.3,0.0,0.0,0.22,0.22,0.0,0.27,0.0,0.0,0.0,0.0,0.0,0.0,0.29,0.17,0.3,0.25,0.28,0.2,383.47516134134,3.167553596207755e-05
0.7,0.2,0.14,0.27,0.0,0.0,0.0,0.0,0.0,0.11,0.28,0.0,0.0,0.2,0.0,0.0,0.0,0.0,0.0,0.5,477.6533832685704,3.175188727832844e-05
0.7,0.4,0.22,0.18,0.0,0.0,0.0,0.0,0.0,0.0,0.21,0.21,0.0,0.18,0.0,0.0,0.0,0.0,0.0,0.2,459.2076944753324,3.864950261813859e-05
0.7,0.0,0.0,0.0,0.27,0.0,0.0,0.0,0.0,0.0,0.32,0.0,0.0,0.13,0.28,0.0,0.0,0.0,0.0,0.6,444.70864821987294,3.3098028337445645e-05
0.4,0.0,0.0,0.13,0.29,0.24,0.0,0.21,0.13,0.0,0.0,0.0,0.0,0.0,0.0,0.0,0.0,0.0,0.0,0.4,393.73809181934973,2.7564202326703804e-05
0.1,0.0,0.0,0.0,0.34,0.13,0.0,0.17,0.0,0.0,0.14,0.22,0.0,0.0,0.0,0.0,0.0,0.0,0.0,0.6,377.94678700415585,3.4399184990852925e-05
0.2,0.5,0.0,0.12,0.0,0.27,0.0,0.0,0.0,0.0,0.0,0.2799999999999999,0.0,0.15,0.18,0.0,0.0,0.0,0.0,0.2,373.8889948168586,3.9884743139459244e-05
0.4,0.2,0.19,0.0,0.24,0.0,0.0,0.0,0.0,0.23,0.0,0.0,0.34,0.0,0.0,0.0,0.0,0.0,0.0,0.3,372.00494980263704,2.519150554817029e-05
0.4,0.3,0.23,0.0,0.0,0.0,0.0,0.0,0.0,0.0,0.0,0.36,0.24,0.0,0.17,0.17,0.34,0.25,0.24,0.6,326.981366948345,3.679328735821245e-05
0.7,0.2,0.0,0.0,0.0,0.16,0.14,0.0,0.0,0.0,0.0,0.0,0.28,0.19,0.23,0.0,0.0,0.0,0.0,0.3,305.6488388458711,2.793324549816466e-05
0.3,0.4,0.0,0.0,0.0,0.0,0.24,0.0,0.0,0.0,0.3999999999999999,0.0,0.18,0.18,0.0,0.0,0.0,0.0,0.0,0.1,381.4692346591125,3.803319330113192e-05
0.4,0.3,0.0,0.0,0.17,0.16,0.19,0.0,0.0,0.18,0.3,0.0,0.0,0.0,0.0,0.21,0.34,0.25,0.2,0.2,340.96610703586043,3.823031906501761e-05
0.2,0.2,0.0,0.0,0.26,0.0,0.0,0.0,0.0,0.17,0.19,0.0,0.0,0.0,0.38,0.0,0.0,0.0,0.0,0.1,387.0883824689655,2.8605897496188724e-05
0.4,0.3,0.0,0.0,0.0,0.0,0.0,0.0,0.3,0.2,0.0,0.22,0.14,0.0,0.14,0.37,0.31,0.12,0.2,0.6,296.2513160951497,3.468751777645365e-05
0.6,0.1,0.22,0.0,0.28,0.0,0.0,0.0,0.0,0.21,0.0,0.0,0.0,0.29,0.0,0.61,0.62,0.46,0.31,0.1,302.42881412648916,3.512400352480969e-05
0.7,0.4,0.0,0.0,0.0,0.0,0.3,0.27,0.0,0.0,0.31,0.0,0.12,0.0,0.0,0.0,0.0,0.0,0.0,0.1,302.74829684971104,3.4164554988335074e-05
0.5,0.2,0.0,0.26,0.0,0.0,0.0,0.19,0.16,0.0,0.0,0.15,0.0,0.0,0.24,0.0,0.0,0.0,0.0,0.3,403.752654872371,3.2826457417516035e-05
0.2,0.1,0.28,0.0,0.0,0.0,0.14,0.26,0.0,0.0,0.32,0.0,0.0,0.0,0.0,0.32,0.3,0.68,0.7,0.2,338.8523398477685,3.200135952159448e-05
0.7,0.5,0.0,0.0,0.0,0.0,0.2,0.0,0.0,0.0,0.0,0.3399999999999999,0.25,0.0,0.21,0.0,0.0,0.0,0.0,0.2,289.996574543949,3.497947075651538e-05
0.4,0.2,0.0,0.0,0.0,0.0,0.24,0.0,0.19,0.16,0.0,0.0,0.17,0.24,0.0,0.0,0.0,0.0,0.0,0.8,260.38910377148335,2.6541273731484845e-05
0.5,0.4,0.0,0.0,0.22,0.0,0.2299999999999999,0.18,0.14,0.0,0.0,0.23,0.0,0.0,0.0,0.0,0.0,0.0,0.0,0.8,293.54856958490655,3.664376247033823e-05
0.5,0.4,0.15,0.28,0.0,0.0,0.19,0.27,0.0,0.0,0.0,0.0,0.0,0.11,0.0,0.0,0.0,0.0,0.0,0.6,331.8291011197548,2.708996151297842e-05
0.5,0.1,0.0,0.0,0.0,0.0,0.0,0.29,0.22,0.0,0.34,0.0,0.0,0.15,0.0,0.64,0.63,0.17,0.56,0.2,469.3463892670728,3.6861387374891914e-05
0.5,0.1,0.28,0.26,0.0,0.1,0.0,0.16,0.2,0.0,0.0,0.0,0.0,0.0,0.0,0.44,0.52,0.74,0.3,0.5,412.76032632647275,3.521780558946419e-05
0.6,0.4,0.0,0.0,0.27,0.28,0.0,0.0,0.26,0.0,0.0,0.19,0.0,0.0,0.0,0.0,0.0,0.0,0.0,0.5,377.55082927833996,4.417900932231091e-05
0.1,0.3,0.0,0.0,0.13,0.0,0.27,0.0,0.0,0.24,0.0,0.0,0.17,0.19,0.0,0.12,0.28,0.28,0.32,0.3,241.46923702895748,2.9101644104245063e-05
0.2,0.2,0.0,0.0,0.0,0.0,0.0,0.0,0.0,0.16,0.18,0.32,0.0,0.0,0.3399999999999999,0.0,0.0,0.0,0.0,0.7,438.1374298254671,4.674060351171327e-05
0.3,0.2,0.19,0.18,0.0,0.0,0.0,0.0,0.28,0.0,0.0,0.0,0.35,0.0,0.0,0.0,0.0,0.0,0.0,0.2,322.46817699513866,2.0155673304056107e-05
0.5,0.4,0.0,0.0,0.0,0.18,0.0,0.0,0.36,0.26,0.2,0.0,0.0,0.0,0.0,0.0,0.0,0.0,0.0,0.6,437.82622054837617,3.788197033662589e-05
0.1,0.4,0.0,0.18,0.25,0.26,0.0,0.0,0.0,0.0,0.11,0.0,0.0,0.2,0.0,0.0,0.0,0.0,0.0,0.1,377.52512114774004,2.9896511818970425e-05
0.4,0.1,0.21,0.0,0.0,0.0,0.0,0.0,0.0,0.19,0.0,0.0,0.42,0.18,0.0,0.45,0.63,0.27,0.65,0.2,368.9364529981465,2.326788507306743e-05
0.7,0.3,0.0,0.27,0.28,0.0,0.0,0.22,0.0,0.0,0.0,0.0,0.0,0.23,0.0,0.38,0.13,0.23,0.26,0.4,431.5327837679673,3.403579897643256e-05
0.6,0.2,0.0,0.0,0.0,0.0,0.0,0.0,0.3,0.26,0.0,0.0,0.0,0.17,0.27,0.0,0.0,0.0,0.0,0.7,384.99223910405294,3.4480184763890604e-05
0.4,0.3,0.0,0.0,0.0,0.0,0.19,0.0,0.24,0.0,0.23,0.0,0.0,0.0,0.3399999999999999,0.46,0.14,0.24,0.16,0.5,312.27516240685156,3.3547066708937266e-05
0.4,0.1,0.0,0.0,0.0,0.0,0.0,0.0,0.0,0.15,0.25,0.33,0.0,0.0,0.27,0.34,0.59,0.63,0.44,0.3,457.0513277151161,4.697574019415998e-05
0.2,0.5,0.26,0.31,0.0,0.0,0.0,0.2,0.0,0.23,0.0,0.0,0.0,0.0,0.0,0.0,0.0,0.0,0.0,0.7,328.7377397961165,2.9895058664840415e-05
0.5,0.2,0.0,0.0,0.0,0.0,0.0,0.25,0.0,0.15,0.0,0.26,0.23,0.0,0.11,0.0,0.0,0.0,0.0,0.2,389.70450844162184,3.0851812994726255e-05
0.7,0.5,0.0,0.31,0.0,0.28,0.0,0.0,0.0,0.0,0.21,0.0,0.0,0.0,0.2,0.0,0.0,0.0,0.0,0.1,417.5501113950932,4.015236799406446e-05
0.5,0.3,0.0,0.19,0.0,0.0,0.27,0.0,0.0,0.29,0.0,0.0,0.0,0.25,0.0,0.17,0.29,0.26,0.28,0.8,321.34411845881084,3.738191052331363e-05
0.4,0.0,0.0,0.15,0.0,0.23,0.0,0.0,0.0,0.0,0.23,0.0,0.27,0.12,0.0,0.0,0.0,0.0,0.0,0.1,334.1415582067275,3.18817713730971e-05
0.4,0.5,0.31,0.25,0.15,0.0,0.0,0.0,0.0,0.0,0.0,0.29,0.0,0.0,0.0,0.0,0.0,0.0,0.0,0.7,428.6810943560961,4.644708408174799e-05
0.2,0.3,0.0,0.0,0.22,0.27,0.16,0.0,0.15,0.0,0.0,0.0,0.2,0.0,0.0,0.28,0.29,0.12,0.31,0.3,270.0506447620474,2.927237430290861e-05
0.6,0.5,0.0,0.0,0.22,0.22,0.38,0.0,0.0,0.0,0.0,0.18,0.0,0.0,0.0,0.0,0.0,0.0,0.0,0.1,230.7578893078934,4.4141461212486195e-05
0.5,0.5,0.18,0.0,0.0,0.0,0.22,0.0,0.0,0.0,0.0,0.0,0.31,0.0,0.29,0.0,0.0,0.0,0.0,0.5,278.68888959186705,2.8584365008730858e-05
0.6,0.5,0.0,0.0,0.18,0.0,0.0,0.27,0.25,0.0,0.0,0.0,0.0,0.3,0.0,0.0,0.0,0.0,0.0,0.1,387.57515400218,2.9254451732035772e-05
0.4,0.5,0.0,0.3,0.31,0.19,0.0,0.0,0.0,0.0,0.0,0.0,0.0,0.2,0.0,0.0,0.0,0.0,0.0,0.6,456.9052621107238,3.89053493491038e-05
0.3,0.0,0.43,0.16,0.0,0.0,0.2,0.0,0.0,0.0,0.0,0.21,0.0,0.0,0.0,0.0,0.0,0.0,0.0,0.2,294.4990414840051,2.221089038722546e-05
0.6,0.3,0.0,0.0,0.0,0.26,0.0,0.0,0.32,0.2,0.0,0.0,0.22,0.0,0.0,0.17,0.17,0.3399999999999999,0.32,0.3,405.84685341824854,3.79687111045047e-05
0.3,0.0,0.0,0.35,0.14,0.17,0.0,0.0,0.0,0.0,0.0,0.0,0.34,0.0,0.0,0.0,0.0,0.0,0.0,0.3,359.72494966264554,2.7351246021855716e-05
0.3,0.5,0.0,0.0,0.09,0.0,0.0,0.0,0.25,0.0,0.0,0.22,0.2,0.24,0.0,0.0,0.0,0.0,0.0,0.2,333.6469378811018,2.9153303686252283e-05
0.1,0.1,0.0,0.18,0.0,0.19,0.0,0.0,0.0,0.14,0.0,0.27,0.0,0.22,0.0,0.49,0.61,0.62,0.28,0.5,315.61397132576394,4.0078314518336104e-05
0.4,0.2,0.27,0.18,0.0,0.0,0.0,0.0,0.0,0.0,0.0,0.0,0.19,0.14,0.22,0.0,0.0,0.0,0.0,0.1,322.918687025765,1.790085351037861e-05
0.1,0.2,0.2,0.0,0.0,0.0,0.0,0.0,0.0,0.0,0.41,0.18,0.0,0.21,0.0,0.0,0.0,0.0,0.0,0.5,496.66717387340947,3.446588727623758e-05
0.3,0.0,0.0,0.0,0.0,0.0,0.22,0.0,0.26,0.19,0.0,0.15,0.18,0.0,0.0,0.0,0.0,0.0,0.0,0.2,209.14712769663484,2.7450719327270237e-05
0.5,0.5,0.0,0.0,0.0,0.21,0.22,0.0,0.24,0.0,0.0,0.14,0.19,0.0,0.0,0.0,0.0,0.0,0.0,0.3,265.011794820982,3.7249586957648374e-05
0.3,0.4,0.0,0.26,0.1,0.0,0.0,0.0,0.23,0.24,0.0,0.17,0.0,0.0,0.0,0.0,0.0,0.0,0.0,0.6,386.5281550288716,4.240998265636931e-05
0.2,0.5,0.1,0.22,0.24,0.2299999999999999,0.0,0.0,0.0,0.0,0.0,0.0,0.21,0.0,0.0,0.0,0.0,0.0,0.0,0.1,354.76517131109733,2.827132336295216e-05
0.2,0.4,0.0,0.0,0.0,0.23,0.19,0.0,0.0,0.2,0.0,0.0,0.18,0.0,0.2,0.0,0.0,0.0,0.0,0.5,295.2560055657659,3.3162771764446484e-05
0.3,0.2,0.0,0.0,0.0,0.26,0.0,0.0,0.32,0.0,0.26,0.16,0.0,0.0,0.0,0.0,0.0,0.0,0.0,0.2,387.8000476826181,3.801065425003665e-05
0.6,0.1,0.0,0.27,0.0,0.0,0.0,0.0,0.0,0.22,0.0,0.0,0.23,0.28,0.0,0.21,0.73,0.74,0.32,0.1,401.495588734774,3.256829532081561e-05
0.6,0.3,0.0,0.23,0.0,0.2,0.0,0.22,0.0,0.0,0.12,0.0,0.0,0.2299999999999999,0.0,0.3,0.1,0.28,0.32,0.7,461.3323730421185,3.610915622081383e-05
0.7,0.4,0.15,0.0,0.0,0.0,0.32,0.0,0.0,0.0,0.21,0.0,0.32,0.0,0.0,0.0,0.0,0.0,0.0,0.8,316.1067165693758,3.8513773046944785e-05
0.3,0.3,0.0,0.23,0.0,0.19,0.0,0.0,0.17,0.14,0.0,0.0,0.27,0.0,0.0,0.19,0.28,0.41,0.12,0.1,344.69646135539637,3.1254746576591383e-05
0.7,0.3,0.17,0.0,0.0,0.0,0.23,0.16,0.0,0.0,0.29,0.0,0.15,0.0,0.0,0.16,0.28,0.28,0.28,0.2,305.60732211417474,2.8659792466087897e-05
0.5,0.2,0.0,0.0,0.24,0.0,0.21,0.0,0.18,0.0,0.0,0.0,0.0,0.37,0.0,0.0,0.0,0.0,0.0,0.7,270.24408736614794,3.4313835398047764e-05
0.2,0.3,0.18,0.16,0.0,0.0,0.0,0.0,0.0,0.0,0.0,0.41,0.25,0.0,0.0,0.36,0.24,0.11,0.29,0.4,352.9259951132856,3.857940337579266e-05
0.7,0.4,0.13,0.15,0.0,0.0,0.24,0.34,0.0,0.0,0.0,0.0,0.14,0.0,0.0,0.0,0.0,0.0,0.0,0.8,344.33364910545407,3.7477758121850576e-05
0.4,0.0,0.0,0.25,0.0,0.18,0.3,0.0,0.0,0.0,0.1,0.0,0.0,0.0,0.17,0.0,0.0,0.0,0.0,0.2,260.8787791181512,3.150909874114413e-05
0.7,0.4,0.0,0.0,0.22,0.21,0.0,0.1,0.24,0.0,0.0,0.0,0.0,0.23,0.0,0.0,0.0,0.0,0.0,0.3,376.3367687334673,2.816755908324208e-05
0.3,0.5,0.28,0.0,0.0,0.0,0.0,0.0,0.0,0.0,0.16,0.0,0.29,0.27,0.0,0.0,0.0,0.0,0.0,0.3,377.30373040801635,2.5907996759884427e-05
0.1,0.2,0.19,0.0,0.34,0.33,0.0,0.0,0.0,0.14,0.0,0.0,0.0,0.0,0.0,0.0,0.0,0.0,0.0,0.5,316.351732838884,3.219005186396507e-05
0.4,0.3,0.0,0.0,0.0,0.18,0.0,0.0,0.0,0.28,0.12,0.0,0.12,0.0,0.3,0.34,0.18,0.1,0.38,0.2,387.24021466951416,3.275963420585752e-05
0.7,0.5,0.0,0.0,0.0,0.0,0.0,0.25,0.0,0.0,0.22,0.12,0.18,0.23,0.0,0.0,0.0,0.0,0.0,0.7,482.4816998525433,3.209216958175826e-05
0.3,0.0,0.31,0.0,0.0,0.15,0.0,0.0,0.2,0.0,0.0,0.0,0.0,0.34,0.0,0.0,0.0,0.0,0.0,0.7,312.74726079771295,2.614210532497452e-05
0.4,0.4,0.17,0.25,0.0,0.0,0.23,0.25,0.0,0.0,0.0,0.1,0.0,0.0,0.0,0.0,0.0,0.0,0.0,0.8,302.12907512655005,2.6936257984989153e-05
0.7,0.1,0.3,0.17,0.0,0.23,0.0,0.0,0.0,0.0,0.0,0.0,0.0,0.3,0.0,0.38,0.3,0.7,0.62,0.4,380.2038064505825,3.120502064616959e-05
0.4,0.4,0.27,0.0,0.0,0.0,0.22,0.0,0.25,0.0,0.0,0.0,0.0,0.0,0.26,0.0,0.0,0.0,0.0,0.1,244.8502986181426,2.0061645303902453e-05
0.6,0.4,0.24,0.26,0.0,0.0,0.0,0.0,0.0,0.0,0.0,0.24,0.26,0.0,0.0,0.0,0.0,0.0,0.0,0.2,372.34299671652457,3.7881431264925917e-05
0.7,0.1,0.0,0.36,0.0,0.0,0.0,0.0,0.26,0.16,0.0,0.22,0.0,0.0,0.0,0.67,0.58,0.36,0.39,0.6,406.1653846412463,3.3491189048507834e-05
0.3,0.3,0.27,0.0,0.0,0.11,0.26,0.0,0.0,0.0,0.0,0.0,0.1,0.26,0.0,0.23,0.16,0.13,0.48,0.1,252.33044808591737,1.9196161936763363e-05
0.1,0.5,0.26,0.0,0.11,0.0,0.0,0.0,0.29,0.0,0.0,0.2,0.0,0.0,0.14,0.0,0.0,0.0,0.0,0.1,272.12472978803606,2.7298917568916842e-05
0.7,0.0,0.18,0.0,0.0,0.0,0.0,0.0,0.18,0.24,0.0,0.4,0.0,0.0,0.0,0.0,0.0,0.0,0.0,0.7,349.4472247014163,3.8928214445621624e-05
0.7,0.5,0.0,0.23,0.13,0.14,0.0,0.0,0.3,0.0,0.0,0.0,0.0,0.2,0.0,0.0,0.0,0.0,0.0,0.2,351.28720713178035,3.667575166985566e-05
0.2,0.2,0.0,0.0,0.0,0.0,0.23,0.0,0.29,0.31,0.0,0.0,0.17,0.0,0.0,0.0,0.0,0.0,0.0,0.1,218.36093848284023,2.2977549626541874e-05
0.3,0.0,0.0,0.0,0.0,0.23,0.0,0.0,0.0,0.0,0.42,0.0,0.0,0.18,0.17,0.0,0.0,0.0,0.0,0.3,391.956899053176,3.428455106342489e-05
0.1,0.1,0.0,0.0,0.0,0.0,0.0,0.28,0.0,0.24,0.0,0.0,0.27,0.21,0.0,0.49,0.53,0.51,0.47,0.5,387.9513527714859,3.842486418908323e-05
0.6,0.0,0.16,0.0,0.0,0.18,0.0,0.23,0.18,0.0,0.0,0.25,0.0,0.0,0.0,0.0,0.0,0.0,0.0,0.7,411.859567494277,3.7384880859242684e-05
0.1,0.4,0.0,0.31,0.18,0.0,0.0,0.0,0.0,0.0,0.0,0.28,0.0,0.0,0.23,0.0,0.0,0.0,0.0,0.2,387.32839423300356,3.968230453714554e-05
0.6,0.3,0.32,0.0,0.0,0.0,0.0,0.2,0.0,0.0,0.0,0.23,0.0,0.25,0.0,0.26,0.13,0.38,0.23,0.1,368.6458587865212,3.0120090328210606e-05
0.6,0.4,0.0,0.0,0.17,0.0,0.15,0.0,0.26,0.0,0.0,0.0,0.15,0.0,0.27,0.0,0.0,0.0,0.0,0.8,289.1344956331364,3.64202947092129e-05
0.2,0.4,0.29,0.0,0.22,0.0,0.0,0.0,0.0,0.0,0.0,0.19,0.0,0.3,0.0,0.0,0.0,0.0,0.0,0.5,386.34757464138653,3.030810869758312e-05
0.6,0.2,0.0,0.0,0.21,0.0,0.0,0.0,0.0,0.25,0.19,0.0,0.0,0.15,0.2,0.0,0.0,0.0,0.0,0.8,511.0653815100729,3.1455457135584536e-05
0.5,0.0,0.0,0.0,0.0,0.21,0.0,0.26,0.0,0.0,0.14,0.0,0.0,0.19,0.2,0.0,0.0,0.0,0.0,0.2,427.35544356926624,3.002407037963817e-05
0.6,0.5,0.0,0.0,0.0,0.0,0.26,0.0,0.0,0.0,0.15,0.2,0.0,0.25,0.14,0.0,0.0,0.0,0.0,0.7,390.7725610753328,4.619716327328892e-05
0.4,0.5,0.17,0.0,0.0,0.0,0.18,0.0,0.0,0.26,0.0,0.0,0.19,0.0,0.2,0.0,0.0,0.0,0.0,0.8,284.812610168556,3.776613322269705e-05
0.6,0.4,0.0,0.0,0.0,0.0,0.15,0.2,0.0,0.21,0.17,0.0,0.0,0.27,0.0,0.0,0.0,0.0,0.0,0.7,433.1864922964703,3.3215734510357924e-05
0.4,0.1,0.0,0.17,0.24,0.2,0.0,0.0,0.2299999999999999,0.0,0.16,0.0,0.0,0.0,0.0,0.66,0.4,0.47,0.47,0.5,342.8021857028763,3.385192427844354e-05
0.5,0.5,0.0,0.0,0.33,0.0,0.2,0.0,0.23,0.24,0.0,0.0,0.0,0.0,0.0,0.0,0.0,0.0,0.0,0.6,318.4299385418612,4.6427984207296534e-05
0.6,0.4,0.18,0.0,0.0,0.0,0.0,0.0,0.0,0.0,0.14,0.0,0.0,0.35,0.33,0.0,0.0,0.0,0.0,0.2,368.6020475980991,2.7757317632663673e-05
0.6,0.3,0.0,0.0,0.0,0.14,0.22,0.21,0.26,0.0,0.0,0.0,0.0,0.0,0.17,0.32,0.21,0.34,0.13,0.2,289.68936262617075,3.3796284641868343e-05
0.7,0.5,0.28,0.0,0.29,0.0,0.0,0.0,0.0,0.0,0.17,0.0,0.26,0.0,0.0,0.0,0.0,0.0,0.0,0.6,435.1170774775399,3.1424053668700786e-05
0.2,0.3,0.0,0.2,0.2,0.0,0.0,0.0,0.21,0.0,0.39,0.0,0.0,0.0,0.0,0.36,0.1,0.36,0.18,0.3,471.6868341138247,3.3751836482634646e-05
0.4,0.1,0.0,0.0,0.0,0.0,0.23,0.22,0.35,0.0,0.0,0.0,0.2,0.0,0.0,0.21,0.38,0.79,0.62,0.8,318.65563651343285,4.677477114560282e-05
0.6,0.4,0.0,0.0,0.0,0.3,0.0,0.0,0.11,0.18,0.0,0.0,0.14,0.0,0.27,0.0,0.0,0.0,0.0,0.5,372.2555249734013,3.659119011698759e-05
0.4,0.2,0.22,0.0,0.0,0.0,0.0,0.22,0.24,0.0,0.0,0.32,0.0,0.0,0.0,0.0,0.0,0.0,0.0,0.4,324.56115937273455,3.361952909015232e-05
0.4,0.1,0.26,0.0,0.0,0.16,0.0,0.17,0.0,0.0,0.0,0.16,0.0,0.25,0.0,0.4,0.69,0.25,0.66,0.7,404.86703715190885,3.577365287773374e-05
0.2,0.4,0.13,0.27,0.0,0.25,0.11,0.0,0.0,0.24,0.0,0.0,0.0,0.0,0.0,0.0,0.0,0.0,0.0,0.6,343.23688398132373,3.404003913668146e-05
0.1,0.0,0.0,0.0,0.0,0.31,0.0,0.0,0.27,0.0,0.0,0.0,0.25,0.0,0.17,0.0,0.0,0.0,0.0,0.8,284.21622528185713,3.7751412437626727e-05
0.2,0.4,0.0,0.0,0.15,0.0,0.25,0.18,0.0,0.0,0.2,0.22,0.0,0.0,0.0,0.0,0.0,0.0,0.0,0.6,374.8171293931084,3.3320036871676434e-05
0.1,0.4,0.0,0.28,0.0,0.0,0.0,0.14,0.0,0.31,0.0,0.0,0.27,0.0,0.0,0.0,0.0,0.0,0.0,0.6,370.7896584823498,3.3716936838528954e-05
0.2,0.3,0.0,0.0,0.15,0.0,0.23,0.13,0.0,0.0,0.0,0.0,0.0,0.21,0.28,0.39,0.28,0.1,0.23,0.4,259.2484478255114,2.241255765013043e-05
0.2,0.5,0.0,0.0,0.0,0.0,0.0,0.27,0.0,0.0,0.0,0.32,0.0,0.2,0.21,0.0,0.0,0.0,0.0,0.1,284.377618592318,3.2787974916246836e-05
0.6,0.0,0.0,0.0,0.0,0.0,0.19,0.0,0.15,0.0,0.36,0.0,0.0,0.0,0.3,0.0,0.0,0.0,0.0,0.1,305.8026804309484,3.50792101472113e-05
0.2,0.3,0.0,0.23,0.2,0.0,0.21,0.0,0.0,0.0,0.0,0.21,0.15,0.0,0.0,0.24,0.27,0.31,0.18,0.4,314.82261469007796,2.7517090280296928e-05
0.7,0.4,0.0,0.0,0.24,0.0,0.14,0.0,0.25,0.0,0.0,0.0,0.21,0.16,0.0,0.0,0.0,0.0,0.0,0.4,284.792571636095,3.38449658373053e-05
0.2,0.4,0.0,0.15,0.0,0.0,0.0,0.0,0.0,0.31,0.0,0.36,0.0,0.18,0.0,0.0,0.0,0.0,0.0,0.3,348.0980355715467,4.660007997849249e-05
0.4,0.0,0.0,0.0,0.0,0.25,0.0,0.25,0.0,0.13,0.21,0.0,0.16,0.0,0.0,0.0,0.0,0.0,0.0,0.3,461.1250568106865,3.172651455549442e-05
0.5,0.1,0.0,0.0,0.0,0.24,0.0,0.0,0.0,0.24,0.12,0.12,0.0,0.0,0.2799999999999999,0.59,0.36,0.59,0.46,0.5,407.98618477248965,4.2810744366822146e-05
0.1,0.1,0.0,0.0,0.0,0.0,0.0,0.0,0.26,0.2,0.0,0.0,0.17,0.0,0.37,0.47,0.48,0.52,0.53,0.8,269.3616418644897,3.864279281557133e-05
0.7,0.5,0.0,0.35,0.0,0.0,0.0,0.17,0.22,0.0,0.0,0.0,0.0,0.26,0.0,0.0,0.0,0.0,0.0,0.8,412.3379438697742,3.5800500756002625e-05
0.3,0.2,0.0,0.0,0.0,0.17,0.0,0.0,0.25,0.0,0.0,0.3,0.0,0.0,0.28,0.0,0.0,0.0,0.0,0.3,282.66173419092,3.7475390265750776e-05
0.7,0.3,0.0,0.0,0.23,0.0,0.0,0.0,0.0,0.0,0.14,0.19,0.22,0.22,0.0,0.2,0.16,0.14,0.5,0.5,496.4345863920648,3.815007692151044e-05
0.3,0.1,0.0,0.29,0.0,0.0,0.27,0.0,0.0,0.0,0.0,0.0,0.32,0.12,0.0,0.6,0.25,0.67,0.48,0.8,288.816754293835,3.142154915119777e-05
0.6,0.2,0.0,0.21,0.0,0.0,0.0,0.0,0.0,0.32,0.23,0.24,0.0,0.0,0.0,0.0,0.0,0.0,0.0,0.1,427.47039876881075,4.61955356165619e-05
0.4,0.0,0.0,0.0,0.0,0.0,0.0,0.23,0.0,0.15,0.27,0.2,0.15,0.0,0.0,0.0,0.0,0.0,0.0,0.6,502.6149380581557,3.6287166225889403e-05
0.4,0.3,0.0,0.0,0.0,0.13,0.2,0.0,0.0,0.0,0.0,0.0,0.22,0.24,0.21,0.38,0.4,0.1,0.12,0.3,266.4555599144086,2.6468388620748694e-05
0.4,0.0,0.27,0.17,0.13,0.25,0.0,0.0,0.0,0.0,0.0,0.0,0.0,0.0,0.18,0.0,0.0,0.0,0.0,0.7,343.41953731669133,2.698079331489802e-05
0.6,0.2,0.0,0.25,0.0,0.13,0.2,0.0,0.26,0.0,0.0,0.0,0.16,0.0,0.0,0.0,0.0,0.0,0.0,0.6,312.65106626267544,3.1020431839294295e-05
0.1,0.1,0.2,0.0,0.0,0.0,0.18,0.0,0.0,0.18,0.0,0.14,0.0,0.0,0.3,0.41,0.62,0.5,0.47,0.7,240.9788807871913,3.733137708102292e-05
0.6,0.5,0.0,0.31,0.18,0.33,0.0,0.0,0.0,0.0,0.0,0.0,0.18,0.0,0.0,0.0,0.0,0.0,0.0,0.7,416.5639611478063,4.3212947500311655e-05
0.2,0.2,0.0,0.0,0.34,0.0,0.0,0.16,0.0,0.18,0.0,0.0,0.18,0.0,0.14,0.0,0.0,0.0,0.0,0.5,389.46350783297095,2.7063555263674922e-05
0.2,0.4,0.0,0.21,0.0,0.0,0.0,0.0,0.18,0.0,0.24,0.18,0.19,0.0,0.0,0.0,0.0,0.0,0.0,0.3,514.3820752233577,3.224887502702826e-05
0.4,0.1,0.0,0.0,0.0,0.15,0.0,0.33,0.0,0.0,0.15,0.37,0.0,0.0,0.0,0.47,0.35,0.29,0.89,0.6,496.7932832346595,5.138332435812451e-05
0.4,0.1,0.27,0.0,0.11,0.0,0.0,0.0,0.23,0.0,0.12,0.0,0.0,0.27,0.0,0.72,0.24,0.7,0.34,0.1,302.8355469615074,2.6621991667520688e-05
0.4,0.5,0.34,0.0,0.0,0.0,0.0,0.0,0.0,0.0,0.18,0.18,0.0,0.3,0.0,0.0,0.0,0.0,0.0,0.4,441.707560095995,3.345023318999946e-05
0.3,0.3,0.0,0.0,0.25,0.0,0.0,0.0,0.28,0.0,0.0,0.0,0.18,0.0,0.29,0.16,0.27,0.24,0.33,0.2,308.834389151022,2.8722812520408374e-05
0.1,0.1,0.0,0.0,0.0,0.0,0.0,0.0,0.17,0.12,0.14,0.0,0.24,0.0,0.33,0.21,0.29,0.96,0.54,0.2,359.5565041144173,3.127078628982863e-05
0.1,0.3,0.35,0.0,0.14,0.0,0.15,0.0,0.19,0.0,0.0,0.17,0.0,0.0,0.0,0.24,0.16,0.35,0.25,0.1,263.45403963130576,2.0341484878651594e-05
0.6,0.4,0.28,0.0,0.0,0.0,0.0,0.0,0.0,0.24,0.0,0.11,0.15,0.22,0.0,0.0,0.0,0.0,0.0,0.2,330.1156654125956,2.7846852596739798e-05
0.4,0.4,0.0,0.0,0.0,0.27,0.0,0.0,0.0,0.17,0.0,0.0,0.31,0.0,0.25,0.0,0.0,0.0,0.0,0.2,348.1713359189685,3.3484600936487475e-05
0.4,0.3,0.27,0.0,0.0,0.33,0.0,0.22,0.0,0.0,0.0,0.0,0.18,0.0,0.0,0.23,0.22,0.1,0.45,0.2,366.8489135728284,3.1547723975364686e-05
0.2,0.3,0.3,0.0,0.0,0.0,0.0,0.12,0.0,0.32,0.26,0.0,0.0,0.0,0.0,0.2,0.17,0.17,0.46,0.2,345.33472194715523,3.190610687124221e-05
0.1,0.1,0.22,0.0,0.0,0.0,0.21,0.0,0.39,0.0,0.0,0.0,0.0,0.0,0.18,0.38,0.36,0.49,0.77,0.3,259.26361508480824,3.18042374638014e-05
0.3,0.5,0.21,0.0,0.0,0.22,0.0,0.2,0.26,0.0,0.0,0.11,0.0,0.0,0.0,0.0,0.0,0.0,0.0,0.6,310.92851125629795,3.254372418367276e-05
0.6,0.4,0.21,0.0,0.0,0.26,0.16,0.0,0.0,0.23,0.0,0.0,0.0,0.0,0.14,0.0,0.0,0.0,0.0,0.3,277.95703070813283,3.2270010129803085e-05
0.2,0.2,0.0,0.2,0.0,0.0,0.0,0.24,0.0,0.26,0.0,0.14,0.0,0.16,0.0,0.0,0.0,0.0,0.0,0.4,399.52257105819245,3.614018293712126e-05
0.6,0.3,0.0,0.0,0.0,0.0,0.0,0.0,0.28,0.2799999999999999,0.0,0.0,0.23,0.0,0.21,0.44,0.11,0.33,0.12,0.3,412.1073675007138,3.22972420038855e-05
0.6,0.0,0.23,0.0,0.0,0.0,0.14,0.0,0.0,0.0,0.0,0.36,0.27,0.0,0.0,0.0,0.0,0.0,0.0,0.7,301.3970563841056,2.9929771759476795e-05
0.6,0.2,0.0,0.15,0.21,0.0,0.0,0.0,0.0,0.0,0.18,0.15,0.0,0.31,0.0,0.0,0.0,0.0,0.0,0.2,479.86699097530214,3.3936372534578234e-05
0.4,0.2,0.0,0.0,0.2,0.0,0.24,0.0,0.0,0.0,0.0,0.28,0.14,0.14,0.0,0.0,0.0,0.0,0.0,0.3,285.8199909773125,2.8832609313686143e-05
0.1,0.0,0.28,0.15,0.0,0.0,0.21,0.0,0.0,0.0,0.0,0.0,0.0,0.16,0.2,0.0,0.0,0.0,0.0,0.6,277.05562993277186,2.081459115550355e-05
0.3,0.5,0.16,0.0,0.0,0.0,0.0,0.21,0.0,0.0,0.0,0.29,0.0,0.34,0.0,0.0,0.0,0.0,0.0,0.2,321.23659137803674,3.081720695316695e-05
0.3,0.3,0.0,0.34,0.0,0.0,0.28,0.0,0.25,0.0,0.0,0.0,0.13,0.0,0.0,0.32,0.27,0.22,0.19,0.2,255.70878228637037,2.834009632037373e-05
0.4,0.0,0.0,0.29,0.0,0.0,0.0,0.28,0.0,0.0,0.0,0.14,0.14,0.15,0.0,0.0,0.0,0.0,0.0,0.3,459.8003217293782,2.8944397933994657e-05
0.2,0.0,0.0,0.0,0.0,0.0,0.0,0.18,0.19,0.0,0.0,0.0,0.35,0.28,0.0,0.0,0.0,0.0,0.0,0.7,336.38232510109134,2.9023220891391075e-05
0.1,0.3,0.0,0.0,0.21,0.0,0.26,0.25,0.0,0.14,0.14,0.0,0.0,0.0,0.0,0.35,0.12,0.36,0.17,0.3,269.4406950496403,2.6114398020236118e-05
0.6,0.0,0.18,0.0,0.32,0.0,0.0,0.19,0.0,0.0,0.0,0.31,0.0,0.0,0.0,0.0,0.0,0.0,0.0,0.7,365.4780556367753,3.7749883529255116e-05
0.6,0.4,0.0,0.23,0.0,0.0,0.0,0.0,0.0,0.0,0.35,0.29,0.0,0.0,0.13,0.0,0.0,0.0,0.0,0.3,609.7848058585708,4.9761916404387636e-05
0.7,0.1,0.0,0.18,0.2,0.0,0.0,0.0,0.0,0.0,0.15,0.0,0.22,0.0,0.25,0.56,0.44,0.34,0.66,0.1,360.55954971537125,3.0443972415395188e-05
0.5,0.1,0.0,0.0,0.19,0.0,0.0,0.0,0.0,0.0,0.0,0.0,0.24,0.29,0.28,0.33,0.55,0.55,0.57,0.4,341.25346621610277,2.950258899351413e-05
0.1,0.1,0.0,0.25,0.0,0.0,0.0,0.23,0.0,0.0,0.0,0.24,0.0,0.0,0.28,0.36,0.47,0.62,0.55,0.4,342.2105572313938,3.9467667153374436e-05
0.5,0.2,0.0,0.0,0.23,0.26,0.21,0.0,0.0,0.0,0.0,0.0,0.19,0.11,0.0,0.0,0.0,0.0,0.0,0.3,266.35101683428627,3.384688127886148e-05
0.1,0.0,0.18,0.0,0.0,0.0,0.0,0.0,0.45,0.0,0.0,0.2,0.0,0.17,0.0,0.0,0.0,0.0,0.0,0.1,243.81303992135986,2.816568924564817e-05
0.3,0.0,0.0,0.0,0.0,0.2,0.0,0.0,0.23,0.0,0.0,0.32,0.0,0.0,0.25,0.0,0.0,0.0,0.0,0.2,254.92633327074512,3.2716922208827915e-05
0.6,0.3,0.0,0.25,0.0,0.0,0.0,0.22,0.22,0.31,0.0,0.0,0.0,0.0,0.0,0.32,0.3,0.19,0.19,0.7,495.07752346764306,3.6493670693469835e-05
0.3,0.4,0.0,0.22,0.31,0.0,0.0,0.16,0.0,0.0,0.31,0.0,0.0,0.0,0.0,0.0,0.0,0.0,0.0,0.2,478.3326250365549,3.3122517796193576e-05
0.5,0.1,0.35,0.0,0.0,0.14,0.0,0.0,0.0,0.0,0.14,0.0,0.0,0.2,0.17,0.6,0.23,0.34,0.83,0.2,342.01226112731473,2.7595730501598023e-05
0.6,0.0,0.0,0.11,0.0,0.23,0.0,0.0,0.0,0.25,0.13,0.28,0.0,0.0,0.0,0.0,0.0,0.0,0.0,0.4,407.9777617318754,4.6160495391998594e-05
0.4,0.5,0.19,0.0,0.0,0.0,0.0,0.32,0.0,0.19,0.0,0.0,0.3,0.0,0.0,0.0,0.0,0.0,0.0,0.4,369.0827516332136,3.226909373348895e-05
0.7,0.0,0.19,0.0,0.1,0.0,0.0,0.19,0.0,0.0,0.0,0.0,0.26,0.0,0.26,0.0,0.0,0.0,0.0,0.2,389.33313064260597,2.6490056839849527e-05
0.5,0.1,0.2,0.0,0.0,0.2299999999999999,0.0,0.16,0.18,0.0,0.0,0.0,0.23,0.0,0.0,0.54,0.44,0.56,0.46,0.6,408.1484057715185,3.567177239586943e-05
0.4,0.4,0.0,0.0,0.0,0.22,0.16,0.36,0.0,0.0,0.0,0.26,0.0,0.0,0.0,0.0,0.0,0.0,0.0,0.7,341.2644767947279,4.146664447255052e-05
0.7,0.0,0.0,0.0,0.0,0.19,0.0,0.0,0.0,0.23,0.12,0.14,0.0,0.32,0.0,0.0,0.0,0.0,0.0,0.3,400.2175557984307,3.680202847908926e-05
0.4,0.2,0.23,0.0,0.22,0.15,0.0,0.0,0.19,0.0,0.21,0.0,0.0,0.0,0.0,0.0,0.0,0.0,0.0,0.3,353.2838828444885,2.7955756676317672e-05
0.3,0.5,0.17,0.0,0.0,0.2,0.19,0.0,0.0,0.0,0.0,0.22,0.22,0.0,0.0,0.0,0.0,0.0,0.0,0.6,310.23031216342224,3.4212174449224045e-05
0.7,0.3,0.15,0.0,0.11,0.0,0.0,0.0,0.0,0.0,0.27,0.23,0.0,0.24,0.0,0.12,0.28,0.2,0.3999999999999999,0.5,533.5901426031184,4.271621421394568e-05
0.3,0.5,0.0,0.0,0.0,0.18,0.18,0.0,0.0,0.0,0.0,0.0,0.31,0.33,0.0,0.0,0.0,0.0,0.0,0.4,311.5126827315122,2.607720537733151e-05
0.6,0.3,0.23,0.0,0.0,0.28,0.0,0.27,0.0,0.0,0.0,0.0,0.0,0.22,0.0,0.17,0.22,0.31,0.3,0.7,421.2869517031044,3.9324061558453395e-05
0.4,0.3,0.0,0.39,0.0,0.0,0.17,0.0,0.0,0.0,0.0,0.24,0.2,0.0,0.0,0.16,0.36,0.31,0.17,0.8,356.36490561355293,4.1782266664989685e-05
0.2,0.1,0.0,0.0,0.0,0.24,0.13,0.0,0.0,0.0,0.23,0.18,0.22,0.0,0.0,0.33,0.56,0.39,0.72,0.7,385.5549166361639,3.469904695373087e-05
0.4,0.2,0.14,0.0,0.0,0.0,0.22,0.0,0.28,0.0,0.0,0.19,0.0,0.0,0.17,0.0,0.0,0.0,0.0,0.2,237.38562583145585,2.3497540224188794e-05
0.3,0.1,0.19,0.0,0.0,0.0,0.0,0.0,0.17,0.24,0.0,0.0,0.0,0.12,0.28,0.54,0.22,0.88,0.36,0.2,316.3895475720499,3.3046526812768974e-05
0.2,0.5,0.21,0.0,0.0,0.23,0.0,0.0,0.13,0.0,0.26,0.0,0.0,0.17,0.0,0.0,0.0,0.0,0.0,0.1,348.8513307469814,3.0505010128214128e-05
0.2,0.2,0.0,0.0,0.0,0.0,0.18,0.15,0.28,0.0,0.0,0.0,0.0,0.0,0.39,0.0,0.0,0.0,0.0,0.8,248.70886714716926,2.586556087393356e-05
0.3,0.0,0.25,0.16,0.0,0.0,0.0,0.0,0.0,0.38,0.0,0.0,0.0,0.0,0.21,0.0,0.0,0.0,0.0,0.2,308.9603468453057,3.345227056955585e-05
0.7,0.5,0.21,0.13,0.0,0.0,0.16,0.22,0.0,0.0,0.0,0.0,0.0,0.28,0.0,0.0,0.0,0.0,0.0,0.2,298.15322711795574,2.3731825019307547e-05
0.7,0.5,0.29,0.28,0.0,0.0,0.0,0.29,0.0,0.0,0.0,0.0,0.0,0.14,0.0,0.0,0.0,0.0,0.0,0.8,400.7987040391244,3.6558627285445414e-05
0.5,0.2,0.0,0.0,0.0,0.0,0.22,0.0,0.19,0.0,0.25,0.0,0.0,0.34,0.0,0.0,0.0,0.0,0.0,0.3,316.10230296679447,3.561365654057949e-05
0.3,0.0,0.0,0.0,0.24,0.0,0.24,0.0,0.27,0.0,0.0,0.0,0.0,0.25,0.0,0.0,0.0,0.0,0.0,0.6,226.74742769047643,3.1158922875680026e-05
0.3,0.2,0.0,0.33,0.0,0.0,0.0,0.26,0.0,0.0,0.0,0.17,0.0,0.0,0.24,0.0,0.0,0.0,0.0,0.6,395.5447747566583,3.094860756527898e-05
0.5,0.5,0.21,0.0,0.0,0.17,0.28,0.16,0.18,0.0,0.0,0.0,0.0,0.0,0.0,0.0,0.0,0.0,0.0,0.1,251.4991498096712,2.5098499684253822e-05
0.2,0.5,0.0,0.0,0.29,0.26,0.0,0.0,0.0,0.0,0.24,0.0,0.0,0.0,0.21,0.0,0.0,0.0,0.0,0.1,415.7842371032663,3.397564423494844e-05
0.6,0.2,0.15,0.27,0.0,0.0,0.0,0.0,0.0,0.0,0.0,0.0,0.22,0.0,0.36,0.0,0.0,0.0,0.0,0.3,353.1857170481179,2.321356638367414e-05
0.5,0.0,0.17,0.0,0.24,0.0,0.0,0.0,0.19,0.23,0.17,0.0,0.0,0.0,0.0,0.0,0.0,0.0,0.0,0.4,407.0999212468866,2.5375950364990606e-05
0.3,0.3,0.0,0.0,0.22,0.0,0.42,0.0,0.0,0.0,0.15,0.0,0.0,0.0,0.21,0.44,0.3,0.14,0.12,0.7,285.9037951133149,3.587628878913435e-05
0.1,0.5,0.0,0.0,0.0,0.0,0.32,0.0,0.0,0.0,0.21,0.18,0.29,0.0,0.0,0.0,0.0,0.0,0.0,0.5,371.3206080098718,3.924091958635633e-05
0.6,0.2,0.18,0.0,0.25,0.0,0.0,0.0,0.0,0.0,0.36,0.0,0.0,0.0,0.21,0.0,0.0,0.0,0.0,0.7,463.0711678589932,3.521440529736742e-05
0.2,0.2,0.3,0.0,0.0,0.0,0.26,0.0,0.0,0.0,0.15,0.0,0.29,0.0,0.0,0.0,0.0,0.0,0.0,0.2,286.35243176196025,1.950596061674176e-05
0.4,0.5,0.0,0.22,0.14,0.0,0.22,0.0,0.23,0.0,0.0,0.19,0.0,0.0,0.0,0.0,0.0,0.0,0.0,0.7,322.13453070227945,4.3457571371822144e-05
0.3,0.0,0.25,0.0,0.29,0.0,0.22,0.24,0.0,0.0,0.0,0.0,0.0,0.0,0.0,0.0,0.0,0.0,0.0,0.1,254.85284003548588,2.2313093742678253e-05
